key,arm,half,ik_index,requested_mode,used_mode,point_in_danger,success,best_cost,x,y,z,is_best_success_for_key_arm,figure_relpath
-0.050_-0.300_0.560,L,lower,0,auto,free,True,True,3.1335070054562983,-0.05,-0.3,0.56,False,
-0.050_-0.300_0.560,L,lower,1,auto,free,True,True,2.822233982864452,-0.05,-0.3,0.56,False,
-0.050_-0.300_0.560,L,lower,2,auto,free,True,True,2.9765231746602954,-0.05,-0.3,0.56,False,
-0.050_-0.300_0.560,L,lower,3,auto,free,True,True,2.1664689276342903,-0.05,-0.3,0.56,False,
-0.050_-0.300_0.560,L,lower,4,auto,free,True,True,3.183355749291148,-0.05,-0.3,0.56,False,
-0.050_-0.300_0.560,L,lower,5,auto,free,True,True,2.8846605637959786,-0.05,-0.3,0.56,False,
-0.050_-0.300_0.560,L,lower,6,auto,free,True,True,2.260929766582481,-0.05,-0.3,0.56,False,
-0.050_-0.300_0.560,L,lower,7,auto,free,True,True,2.7871552566431737,-0.05,-0.3,0.56,False,
-0.050_-0.300_0.560,L,lower,8,auto,free,True,True,2.4690677462816146,-0.05,-0.3,0.56,False,
-0.050_-0.300_0.560,L,lower,9,auto,free,True,True,2.526847565395653,-0.05,-0.3,0.56,False,
-0.050_-0.300_0.560,L,lower,10,auto,free,True,True,2.9068425576540706,-0.05,-0.3,0.56,False,
-0.050_-0.300_0.560,L,lower,11,auto,free,True,True,2.4966218120377994,-0.05,-0.3,0.56,False,
-0.050_-0.300_0.560,L,lower,12,auto,free,True,True,3.007113648366898,-0.05,-0.3,0.56,False,
-0.050_-0.300_0.560,L,lower,13,auto,free,True,True,3.5345160697868847,-0.05,-0.3,0.56,False,
-0.050_-0.300_0.560,L,lower,14,auto,free,True,True,2.9973264749957167,-0.05,-0.3,0.56,False,
-0.050_-0.300_0.560,L,lower,15,auto,free,True,True,2.967408419373965,-0.05,-0.3,0.56,False,
-0.050_-0.300_0.560,L,lower,16,auto,free,True,True,2.6845459048151694,-0.05,-0.3,0.56,False,
-0.050_-0.300_0.560,L,lower,17,auto,free,True,True,3.641140066737255,-0.05,-0.3,0.56,False,
-0.050_-0.300_0.560,L,lower,18,auto,free,True,True,2.9111113266582715,-0.05,-0.3,0.56,False,
-0.050_-0.300_0.560,L,lower,19,auto,free,True,True,2.890391898143463,-0.05,-0.3,0.56,False,
-0.050_-0.300_0.560,L,lower,20,auto,free,True,True,3.623081587384547,-0.05,-0.3,0.56,False,
-0.050_-0.300_0.560,L,lower,21,auto,free,True,True,3.064003156188918,-0.05,-0.3,0.56,False,
-0.050_-0.300_0.560,L,lower,22,auto,free,True,True,3.0311244437896514,-0.05,-0.3,0.56,False,
-0.050_-0.300_0.560,L,lower,23,auto,free,True,True,3.2861137908794893,-0.05,-0.3,0.56,False,
-0.050_-0.300_0.560,L,lower,24,auto,free,True,True,2.2120336116861647,-0.05,-0.3,0.56,False,
-0.050_-0.300_0.560,L,lower,25,auto,free,True,True,2.5086245921900794,-0.05,-0.3,0.56,False,
-0.050_-0.300_0.560,L,lower,26,auto,free,True,True,2.6862025614105836,-0.05,-0.3,0.56,False,
-0.050_-0.300_0.560,L,lower,27,auto,free,True,True,3.0438688277737054,-0.05,-0.3,0.56,False,
-0.050_-0.300_0.560,L,lower,28,auto,free,True,True,1.4213251568231584,-0.05,-0.3,0.56,True,figures/-0p050_-0p300_0p560_L_ik28_free_BEST.png
-0.050_-0.300_0.560,L,lower,29,auto,free,True,True,2.6513231774273103,-0.05,-0.3,0.56,False,
-0.050_-0.300_0.560,L,lower,30,auto,free,True,True,2.7336832013092884,-0.05,-0.3,0.56,False,
-0.050_-0.300_0.560,L,lower,31,auto,free,True,True,2.0674862350074688,-0.05,-0.3,0.56,False,
-0.050_-0.300_0.560,L,lower,32,auto,free,True,True,1.747982779404789,-0.05,-0.3,0.56,False,
-0.050_-0.300_0.560,R,lower,0,auto,free,True,True,1.5311916632122038,-0.05,-0.3,0.56,False,
-0.050_-0.300_0.560,R,lower,1,auto,free,True,True,1.4998352876549457,-0.05,-0.3,0.56,False,
-0.050_-0.300_0.560,R,lower,2,auto,free,True,True,0.7720657101315165,-0.05,-0.3,0.56,False,
-0.050_-0.300_0.560,R,lower,3,auto,free,True,True,0.3764912173726944,-0.05,-0.3,0.56,True,figures/-0p050_-0p300_0p560_R_ik3_free_BEST.png
-0.050_-0.300_0.560,R,lower,4,auto,free,True,True,2.445212824752244,-0.05,-0.3,0.56,False,
-0.050_-0.300_0.560,R,lower,5,auto,free,True,True,0.6544449555630232,-0.05,-0.3,0.56,False,
-0.050_-0.300_0.560,R,lower,6,auto,free,True,True,0.5740744478554567,-0.05,-0.3,0.56,False,
-0.050_-0.300_0.560,R,lower,7,auto,free,True,True,2.179261832659929,-0.05,-0.3,0.56,False,
-0.050_-0.300_0.560,R,lower,8,auto,free,True,True,2.197855983044223,-0.05,-0.3,0.56,False,
-0.050_-0.300_0.560,R,lower,9,auto,free,True,True,0.8464895549017903,-0.05,-0.3,0.56,False,
-0.050_-0.300_0.560,R,lower,10,auto,free,True,True,1.200851761605987,-0.05,-0.3,0.56,False,
-0.050_-0.300_0.560,R,lower,11,auto,free,True,True,2.588417398122508,-0.05,-0.3,0.56,False,
-0.050_-0.300_0.560,R,lower,12,auto,free,True,True,1.190480720252424,-0.05,-0.3,0.56,False,
-0.050_-0.300_0.560,R,lower,13,auto,free,True,True,2.3969206858467524,-0.05,-0.3,0.56,False,
-0.050_-0.300_0.560,R,lower,14,auto,free,True,True,2.5208800791581956,-0.05,-0.3,0.56,False,
-0.050_-0.300_0.560,R,lower,15,auto,free,True,True,1.6031986855320595,-0.05,-0.3,0.56,False,
-0.050_-0.300_0.560,R,lower,16,auto,free,True,True,2.751195989496028,-0.05,-0.3,0.56,False,
-0.050_-0.300_0.560,R,lower,17,auto,free,True,True,2.402462575232586,-0.05,-0.3,0.56,False,
-0.050_-0.300_0.560,R,lower,18,auto,free,True,True,2.073461712983933,-0.05,-0.3,0.56,False,
-0.050_-0.300_0.560,R,lower,19,auto,free,True,True,2.817772002269351,-0.05,-0.3,0.56,False,
-0.050_-0.300_0.560,R,lower,20,auto,free,True,True,1.8918239642384127,-0.05,-0.3,0.56,False,
-0.050_-0.300_0.560,R,lower,21,auto,free,True,True,2.8568276308213365,-0.05,-0.3,0.56,False,
-0.050_-0.300_0.560,R,lower,22,auto,free,True,True,2.6224817624708323,-0.05,-0.3,0.56,False,
-0.050_-0.300_0.560,R,lower,23,auto,free,True,True,2.8173041366021003,-0.05,-0.3,0.56,False,
-0.050_-0.350_0.560,L,lower,0,auto,free,True,True,2.512002177664683,-0.05,-0.35,0.56,False,
-0.050_-0.350_0.560,L,lower,1,auto,free,True,True,2.1761511730824137,-0.05,-0.35,0.56,False,
-0.050_-0.350_0.560,L,lower,2,auto,free,True,True,3.0080332391633933,-0.05,-0.35,0.56,False,
-0.050_-0.350_0.560,L,lower,3,auto,free,True,True,2.711604618166347,-0.05,-0.35,0.56,False,
-0.050_-0.350_0.560,L,lower,4,auto,free,True,True,2.2325057757050764,-0.05,-0.35,0.56,False,
-0.050_-0.350_0.560,L,lower,5,auto,free,True,True,3.188719185598601,-0.05,-0.35,0.56,False,
-0.050_-0.350_0.560,L,lower,6,auto,free,True,True,2.8809440294146764,-0.05,-0.35,0.56,False,
-0.050_-0.350_0.560,L,lower,7,auto,free,True,True,2.5934830734586907,-0.05,-0.35,0.56,False,
-0.050_-0.350_0.560,L,lower,8,auto,free,True,True,2.3965863707916912,-0.05,-0.35,0.56,False,
-0.050_-0.350_0.560,L,lower,9,auto,free,True,True,2.464738137364569,-0.05,-0.35,0.56,False,
-0.050_-0.350_0.560,L,lower,10,auto,free,True,True,3.5342110006525127,-0.05,-0.35,0.56,False,
-0.050_-0.350_0.560,L,lower,11,auto,free,True,True,3.9388475960229146,-0.05,-0.35,0.56,False,
-0.050_-0.350_0.560,L,lower,12,auto,free,True,True,2.5036288550032726,-0.05,-0.35,0.56,False,
-0.050_-0.350_0.560,L,lower,13,auto,free,True,True,3.342281925207031,-0.05,-0.35,0.56,False,
-0.050_-0.350_0.560,L,lower,14,auto,free,True,True,2.777393474605537,-0.05,-0.35,0.56,False,
-0.050_-0.350_0.560,L,lower,15,auto,free,True,True,2.6162073733946665,-0.05,-0.35,0.56,False,
-0.050_-0.350_0.560,L,lower,16,auto,free,True,True,2.8681830605010132,-0.05,-0.35,0.56,False,
-0.050_-0.350_0.560,L,lower,17,auto,free,True,True,3.301410647765471,-0.05,-0.35,0.56,False,
-0.050_-0.350_0.560,L,lower,18,auto,free,True,True,2.9676103025336547,-0.05,-0.35,0.56,False,
-0.050_-0.350_0.560,L,lower,19,auto,free,True,True,3.0,-0.05,-0.35,0.56,False,
-0.050_-0.350_0.560,L,lower,20,auto,free,True,True,3.1243251656957214,-0.05,-0.35,0.56,False,
-0.050_-0.350_0.560,L,lower,21,auto,free,True,True,2.380093869366937,-0.05,-0.35,0.56,False,
-0.050_-0.350_0.560,L,lower,22,auto,free,True,True,2.1174296593162354,-0.05,-0.35,0.56,False,
-0.050_-0.350_0.560,L,lower,23,auto,free,True,True,2.044374718505021,-0.05,-0.35,0.56,False,
-0.050_-0.350_0.560,L,lower,24,auto,free,True,True,1.8783612327714245,-0.05,-0.35,0.56,True,figures/-0p050_-0p350_0p560_L_ik24_free_BEST.png
-0.050_-0.350_0.560,L,lower,25,auto,free,True,True,2.6380243391078992,-0.05,-0.35,0.56,False,
-0.050_-0.350_0.560,L,lower,26,auto,free,True,True,2.0036640921551,-0.05,-0.35,0.56,False,
-0.050_-0.350_0.560,L,lower,27,auto,free,True,True,3.0603914128857426,-0.05,-0.35,0.56,False,
-0.050_-0.350_0.560,L,lower,28,auto,free,True,True,1.9864883397915312,-0.05,-0.35,0.56,False,
-0.050_-0.350_0.560,L,lower,29,auto,free,True,True,2.861742783953296,-0.05,-0.35,0.56,False,
-0.050_-0.350_0.560,R,lower,0,auto,free,True,True,1.1811865651145277,-0.05,-0.35,0.56,False,
-0.050_-0.350_0.560,R,lower,1,auto,free,True,True,1.1499967087664884,-0.05,-0.35,0.56,False,
-0.050_-0.350_0.560,R,lower,2,auto,free,True,True,0.9251540168766108,-0.05,-0.35,0.56,False,
-0.050_-0.350_0.560,R,lower,3,auto,free,True,True,0.6093259093214343,-0.05,-0.35,0.56,False,
-0.050_-0.350_0.560,R,lower,4,auto,free,True,True,1.9668296269537442,-0.05,-0.35,0.56,False,
-0.050_-0.350_0.560,R,lower,5,auto,free,True,True,1.6311978414837527,-0.05,-0.35,0.56,False,
-0.050_-0.350_0.560,R,lower,6,auto,free,True,True,0.5710529622892904,-0.05,-0.35,0.56,True,figures/-0p050_-0p350_0p560_R_ik6_free_BEST.png
-0.050_-0.350_0.560,R,lower,7,auto,free,True,True,1.031378700788761,-0.05,-0.35,0.56,False,
-0.050_-0.350_0.560,R,lower,8,auto,free,True,True,2.1941401664026863,-0.05,-0.35,0.56,False,
-0.050_-0.350_0.560,R,lower,9,auto,free,True,True,0.843652392365517,-0.05,-0.35,0.56,False,
-0.050_-0.350_0.560,R,lower,10,auto,free,True,True,1.69485285581501,-0.05,-0.35,0.56,False,
-0.050_-0.350_0.560,R,lower,11,auto,free,True,True,1.4983295337225748,-0.05,-0.35,0.56,False,
-0.050_-0.350_0.560,R,lower,12,auto,free,True,True,1.1861096677770084,-0.05,-0.35,0.56,False,
-0.050_-0.350_0.560,R,lower,13,auto,free,True,True,2.3938233789586767,-0.05,-0.35,0.56,False,
-0.050_-0.350_0.560,R,lower,14,auto,free,True,True,1.9582664521332298,-0.05,-0.35,0.56,False,
-0.050_-0.350_0.560,R,lower,15,auto,free,True,True,1.5984928112181922,-0.05,-0.35,0.56,False,
-0.050_-0.350_0.560,R,lower,16,auto,free,True,True,1.6309510773470997,-0.05,-0.35,0.56,False,
-0.050_-0.350_0.560,R,lower,17,auto,free,True,True,2.0114455373371944,-0.05,-0.35,0.56,False,
-0.050_-0.350_0.560,R,lower,18,auto,free,True,True,2.091329669183183,-0.05,-0.35,0.56,False,
-0.050_-0.350_0.560,R,lower,19,auto,free,True,True,2.3345492147914833,-0.05,-0.35,0.56,False,
-0.050_-0.350_0.560,R,lower,20,auto,free,True,True,1.9028313665646923,-0.05,-0.35,0.56,False,
-0.050_-0.400_0.560,L,lower,0,auto,free,True,True,1.6432610160366274,-0.05,-0.4,0.56,True,figures/-0p050_-0p400_0p560_L_ik0_free_BEST.png
-0.050_-0.400_0.560,L,lower,1,auto,free,True,True,2.1470004971719896,-0.05,-0.4,0.56,False,
-0.050_-0.400_0.560,L,lower,2,auto,free,True,True,3.0101592777148607,-0.05,-0.4,0.56,False,
-0.050_-0.400_0.560,L,lower,3,auto,free,True,True,2.388897301309465,-0.05,-0.4,0.56,False,
-0.050_-0.400_0.560,L,lower,4,auto,free,True,True,2.46311500399396,-0.05,-0.4,0.56,False,
-0.050_-0.400_0.560,L,lower,5,auto,free,True,True,3.128072168863848,-0.05,-0.4,0.56,False,
-0.050_-0.400_0.560,L,lower,6,auto,free,True,True,2.315822074744913,-0.05,-0.4,0.56,False,
-0.050_-0.400_0.560,L,lower,7,auto,free,True,True,2.6597092961135367,-0.05,-0.4,0.56,False,
-0.050_-0.400_0.560,L,lower,8,auto,free,True,True,3.3656576014962756,-0.05,-0.4,0.56,False,
-0.050_-0.400_0.560,L,lower,9,auto,free,True,True,2.28604286406827,-0.05,-0.4,0.56,False,
-0.050_-0.400_0.560,L,lower,10,auto,free,True,True,3.4991394065280232,-0.05,-0.4,0.56,False,
-0.050_-0.400_0.560,L,lower,11,auto,free,True,True,2.85472431623592,-0.05,-0.4,0.56,False,
-0.050_-0.400_0.560,L,lower,12,auto,free,True,True,3.0128580293450495,-0.05,-0.4,0.56,False,
-0.050_-0.400_0.560,L,lower,13,auto,free,True,True,3.307424548295389,-0.05,-0.4,0.56,False,
-0.050_-0.400_0.560,L,lower,14,auto,free,True,True,3.8347479034679868,-0.05,-0.4,0.56,False,
-0.050_-0.400_0.560,L,lower,15,auto,free,True,True,2.859479894129737,-0.05,-0.4,0.56,False,
-0.050_-0.400_0.560,L,lower,16,auto,free,True,True,2.975330046088942,-0.05,-0.4,0.56,False,
-0.050_-0.400_0.560,L,lower,17,auto,free,True,True,3.3845029154843083,-0.05,-0.4,0.56,False,
-0.050_-0.400_0.560,L,lower,18,auto,free,True,True,2.9587428718227926,-0.05,-0.4,0.56,False,
-0.050_-0.400_0.560,L,lower,19,auto,free,True,True,2.679662433588593,-0.05,-0.4,0.56,False,
-0.050_-0.400_0.560,L,lower,20,auto,free,True,True,2.197266657384131,-0.05,-0.4,0.56,False,
-0.050_-0.400_0.560,L,lower,21,auto,free,True,True,2.3110793921124966,-0.05,-0.4,0.56,False,
-0.050_-0.400_0.560,L,lower,22,auto,free,True,True,2.427065816090236,-0.05,-0.4,0.56,False,
-0.050_-0.400_0.560,L,lower,23,auto,free,True,True,2.866853398520892,-0.05,-0.4,0.56,False,
-0.050_-0.400_0.560,R,lower,0,auto,free,True,True,0.827896335368431,-0.05,-0.4,0.56,False,
-0.050_-0.400_0.560,R,lower,1,auto,free,True,True,0.8449069221436913,-0.05,-0.4,0.56,False,
-0.050_-0.400_0.560,R,lower,2,auto,free,True,True,1.400352557471538,-0.05,-0.4,0.56,False,
-0.050_-0.400_0.560,R,lower,3,auto,free,True,True,0.5680343568048762,-0.05,-0.4,0.56,True,figures/-0p050_-0p400_0p560_R_ik3_free_BEST.png
-0.050_-0.400_0.560,R,lower,4,auto,free,True,True,0.6480588608702318,-0.05,-0.4,0.56,False,
-0.050_-0.400_0.560,R,lower,5,auto,free,True,True,1.8746187175683757,-0.05,-0.4,0.56,False,
-0.050_-0.400_0.560,R,lower,6,auto,free,True,True,0.8046968860628434,-0.05,-0.4,0.56,False,
-0.050_-0.400_0.560,R,lower,7,auto,free,True,True,2.4449752911207026,-0.05,-0.4,0.56,False,
-0.050_-0.400_0.560,R,lower,8,auto,free,True,True,1.347068026761088,-0.05,-0.4,0.56,False,
-0.050_-0.400_0.560,R,lower,9,auto,free,True,True,1.324046513503995,-0.05,-0.4,0.56,False,
-0.050_-0.400_0.560,R,lower,10,auto,free,True,True,2.276018092220254,-0.05,-0.4,0.56,False,
-0.050_-0.400_0.560,R,lower,11,auto,free,True,True,0.9453333811135296,-0.05,-0.4,0.56,False,
-0.050_-0.400_0.560,R,lower,12,auto,free,True,True,1.5478626526748394,-0.05,-0.4,0.56,False,
-0.050_-0.400_0.560,R,lower,13,auto,free,True,True,1.8235481572449568,-0.05,-0.4,0.56,False,
-0.050_-0.400_0.560,R,lower,14,auto,free,True,True,1.613380487319687,-0.05,-0.4,0.56,False,
-0.050_-0.400_0.560,R,lower,15,auto,free,True,True,2.0874722468399303,-0.05,-0.4,0.56,False,
-0.050_-0.400_0.560,R,lower,16,auto,free,True,True,2.0225350456469684,-0.05,-0.4,0.56,False,
-0.050_-0.400_0.560,R,lower,17,auto,free,True,True,1.724424388636989,-0.05,-0.4,0.56,False,
-0.050_-0.450_0.560,L,lower,0,auto,free,True,True,2.0710394368094565,-0.05,-0.45,0.56,True,figures/-0p050_-0p450_0p560_L_ik0_free_BEST.png
-0.050_-0.450_0.560,L,lower,1,auto,free,True,True,2.4822424516346944,-0.05,-0.45,0.56,False,
-0.050_-0.450_0.560,L,lower,2,auto,free,True,True,2.9008948658695823,-0.05,-0.45,0.56,False,
-0.050_-0.450_0.560,L,lower,3,auto,free,True,True,2.6643726867327575,-0.05,-0.45,0.56,False,
-0.050_-0.450_0.560,L,lower,4,auto,free,True,True,2.0839097848297383,-0.05,-0.45,0.56,False,
-0.050_-0.450_0.560,L,lower,5,auto,free,True,True,2.552213581816064,-0.05,-0.45,0.56,False,
-0.050_-0.450_0.560,L,lower,6,auto,free,True,True,2.3882312294067054,-0.05,-0.45,0.56,False,
-0.050_-0.450_0.560,L,lower,7,auto,free,True,True,2.6885248844632494,-0.05,-0.45,0.56,False,
-0.050_-0.450_0.560,L,lower,8,auto,free,True,True,2.907061330690179,-0.05,-0.45,0.56,False,
-0.050_-0.450_0.560,L,lower,9,auto,free,True,True,2.418639901103065,-0.05,-0.45,0.56,False,
-0.050_-0.450_0.560,L,lower,10,auto,free,True,True,3.305650784119069,-0.05,-0.45,0.56,False,
-0.050_-0.450_0.560,L,lower,11,auto,free,True,True,2.912164902537131,-0.05,-0.45,0.56,False,
-0.050_-0.450_0.560,L,lower,12,auto,free,True,True,3.0466698073508196,-0.05,-0.45,0.56,False,
-0.050_-0.450_0.560,L,lower,13,auto,free,True,True,2.9617791108757547,-0.05,-0.45,0.56,False,
-0.050_-0.450_0.560,L,lower,14,auto,free,True,True,3.0729059484483603,-0.05,-0.45,0.56,False,
-0.050_-0.450_0.560,L,lower,15,auto,free,True,True,2.4130878923776686,-0.05,-0.45,0.56,False,
-0.050_-0.450_0.560,L,lower,16,auto,free,True,True,2.3380489007034826,-0.05,-0.45,0.56,False,
-0.050_-0.450_0.560,L,lower,17,auto,free,True,True,2.6397930846766386,-0.05,-0.45,0.56,False,
-0.050_-0.450_0.560,L,lower,18,auto,free,True,True,2.7509548856109025,-0.05,-0.45,0.56,False,
-0.050_-0.450_0.560,L,lower,19,auto,free,True,True,3.2748864761989154,-0.05,-0.45,0.56,False,
-0.050_-0.450_0.560,L,lower,20,auto,free,True,True,2.7504717534220173,-0.05,-0.45,0.56,False,
-0.050_-0.450_0.560,R,lower,0,auto,free,True,True,0.9898316296354221,-0.05,-0.45,0.56,False,
-0.050_-0.450_0.560,R,lower,1,auto,free,True,True,1.2713442395803205,-0.05,-0.45,0.56,False,
-0.050_-0.450_0.560,R,lower,2,auto,free,True,True,1.3283009761943816,-0.05,-0.45,0.56,False,
-0.050_-0.450_0.560,R,lower,3,auto,free,True,True,0.8379856412050528,-0.05,-0.45,0.56,True,figures/-0p050_-0p450_0p560_R_ik3_free_BEST.png
-0.050_-0.450_0.560,R,lower,4,auto,free,True,True,1.9020308559273218,-0.05,-0.45,0.56,False,
-0.050_-0.450_0.560,R,lower,5,auto,free,True,True,1.735004725590107,-0.05,-0.45,0.56,False,
-0.050_-0.450_0.560,R,lower,6,auto,free,True,True,1.3075053583747365,-0.05,-0.45,0.56,False,
-0.050_-0.450_0.560,R,lower,7,auto,free,True,True,1.8281250161864382,-0.05,-0.45,0.56,False,
-0.050_-0.450_0.560,R,lower,8,auto,free,True,True,1.1156930572324224,-0.05,-0.45,0.56,False,
-0.050_-0.450_0.560,R,lower,9,auto,free,True,True,1.5915073129655526,-0.05,-0.45,0.56,False,
-0.050_-0.450_0.560,R,lower,10,auto,free,True,True,2.091540105303757,-0.05,-0.45,0.56,False,
-0.050_-0.450_0.560,R,lower,11,auto,free,True,True,1.675174242898217,-0.05,-0.45,0.56,False,
-0.050_-0.450_0.560,R,lower,12,auto,free,True,True,1.7538306248337743,-0.05,-0.45,0.56,False,
-0.050_-0.450_0.560,R,lower,13,auto,free,True,True,1.9940817897248946,-0.05,-0.45,0.56,False,
-0.050_-0.450_0.560,R,lower,14,auto,free,True,True,1.924098984613764,-0.05,-0.45,0.56,False,
-0.050_-0.500_0.560,L,lower,0,auto,free,True,True,3.04988143107695,-0.05,-0.5,0.56,False,
-0.050_-0.500_0.560,L,lower,1,auto,free,True,True,3.2413206642459294,-0.05,-0.5,0.56,False,
-0.050_-0.500_0.560,L,lower,2,auto,free,True,True,3.2651902147644076,-0.05,-0.5,0.56,False,
-0.050_-0.500_0.560,L,lower,3,auto,free,True,True,3.1384869931615373,-0.05,-0.5,0.56,False,
-0.050_-0.500_0.560,L,lower,4,auto,free,True,True,2.723923585646851,-0.05,-0.5,0.56,False,
-0.050_-0.500_0.560,L,lower,5,auto,free,True,True,3.0395431406986937,-0.05,-0.5,0.56,False,
-0.050_-0.500_0.560,L,lower,6,auto,free,True,True,2.9611973013502855,-0.05,-0.5,0.56,False,
-0.050_-0.500_0.560,L,lower,7,auto,free,True,True,3.1895690883560626,-0.05,-0.5,0.56,False,
-0.050_-0.500_0.560,L,lower,8,auto,free,True,True,2.6225584079828437,-0.05,-0.5,0.56,True,figures/-0p050_-0p500_0p560_L_ik8_free_BEST.png
-0.050_-0.500_0.560,L,lower,9,auto,free,True,True,2.981793629580779,-0.05,-0.5,0.56,False,
-0.050_-0.500_0.560,L,lower,10,auto,free,True,True,2.8564230049556,-0.05,-0.5,0.56,False,
-0.050_-0.500_0.560,L,lower,11,auto,free,True,True,2.9919332313781717,-0.05,-0.5,0.56,False,
-0.050_-0.500_0.560,L,lower,12,auto,free,True,True,3.11495579639214,-0.05,-0.5,0.56,False,
-0.050_-0.500_0.560,L,lower,13,auto,free,True,True,3.4574204325082336,-0.05,-0.5,0.56,False,
-0.050_-0.500_0.560,L,lower,14,auto,free,True,True,3.0263808692025322,-0.05,-0.5,0.56,False,
-0.050_-0.500_0.560,R,lower,0,auto,free,True,True,1.0269857934991506,-0.05,-0.5,0.56,False,
-0.050_-0.500_0.560,R,lower,1,auto,free,True,True,0.7960275025227912,-0.05,-0.5,0.56,False,
-0.050_-0.500_0.560,R,lower,2,auto,free,True,True,0.7215073288379923,-0.05,-0.5,0.56,True,figures/-0p050_-0p500_0p560_R_ik2_free_BEST.png
-0.050_-0.500_0.560,R,lower,3,auto,free,True,True,1.177929143486953,-0.05,-0.5,0.56,False,
-0.050_-0.500_0.560,R,lower,4,auto,free,True,True,1.0180655292278074,-0.05,-0.5,0.56,False,
-0.050_-0.500_0.560,R,lower,5,auto,free,True,True,1.1851342473777975,-0.05,-0.5,0.56,False,
-0.050_-0.500_0.560,R,lower,6,auto,free,True,True,1.5888426277699028,-0.05,-0.5,0.56,False,
-0.050_-0.500_0.560,R,lower,7,auto,free,True,True,1.5768530914332037,-0.05,-0.5,0.56,False,
-0.050_-0.500_0.560,R,lower,8,auto,free,True,True,1.5831308022360364,-0.05,-0.5,0.56,False,
-0.050_-0.550_0.560,L,lower,0,auto,free,True,True,3.3103377717228177,-0.05,-0.55,0.56,True,figures/-0p050_-0p550_0p560_L_ik0_free_BEST.png
-0.050_0.300_0.560,L,upper,0,auto,free,True,True,1.0,-0.05,0.3,0.56,False,
-0.050_0.300_0.560,L,upper,1,auto,free,True,True,0.9902442230044013,-0.05,0.3,0.56,False,
-0.050_0.300_0.560,L,upper,2,auto,free,True,True,0.9908114103468604,-0.05,0.3,0.56,False,
-0.050_0.300_0.560,L,upper,3,auto,free,True,True,1.4949508777239155,-0.05,0.3,0.56,False,
-0.050_0.300_0.560,L,upper,4,auto,free,True,True,0.6008244846861108,-0.05,0.3,0.56,False,
-0.050_0.300_0.560,L,upper,5,auto,free,True,True,0.843890853814719,-0.05,0.3,0.56,False,
-0.050_0.300_0.560,L,upper,6,auto,free,True,True,0.21386358986744264,-0.05,0.3,0.56,False,
-0.050_0.300_0.560,L,upper,7,auto,free,True,True,1.0,-0.05,0.3,0.56,False,
-0.050_0.300_0.560,L,upper,8,auto,free,True,True,1.0,-0.05,0.3,0.56,False,
-0.050_0.300_0.560,L,upper,9,auto,free,True,True,0.13976445037490132,-0.05,0.3,0.56,True,figures/-0p050_0p300_0p560_L_ik9_free_BEST.png
-0.050_0.300_0.560,L,upper,10,auto,free,True,True,0.49243918281712373,-0.05,0.3,0.56,False,
-0.050_0.300_0.560,L,upper,11,auto,free,True,True,2.263360572494758,-0.05,0.3,0.56,False,
-0.050_0.300_0.560,L,upper,12,auto,free,True,True,0.341047649774318,-0.05,0.3,0.56,False,
-0.050_0.300_0.560,L,upper,13,auto,free,True,True,1.0966172764166227,-0.05,0.3,0.56,False,
-0.050_0.300_0.560,L,upper,14,auto,free,True,True,1.0865658792288428,-0.05,0.3,0.56,False,
-0.050_0.300_0.560,L,upper,15,auto,free,True,True,0.6365443743340302,-0.05,0.3,0.56,False,
-0.050_0.300_0.560,L,upper,16,auto,free,True,True,1.9793600565647735,-0.05,0.3,0.56,False,
-0.050_0.300_0.560,L,upper,17,auto,free,True,True,1.0168479648673143,-0.05,0.3,0.56,False,
-0.050_0.300_0.560,L,upper,18,auto,free,True,True,1.2257119562613146,-0.05,0.3,0.56,False,
-0.050_0.300_0.560,L,upper,19,auto,free,True,True,2.3034644730950804,-0.05,0.3,0.56,False,
-0.050_0.300_0.560,L,upper,20,auto,free,True,True,1.9901288789982323,-0.05,0.3,0.56,False,
-0.050_0.300_0.560,L,upper,21,auto,free,True,True,2.0955402363051148,-0.05,0.3,0.56,False,
-0.050_0.300_0.560,L,upper,22,auto,free,True,True,2.6582339491775233,-0.05,0.3,0.56,False,
-0.050_0.300_0.560,L,upper,23,auto,free,True,True,1.9628198155883543,-0.05,0.3,0.56,False,
-0.050_0.300_0.560,L,upper,24,auto,free,True,True,2.977132581823895,-0.05,0.3,0.56,False,
-0.050_0.300_0.560,L,upper,25,auto,free,True,True,3.0,-0.05,0.3,0.56,False,
-0.050_0.300_0.560,L,upper,26,auto,free,True,True,2.0474197836533627,-0.05,0.3,0.56,False,
-0.050_0.300_0.560,L,upper,27,auto,free,True,True,2.2271934140405545,-0.05,0.3,0.56,False,
-0.050_0.300_0.560,L,upper,28,auto,free,True,True,3.0,-0.05,0.3,0.56,False,
-0.050_0.300_0.560,L,upper,29,auto,free,True,True,2.091766461435009,-0.05,0.3,0.56,False,
-0.050_0.300_0.560,L,upper,30,auto,free,True,True,2.645085957987064,-0.05,0.3,0.56,False,
-0.050_0.300_0.560,L,upper,31,auto,free,True,True,3.0,-0.05,0.3,0.56,False,
-0.050_0.300_0.560,L,upper,32,auto,free,True,True,2.5879774898742793,-0.05,0.3,0.56,False,
-0.050_0.300_0.560,L,upper,33,auto,free,True,True,2.9959068320389544,-0.05,0.3,0.56,False,
-0.050_0.300_0.560,L,upper,34,auto,free,True,True,3.0,-0.05,0.3,0.56,False,
-0.050_0.300_0.560,L,upper,35,auto,free,True,True,3.0,-0.05,0.3,0.56,False,
-0.050_0.300_0.560,L,upper,36,auto,free,True,True,1.0,-0.05,0.3,0.56,False,
-0.050_0.300_0.560,L,upper,37,auto,free,True,True,1.0,-0.05,0.3,0.56,False,
-0.050_0.300_0.560,L,upper,38,auto,free,True,True,0.9999874534612192,-0.05,0.3,0.56,False,
-0.050_0.300_0.560,R,upper,0,auto,free,True,True,2.5721266397321165,-0.05,0.3,0.56,False,
-0.050_0.300_0.560,R,upper,1,auto,free,True,True,2.4339385223038628,-0.05,0.3,0.56,False,
-0.050_0.300_0.560,R,upper,2,auto,free,True,True,2.330719525851092,-0.05,0.3,0.56,False,
-0.050_0.300_0.560,R,upper,3,auto,free,True,True,1.4254432849124563,-0.05,0.3,0.56,True,figures/-0p050_0p300_0p560_R_ik3_free_BEST.png
-0.050_0.300_0.560,R,upper,4,auto,free,True,True,2.052094074385466,-0.05,0.3,0.56,False,
-0.050_0.300_0.560,R,upper,5,auto,free,True,True,2.751389645809013,-0.05,0.3,0.56,False,
-0.050_0.300_0.560,R,upper,6,auto,free,True,True,1.56917909300057,-0.05,0.3,0.56,False,
-0.050_0.300_0.560,R,upper,7,auto,free,True,True,2.326077857446204,-0.05,0.3,0.56,False,
-0.050_0.300_0.560,R,upper,8,auto,free,True,True,3.1544382700559606,-0.05,0.3,0.56,False,
-0.050_0.300_0.560,R,upper,9,auto,free,True,True,1.9977316483359622,-0.05,0.3,0.56,False,
-0.050_0.300_0.560,R,upper,10,auto,free,True,True,3.298815997852836,-0.05,0.3,0.56,False,
-0.050_0.300_0.560,R,upper,11,auto,free,True,True,2.6056649797409994,-0.05,0.3,0.56,False,
-0.050_0.300_0.560,R,upper,12,auto,free,True,True,3.1060818748842207,-0.05,0.3,0.56,False,
-0.050_0.300_0.560,R,upper,13,auto,free,True,True,2.7227304703564026,-0.05,0.3,0.56,False,
-0.050_0.300_0.560,R,upper,14,auto,free,True,True,3.2561619222215112,-0.05,0.3,0.56,False,
-0.050_0.300_0.560,R,upper,15,auto,free,True,True,3.109574148735919,-0.05,0.3,0.56,False,
-0.050_0.300_0.560,R,upper,16,auto,free,True,True,2.6509735154606333,-0.05,0.3,0.56,False,
-0.050_0.300_0.560,R,upper,17,auto,free,True,True,2.756012673424091,-0.05,0.3,0.56,False,
-0.050_0.300_0.560,R,upper,18,auto,free,True,True,2.901471223576733,-0.05,0.3,0.56,False,
-0.050_0.300_0.560,R,upper,19,auto,free,True,True,3.4749568973468348,-0.05,0.3,0.56,False,
-0.050_0.300_0.560,R,upper,20,auto,free,True,True,2.722764341919627,-0.05,0.3,0.56,False,
-0.050_0.300_0.560,R,upper,21,auto,free,True,True,2.2045051236819715,-0.05,0.3,0.56,False,
-0.050_0.300_0.560,R,upper,22,auto,free,True,True,2.03297287045175,-0.05,0.3,0.56,False,
-0.050_0.300_0.560,R,upper,23,auto,free,True,True,2.4931027070259586,-0.05,0.3,0.56,False,
-0.050_0.350_0.560,L,upper,0,auto,free,True,True,0.8581642893236228,-0.05,0.35,0.56,False,
-0.050_0.350_0.560,L,upper,1,auto,free,True,True,0.8680389555887245,-0.05,0.35,0.56,False,
-0.050_0.350_0.560,L,upper,2,auto,free,True,True,1.0,-0.05,0.35,0.56,False,
-0.050_0.350_0.560,L,upper,3,auto,free,True,True,1.3490612826888788,-0.05,0.35,0.56,False,
-0.050_0.350_0.560,L,upper,4,auto,free,True,True,1.9163949102942417,-0.05,0.35,0.56,False,
-0.050_0.350_0.560,L,upper,5,auto,free,True,True,0.9855903520757561,-0.05,0.35,0.56,False,
-0.050_0.350_0.560,L,upper,6,auto,free,True,True,0.18930921418140798,-0.05,0.35,0.56,True,figures/-0p050_0p350_0p560_L_ik6_free_BEST.png
-0.050_0.350_0.560,L,upper,7,auto,free,True,True,1.110607026707164,-0.05,0.35,0.56,False,
-0.050_0.350_0.560,L,upper,8,auto,free,True,True,0.45579890649275967,-0.05,0.35,0.56,False,
-0.050_0.350_0.560,L,upper,9,auto,free,True,True,0.33922041875795994,-0.05,0.35,0.56,False,
-0.050_0.350_0.560,L,upper,10,auto,free,True,True,2.4989999999525025,-0.05,0.35,0.56,False,
-0.050_0.350_0.560,L,upper,11,auto,free,True,True,0.6572414182384176,-0.05,0.35,0.56,False,
-0.050_0.350_0.560,L,upper,12,auto,free,True,True,0.6237392408501861,-0.05,0.35,0.56,False,
-0.050_0.350_0.560,L,upper,13,auto,free,True,True,1.8857822733724332,-0.05,0.35,0.56,False,
-0.050_0.350_0.560,L,upper,14,auto,free,True,True,2.4330571800789254,-0.05,0.35,0.56,False,
-0.050_0.350_0.560,L,upper,15,auto,free,True,True,0.967381904952398,-0.05,0.35,0.56,False,
-0.050_0.350_0.560,L,upper,16,auto,free,True,True,2.2958412296362383,-0.05,0.35,0.56,False,
-0.050_0.350_0.560,L,upper,17,auto,free,True,True,1.589857851108868,-0.05,0.35,0.56,False,
-0.050_0.350_0.560,L,upper,18,auto,free,True,True,1.3579444406591579,-0.05,0.35,0.56,False,
-0.050_0.350_0.560,L,upper,19,auto,free,True,True,2.634232988733891,-0.05,0.35,0.56,False,
-0.050_0.350_0.560,L,upper,20,auto,free,True,True,2.4379450025094678,-0.05,0.35,0.56,False,
-0.050_0.350_0.560,L,upper,21,auto,free,True,True,1.7783357382808052,-0.05,0.35,0.56,False,
-0.050_0.350_0.560,L,upper,22,auto,free,True,True,2.9808948433681546,-0.05,0.35,0.56,False,
-0.050_0.350_0.560,L,upper,23,auto,free,True,True,1.6179299637240816,-0.05,0.35,0.56,False,
-0.050_0.350_0.560,L,upper,24,auto,free,True,True,1.8793277284394114,-0.05,0.35,0.56,False,
-0.050_0.350_0.560,L,upper,25,auto,free,True,True,3.0,-0.05,0.35,0.56,False,
-0.050_0.350_0.560,L,upper,26,auto,free,True,True,2.0943826852607947,-0.05,0.35,0.56,False,
-0.050_0.350_0.560,L,upper,27,auto,free,True,True,2.6753148398627022,-0.05,0.35,0.56,False,
-0.050_0.350_0.560,L,upper,28,auto,free,True,True,3.0,-0.05,0.35,0.56,False,
-0.050_0.350_0.560,L,upper,29,auto,free,True,True,2.588647245419011,-0.05,0.35,0.56,False,
-0.050_0.350_0.560,R,upper,0,auto,free,True,True,1.9796003767598414,-0.05,0.35,0.56,False,
-0.050_0.350_0.560,R,upper,1,auto,free,True,True,3.5182612802466364,-0.05,0.35,0.56,False,
-0.050_0.350_0.560,R,upper,2,auto,free,True,True,2.353177847896013,-0.05,0.35,0.56,False,
-0.050_0.350_0.560,R,upper,3,auto,free,True,True,1.6511556312492504,-0.05,0.35,0.56,True,figures/-0p050_0p350_0p560_R_ik3_free_BEST.png
-0.050_0.350_0.560,R,upper,4,auto,free,True,True,3.202770233936013,-0.05,0.35,0.56,False,
-0.050_0.350_0.560,R,upper,5,auto,free,True,True,2.6647741760844883,-0.05,0.35,0.56,False,
-0.050_0.350_0.560,R,upper,6,auto,free,True,True,2.991655686889047,-0.05,0.35,0.56,False,
-0.050_0.350_0.560,R,upper,7,auto,free,True,True,2.319631446978004,-0.05,0.35,0.56,False,
-0.050_0.350_0.560,R,upper,8,auto,free,True,True,3.430355812468535,-0.05,0.35,0.56,False,
-0.050_0.350_0.560,R,upper,9,auto,free,True,True,1.9580862465974278,-0.05,0.35,0.56,False,
-0.050_0.350_0.560,R,upper,10,auto,free,True,True,3.53633269357638,-0.05,0.35,0.56,False,
-0.050_0.350_0.560,R,upper,11,auto,free,True,True,2.36432249672544,-0.05,0.35,0.56,False,
-0.050_0.350_0.560,R,upper,12,auto,free,True,True,2.6222894920677873,-0.05,0.35,0.56,False,
-0.050_0.350_0.560,R,upper,13,auto,free,True,True,3.381801930934719,-0.05,0.35,0.56,False,
-0.050_0.350_0.560,R,upper,14,auto,free,True,True,3.1340515433924687,-0.05,0.35,0.56,False,
-0.050_0.350_0.560,R,upper,15,auto,free,True,True,2.61089255697938,-0.05,0.35,0.56,False,
-0.050_0.350_0.560,R,upper,16,auto,free,True,True,3.392407199381699,-0.05,0.35,0.56,False,
-0.050_0.350_0.560,R,upper,17,auto,free,True,True,3.0269946184701304,-0.05,0.35,0.56,False,
-0.050_0.350_0.560,R,upper,18,auto,free,True,True,2.816292785909107,-0.05,0.35,0.56,False,
-0.050_0.350_0.560,R,upper,19,auto,free,True,True,2.656996686702122,-0.05,0.35,0.56,False,
-0.050_0.350_0.560,R,upper,20,auto,free,True,True,2.3870389756014134,-0.05,0.35,0.56,False,
-0.050_0.400_0.560,L,upper,0,auto,free,True,True,1.0,-0.05,0.4,0.56,False,
-0.050_0.400_0.560,L,upper,1,auto,free,True,True,1.4099190508288793,-0.05,0.4,0.56,False,
-0.050_0.400_0.560,L,upper,2,auto,free,True,True,1.0195791316082476,-0.05,0.4,0.56,False,
-0.050_0.400_0.560,L,upper,3,auto,free,True,True,0.23399999940395355,-0.05,0.4,0.56,True,figures/-0p050_0p400_0p560_L_ik3_free_BEST.png
-0.050_0.400_0.560,L,upper,4,auto,free,True,True,1.5691701952419717,-0.05,0.4,0.56,False,
-0.050_0.400_0.560,L,upper,5,auto,free,True,True,1.1522818197123814,-0.05,0.4,0.56,False,
-0.050_0.400_0.560,L,upper,6,auto,free,True,True,0.33645545921483766,-0.05,0.4,0.56,False,
-0.050_0.400_0.560,L,upper,7,auto,free,True,True,0.6720388158100727,-0.05,0.4,0.56,False,
-0.050_0.400_0.560,L,upper,8,auto,free,True,True,0.629761660015288,-0.05,0.4,0.56,False,
-0.050_0.400_0.560,L,upper,9,auto,free,True,True,0.6210307582573709,-0.05,0.4,0.56,False,
-0.050_0.400_0.560,L,upper,10,auto,free,True,True,2.218493049533084,-0.05,0.4,0.56,False,
-0.050_0.400_0.560,L,upper,11,auto,free,True,True,2.0864116729979005,-0.05,0.4,0.56,False,
-0.050_0.400_0.560,L,upper,12,auto,free,True,True,1.0086536167994076,-0.05,0.4,0.56,False,
-0.050_0.400_0.560,L,upper,13,auto,free,True,True,2.1471567644875984,-0.05,0.4,0.56,False,
-0.050_0.400_0.560,L,upper,14,auto,free,True,True,2.1567665028563576,-0.05,0.4,0.56,False,
-0.050_0.400_0.560,L,upper,15,auto,free,True,True,1.3530047118907955,-0.05,0.4,0.56,False,
-0.050_0.400_0.560,L,upper,16,auto,free,True,True,2.5096363301991476,-0.05,0.4,0.56,False,
-0.050_0.400_0.560,L,upper,17,auto,free,True,True,2.259966606662272,-0.05,0.4,0.56,False,
-0.050_0.400_0.560,L,upper,18,auto,free,True,True,1.773858854969707,-0.05,0.4,0.56,False,
-0.050_0.400_0.560,L,upper,19,auto,free,True,True,2.3553086057845802,-0.05,0.4,0.56,False,
-0.050_0.400_0.560,L,upper,20,auto,free,True,True,1.6220656979005381,-0.05,0.4,0.56,False,
-0.050_0.400_0.560,L,upper,21,auto,free,True,True,2.20880972006646,-0.05,0.4,0.56,False,
-0.050_0.400_0.560,L,upper,22,auto,free,True,True,2.975860343492898,-0.05,0.4,0.56,False,
-0.050_0.400_0.560,L,upper,23,auto,free,True,True,2.0548073960580986,-0.05,0.4,0.56,False,
-0.050_0.400_0.560,L,upper,24,auto,free,True,True,2.6412457411111765,-0.05,0.4,0.56,False,
-0.050_0.400_0.560,L,upper,25,auto,free,True,True,2.8665219561045663,-0.05,0.4,0.56,False,
-0.050_0.400_0.560,L,upper,26,auto,free,True,True,2.6116150519078984,-0.05,0.4,0.56,False,
-0.050_0.400_0.560,R,upper,0,auto,free,True,True,2.4149284814678604,-0.05,0.4,0.56,False,
-0.050_0.400_0.560,R,upper,1,auto,free,True,True,2.251073375306054,-0.05,0.4,0.56,True,figures/-0p050_0p400_0p560_R_ik1_free_BEST.png
-0.050_0.400_0.560,R,upper,2,auto,free,True,True,2.553794523899959,-0.05,0.4,0.56,False,
-0.050_0.400_0.560,R,upper,3,auto,free,True,True,2.3754794148749196,-0.05,0.4,0.56,False,
-0.050_0.400_0.560,R,upper,4,auto,free,True,True,2.632137833675524,-0.05,0.4,0.56,False,
-0.050_0.400_0.560,R,upper,5,auto,free,True,True,3.1587106910527973,-0.05,0.4,0.56,False,
-0.050_0.400_0.560,R,upper,6,auto,free,True,True,2.943203287435451,-0.05,0.4,0.56,False,
-0.050_0.400_0.560,R,upper,7,auto,free,True,True,2.953089970693565,-0.05,0.4,0.56,False,
-0.050_0.400_0.560,R,upper,8,auto,free,True,True,2.890818673904074,-0.05,0.4,0.56,False,
-0.050_0.400_0.560,R,upper,9,auto,free,True,True,2.8708923428663446,-0.05,0.4,0.56,False,
-0.050_0.400_0.560,R,upper,10,auto,free,True,True,3.4835976521977567,-0.05,0.4,0.56,False,
-0.050_0.400_0.560,R,upper,11,auto,free,True,True,2.78648126294625,-0.05,0.4,0.56,False,
-0.050_0.400_0.560,R,upper,12,auto,free,True,True,2.7584774416991764,-0.05,0.4,0.56,False,
-0.050_0.400_0.560,R,upper,13,auto,free,True,True,3.2368232571218867,-0.05,0.4,0.56,False,
-0.050_0.400_0.560,R,upper,14,auto,free,True,True,2.6317690143922987,-0.05,0.4,0.56,False,
-0.050_0.400_0.560,R,upper,15,auto,free,True,True,2.6675865363634386,-0.05,0.4,0.56,False,
-0.050_0.400_0.560,R,upper,16,auto,free,True,True,2.3591505559526724,-0.05,0.4,0.56,False,
-0.050_0.400_0.560,R,upper,17,auto,free,True,True,2.4254891386333792,-0.05,0.4,0.56,False,
-0.050_0.450_0.560,L,upper,0,auto,free,True,True,1.3648075962250246,-0.05,0.45,0.56,False,
-0.050_0.450_0.560,L,upper,1,auto,free,True,True,1.3054169578882697,-0.05,0.45,0.56,False,
-0.050_0.450_0.560,L,upper,2,auto,free,True,True,1.398116244667309,-0.05,0.45,0.56,False,
-0.050_0.450_0.560,L,upper,3,auto,free,True,True,0.33182241723500994,-0.05,0.45,0.56,True,figures/-0p050_0p450_0p560_L_ik3_free_BEST.png
-0.050_0.450_0.560,L,upper,4,auto,free,True,True,1.2324374901654296,-0.05,0.45,0.56,False,
-0.050_0.450_0.560,L,upper,5,auto,free,True,True,2.0792729987570713,-0.05,0.45,0.56,False,
-0.050_0.450_0.560,L,upper,6,auto,free,True,True,0.6183945921326717,-0.05,0.45,0.56,False,
-0.050_0.450_0.560,L,upper,7,auto,free,True,True,2.051608170246934,-0.05,0.45,0.56,False,
-0.050_0.450_0.560,L,upper,8,auto,free,True,True,2.527745702158805,-0.05,0.45,0.56,False,
-0.050_0.450_0.560,L,upper,9,auto,free,True,True,0.9604570652209925,-0.05,0.45,0.56,False,
-0.050_0.450_0.560,L,upper,10,auto,free,True,True,1.8621595139157272,-0.05,0.45,0.56,False,
-0.050_0.450_0.560,L,upper,11,auto,free,True,True,2.4989999999525025,-0.05,0.45,0.56,False,
-0.050_0.450_0.560,L,upper,12,auto,free,True,True,1.3383631857812848,-0.05,0.45,0.56,False,
-0.050_0.450_0.560,L,upper,13,auto,free,True,True,1.671814868063835,-0.05,0.45,0.56,False,
-0.050_0.450_0.560,L,upper,14,auto,free,True,True,2.428285272064327,-0.05,0.45,0.56,False,
-0.050_0.450_0.560,L,upper,15,auto,free,True,True,1.769434541239698,-0.05,0.45,0.56,False,
-0.050_0.450_0.560,L,upper,16,auto,free,True,True,2.1995652035634317,-0.05,0.45,0.56,False,
-0.050_0.450_0.560,L,upper,17,auto,free,True,True,1.6261452885216159,-0.05,0.45,0.56,False,
-0.050_0.450_0.560,L,upper,18,auto,free,True,True,1.8639688281137352,-0.05,0.45,0.56,False,
-0.050_0.450_0.560,L,upper,19,auto,free,True,True,2.707189798600645,-0.05,0.45,0.56,False,
-0.050_0.450_0.560,L,upper,20,auto,free,True,True,2.0988777415624833,-0.05,0.45,0.56,False,
-0.050_0.450_0.560,L,upper,21,auto,free,True,True,2.739292760315021,-0.05,0.45,0.56,False,
-0.050_0.450_0.560,L,upper,22,auto,free,True,True,2.149404397077173,-0.05,0.45,0.56,False,
-0.050_0.450_0.560,L,upper,23,auto,free,True,True,2.7940706629696574,-0.05,0.45,0.56,False,
-0.050_0.450_0.560,R,upper,0,auto,free,True,True,2.7133573420898864,-0.05,0.45,0.56,False,
-0.050_0.450_0.560,R,upper,1,auto,free,True,True,3.373112949370422,-0.05,0.45,0.56,False,
-0.050_0.450_0.560,R,upper,2,auto,free,True,True,2.2905933124670934,-0.05,0.45,0.56,True,figures/-0p050_0p450_0p560_R_ik2_free_BEST.png
-0.050_0.450_0.560,R,upper,3,auto,free,True,True,3.1297673796345906,-0.05,0.45,0.56,False,
-0.050_0.450_0.560,R,upper,4,auto,free,True,True,3.4314136786801557,-0.05,0.45,0.56,False,
-0.050_0.450_0.560,R,upper,5,auto,free,True,True,2.574147623217936,-0.05,0.45,0.56,False,
-0.050_0.450_0.560,R,upper,6,auto,free,True,True,3.118978964404235,-0.05,0.45,0.56,False,
-0.050_0.450_0.560,R,upper,7,auto,free,True,True,3.1400373489146745,-0.05,0.45,0.56,False,
-0.050_0.450_0.560,R,upper,8,auto,free,True,True,3.1089199883799026,-0.05,0.45,0.56,False,
-0.050_0.500_0.560,L,upper,0,auto,free,True,True,1.2432282132706836,-0.05,0.5,0.56,False,
-0.050_0.500_0.560,L,upper,1,auto,free,True,True,1.0630910078312676,-0.05,0.5,0.56,False,
-0.050_0.500_0.560,L,upper,2,auto,free,True,True,0.8815599793290827,-0.05,0.5,0.56,False,
-0.050_0.500_0.560,L,upper,3,auto,free,True,True,0.6157241081735392,-0.05,0.5,0.56,True,figures/-0p050_0p500_0p560_L_ik3_free_BEST.png
-0.050_0.500_0.560,L,upper,4,auto,free,True,True,0.7532193827204277,-0.05,0.5,0.56,False,
-0.050_0.500_0.560,L,upper,5,auto,free,True,True,1.371197115526415,-0.05,0.5,0.56,False,
-0.050_0.500_0.560,L,upper,6,auto,free,True,True,1.0195853225058842,-0.05,0.5,0.56,False,
-0.050_0.500_0.560,L,upper,7,auto,free,True,True,1.4562715943572015,-0.05,0.5,0.56,False,
-0.050_0.500_0.560,L,upper,8,auto,free,True,True,1.70439869926622,-0.05,0.5,0.56,False,
-0.050_0.500_0.560,L,upper,9,auto,free,True,True,1.3452819521321135,-0.05,0.5,0.56,False,
-0.050_0.500_0.560,L,upper,10,auto,free,True,True,1.450906857476375,-0.05,0.5,0.56,False,
-0.050_0.500_0.560,L,upper,11,auto,free,True,True,1.4143410395689993,-0.05,0.5,0.56,False,
-0.050_0.500_0.560,L,upper,12,auto,free,True,True,1.7650625052339899,-0.05,0.5,0.56,False,
-0.050_0.500_0.560,L,upper,13,auto,free,True,True,1.74812126646236,-0.05,0.5,0.56,False,
-0.050_0.500_0.560,L,upper,14,auto,free,True,True,1.6303957156364046,-0.05,0.5,0.56,False,
-0.050_0.500_0.560,L,upper,15,auto,free,True,True,2.2009084120975726,-0.05,0.5,0.56,False,
-0.050_0.500_0.560,L,upper,16,auto,free,True,True,2.0002093040008617,-0.05,0.5,0.56,False,
-0.050_0.500_0.560,L,upper,17,auto,free,True,True,2.1010619669390587,-0.05,0.5,0.56,False,
-0.050_0.550_0.560,L,upper,0,auto,safe,False,True,1.944890534248547,-0.05,0.55,0.56,True,figures/-0p050_0p550_0p560_L_ik0_safe_BEST.png
-0.050_0.600_0.560,L,upper,0,auto,free,False,True,1.1254552679220273,-0.05,0.6,0.56,False,
-0.050_0.600_0.560,L,upper,1,auto,free,False,True,1.111099184341688,-0.05,0.6,0.56,False,
-0.050_0.600_0.560,L,upper,2,auto,free,False,True,1.0122316890367395,-0.05,0.6,0.56,True,figures/-0p050_0p600_0p560_L_ik2_free_BEST.png
-0.100_-0.300_0.560,L,lower,0,auto,free,True,True,1.6251331356898986,-0.1,-0.3,0.56,False,
-0.100_-0.300_0.560,L,lower,1,auto,free,True,True,1.5522909167934604,-0.1,-0.3,0.56,True,figures/-0p100_-0p300_0p560_L_ik1_free_BEST.png
-0.100_-0.300_0.560,L,lower,2,auto,free,True,True,3.2432983615658992,-0.1,-0.3,0.56,False,
-0.100_-0.300_0.560,L,lower,3,auto,free,True,True,2.0601015565917575,-0.1,-0.3,0.56,False,
-0.100_-0.300_0.560,L,lower,4,auto,free,True,True,2.4989999999525025,-0.1,-0.3,0.56,False,
-0.100_-0.300_0.560,L,lower,5,auto,free,True,True,2.259620500940782,-0.1,-0.3,0.56,False,
-0.100_-0.300_0.560,L,lower,6,auto,free,True,True,2.18697214815205,-0.1,-0.3,0.56,False,
-0.100_-0.300_0.560,L,lower,7,auto,free,True,True,2.4665686065561196,-0.1,-0.3,0.56,False,
-0.100_-0.300_0.560,L,lower,8,auto,free,True,True,3.4831247895273645,-0.1,-0.3,0.56,False,
-0.100_-0.300_0.560,L,lower,9,auto,free,True,True,2.6021394979982,-0.1,-0.3,0.56,False,
-0.100_-0.300_0.560,L,lower,10,auto,free,True,True,2.345312091536759,-0.1,-0.3,0.56,False,
-0.100_-0.300_0.560,L,lower,11,auto,free,True,True,2.9022012066610916,-0.1,-0.3,0.56,False,
-0.100_-0.300_0.560,L,lower,12,auto,free,True,True,2.2133075075964,-0.1,-0.3,0.56,False,
-0.100_-0.300_0.560,L,lower,13,auto,free,True,True,2.832547757017288,-0.1,-0.3,0.56,False,
-0.100_-0.300_0.560,L,lower,14,auto,free,True,True,3.4772525943242094,-0.1,-0.3,0.56,False,
-0.100_-0.300_0.560,L,lower,15,auto,free,True,True,2.999999999999979,-0.1,-0.3,0.56,False,
-0.100_-0.300_0.560,L,lower,16,auto,free,True,True,2.949011476993843,-0.1,-0.3,0.56,False,
-0.100_-0.300_0.560,L,lower,17,auto,free,True,True,2.860543719356878,-0.1,-0.3,0.56,False,
-0.100_-0.300_0.560,L,lower,18,auto,free,True,True,2.9906726002913415,-0.1,-0.3,0.56,False,
-0.100_-0.300_0.560,L,lower,19,auto,free,True,True,2.9960924189574913,-0.1,-0.3,0.56,False,
-0.100_-0.300_0.560,L,lower,20,auto,free,True,True,2.9297549615641936,-0.1,-0.3,0.56,False,
-0.100_-0.300_0.560,L,lower,21,auto,free,True,True,3.115450941739173,-0.1,-0.3,0.56,False,
-0.100_-0.300_0.560,L,lower,22,auto,free,True,True,3.0,-0.1,-0.3,0.56,False,
-0.100_-0.300_0.560,L,lower,23,auto,free,True,True,3.5377794432452365,-0.1,-0.3,0.56,False,
-0.100_-0.300_0.560,L,lower,24,auto,free,True,True,2.4033691316751047,-0.1,-0.3,0.56,False,
-0.100_-0.300_0.560,L,lower,25,auto,free,True,True,2.450994367215909,-0.1,-0.3,0.56,False,
-0.100_-0.300_0.560,L,lower,26,auto,free,True,True,2.233203524373968,-0.1,-0.3,0.56,False,
-0.100_-0.300_0.560,L,lower,27,auto,free,True,True,2.9465294267143447,-0.1,-0.3,0.56,False,
-0.100_-0.300_0.560,L,lower,28,auto,free,True,True,1.8976123130300846,-0.1,-0.3,0.56,False,
-0.100_-0.300_0.560,L,lower,29,auto,free,True,True,3.101992595046035,-0.1,-0.3,0.56,False,
-0.100_-0.300_0.560,L,lower,30,auto,free,True,True,1.867437296158415,-0.1,-0.3,0.56,False,
-0.100_-0.300_0.560,L,lower,31,auto,free,True,True,1.7076084279978403,-0.1,-0.3,0.56,False,
-0.100_-0.300_0.560,L,lower,32,auto,free,True,True,3.6227290891111443,-0.1,-0.3,0.56,False,
-0.100_-0.300_0.560,L,lower,33,auto,free,True,True,2.249004732838126,-0.1,-0.3,0.56,False,
-0.100_-0.300_0.560,L,lower,34,auto,free,True,True,1.9223651840047267,-0.1,-0.3,0.56,False,
-0.100_-0.300_0.560,L,lower,35,auto,free,True,True,3.319285347359635,-0.1,-0.3,0.56,False,
-0.100_-0.300_0.560,R,lower,0,auto,free,True,True,1.3014808276866052,-0.1,-0.3,0.56,False,
-0.100_-0.300_0.560,R,lower,1,auto,free,True,True,1.317423884735533,-0.1,-0.3,0.56,False,
-0.100_-0.300_0.560,R,lower,2,auto,free,True,True,1.1880054801099758,-0.1,-0.3,0.56,False,
-0.100_-0.300_0.560,R,lower,3,auto,free,True,True,0.6000459333513608,-0.1,-0.3,0.56,True,figures/-0p100_-0p300_0p560_R_ik3_free_BEST.png
-0.100_-0.300_0.560,R,lower,4,auto,free,True,True,1.4668554256001953,-0.1,-0.3,0.56,False,
-0.100_-0.300_0.560,R,lower,5,auto,free,True,True,1.2060256111383776,-0.1,-0.3,0.56,False,
-0.100_-0.300_0.560,R,lower,6,auto,free,True,True,0.7093777728540518,-0.1,-0.3,0.56,False,
-0.100_-0.300_0.560,R,lower,7,auto,free,True,True,2.346148520083105,-0.1,-0.3,0.56,False,
-0.100_-0.300_0.560,R,lower,8,auto,free,True,True,1.3171434771818733,-0.1,-0.3,0.56,False,
-0.100_-0.300_0.560,R,lower,9,auto,free,True,True,0.9786216540965382,-0.1,-0.3,0.56,False,
-0.100_-0.300_0.560,R,lower,10,auto,free,True,True,2.478266311862755,-0.1,-0.3,0.56,False,
-0.100_-0.300_0.560,R,lower,11,auto,free,True,True,0.9002546162714469,-0.1,-0.3,0.56,False,
-0.100_-0.300_0.560,R,lower,12,auto,free,True,True,1.3341771725425555,-0.1,-0.3,0.56,False,
-0.100_-0.300_0.560,R,lower,13,auto,free,True,True,2.1757233016106197,-0.1,-0.3,0.56,False,
-0.100_-0.300_0.560,R,lower,14,auto,free,True,True,2.2283422818234455,-0.1,-0.3,0.56,False,
-0.100_-0.300_0.560,R,lower,15,auto,free,True,True,1.788445385825703,-0.1,-0.3,0.56,False,
-0.100_-0.300_0.560,R,lower,16,auto,free,True,True,2.551658043062673,-0.1,-0.3,0.56,False,
-0.100_-0.300_0.560,R,lower,17,auto,free,True,True,1.8937466203446016,-0.1,-0.3,0.56,False,
-0.100_-0.300_0.560,R,lower,18,auto,free,True,True,2.433675115895214,-0.1,-0.3,0.56,False,
-0.100_-0.300_0.560,R,lower,19,auto,free,True,True,2.4917066061604443,-0.1,-0.3,0.56,False,
-0.100_-0.300_0.560,R,lower,20,auto,free,True,True,2.5132272835822116,-0.1,-0.3,0.56,False,
-0.100_-0.350_0.560,L,lower,0,auto,free,True,True,1.3354157754452354,-0.1,-0.35,0.56,True,figures/-0p100_-0p350_0p560_L_ik0_free_BEST.png
-0.100_-0.350_0.560,L,lower,1,auto,free,True,True,2.14146272879743,-0.1,-0.35,0.56,False,
-0.100_-0.350_0.560,L,lower,2,auto,free,True,True,3.281724356537106,-0.1,-0.35,0.56,False,
-0.100_-0.350_0.560,L,lower,3,auto,free,True,True,2.3438926001447777,-0.1,-0.35,0.56,False,
-0.100_-0.350_0.560,L,lower,4,auto,free,True,True,2.1842780438164553,-0.1,-0.35,0.56,False,
-0.100_-0.350_0.560,L,lower,5,auto,free,True,True,2.732950888431822,-0.1,-0.35,0.56,False,
-0.100_-0.350_0.560,L,lower,6,auto,free,True,True,2.496263203250044,-0.1,-0.35,0.56,False,
-0.100_-0.350_0.560,L,lower,7,auto,free,True,True,2.8532404079716747,-0.1,-0.35,0.56,False,
-0.100_-0.350_0.560,L,lower,8,auto,free,True,True,2.495788394108785,-0.1,-0.35,0.56,False,
-0.100_-0.350_0.560,L,lower,9,auto,free,True,True,2.1215061509507143,-0.1,-0.35,0.56,False,
-0.100_-0.350_0.560,L,lower,10,auto,free,True,True,3.168354237987127,-0.1,-0.35,0.56,False,
-0.100_-0.350_0.560,L,lower,11,auto,free,True,True,3.7363678620789704,-0.1,-0.35,0.56,False,
-0.100_-0.350_0.560,L,lower,12,auto,free,True,True,3.0,-0.1,-0.35,0.56,False,
-0.100_-0.350_0.560,L,lower,13,auto,free,True,True,2.49678379101397,-0.1,-0.35,0.56,False,
-0.100_-0.350_0.560,L,lower,14,auto,free,True,True,2.1485466991815185,-0.1,-0.35,0.56,False,
-0.100_-0.350_0.560,L,lower,15,auto,free,True,True,3.0289382831915352,-0.1,-0.35,0.56,False,
-0.100_-0.350_0.560,L,lower,16,auto,free,True,True,3.0,-0.1,-0.35,0.56,False,
-0.100_-0.350_0.560,L,lower,17,auto,free,True,True,2.712864748289289,-0.1,-0.35,0.56,False,
-0.100_-0.350_0.560,L,lower,18,auto,free,True,True,2.9261902531934085,-0.1,-0.35,0.56,False,
-0.100_-0.350_0.560,L,lower,19,auto,free,True,True,2.8761411660572342,-0.1,-0.35,0.56,False,
-0.100_-0.350_0.560,L,lower,20,auto,free,True,True,3.448667508320213,-0.1,-0.35,0.56,False,
-0.100_-0.350_0.560,L,lower,21,auto,free,True,True,2.6286317642580697,-0.1,-0.35,0.56,False,
-0.100_-0.350_0.560,L,lower,22,auto,free,True,True,2.463667284855446,-0.1,-0.35,0.56,False,
-0.100_-0.350_0.560,L,lower,23,auto,free,True,True,2.248812093516149,-0.1,-0.35,0.56,False,
-0.100_-0.350_0.560,L,lower,24,auto,free,True,True,3.0261527733558404,-0.1,-0.35,0.56,False,
-0.100_-0.350_0.560,L,lower,25,auto,free,True,True,2.0299466762470937,-0.1,-0.35,0.56,False,
-0.100_-0.350_0.560,L,lower,26,auto,free,True,True,2.1261612704985984,-0.1,-0.35,0.56,False,
-0.100_-0.350_0.560,L,lower,27,auto,free,True,True,1.9525621449047774,-0.1,-0.35,0.56,False,
-0.100_-0.350_0.560,L,lower,28,auto,free,True,True,3.144780995168574,-0.1,-0.35,0.56,False,
-0.100_-0.350_0.560,L,lower,29,auto,free,True,True,2.7333712649713933,-0.1,-0.35,0.56,False,
-0.100_-0.350_0.560,L,lower,30,auto,free,True,True,2.5213376121217492,-0.1,-0.35,0.56,False,
-0.100_-0.350_0.560,L,lower,31,auto,free,True,True,2.179108446611728,-0.1,-0.35,0.56,False,
-0.100_-0.350_0.560,L,lower,32,auto,free,True,True,2.0232911946187637,-0.1,-0.35,0.56,False,
-0.100_-0.350_0.560,R,lower,0,auto,free,True,True,0.944626915582299,-0.1,-0.35,0.56,False,
-0.100_-0.350_0.560,R,lower,1,auto,free,True,True,1.3412514368626787,-0.1,-0.35,0.56,False,
-0.100_-0.350_0.560,R,lower,2,auto,free,True,True,1.439350897774967,-0.1,-0.35,0.56,False,
-0.100_-0.350_0.560,R,lower,3,auto,free,True,True,0.7062310117727431,-0.1,-0.35,0.56,True,figures/-0p100_-0p350_0p560_R_ik3_free_BEST.png
-0.100_-0.350_0.560,R,lower,4,auto,free,True,True,2.0157302735945457,-0.1,-0.35,0.56,False,
-0.100_-0.350_0.560,R,lower,5,auto,free,True,True,0.7859112524085479,-0.1,-0.35,0.56,False,
-0.100_-0.350_0.560,R,lower,6,auto,free,True,True,0.9758105066509977,-0.1,-0.35,0.56,False,
-0.100_-0.350_0.560,R,lower,7,auto,free,True,True,1.487794870279809,-0.1,-0.35,0.56,False,
-0.100_-0.350_0.560,R,lower,8,auto,free,True,True,2.1764398381978425,-0.1,-0.35,0.56,False,
-0.100_-0.350_0.560,R,lower,9,auto,free,True,True,1.3277391423242377,-0.1,-0.35,0.56,False,
-0.100_-0.350_0.560,R,lower,10,auto,free,True,True,2.067264614663528,-0.1,-0.35,0.56,False,
-0.100_-0.350_0.560,R,lower,11,auto,free,True,True,1.3897692720480646,-0.1,-0.35,0.56,False,
-0.100_-0.350_0.560,R,lower,12,auto,free,True,True,1.7852370668827284,-0.1,-0.35,0.56,False,
-0.100_-0.350_0.560,R,lower,13,auto,free,True,True,2.3499542828772197,-0.1,-0.35,0.56,False,
-0.100_-0.350_0.560,R,lower,14,auto,free,True,True,2.390368795772433,-0.1,-0.35,0.56,False,
-0.100_-0.400_0.560,L,lower,0,auto,free,True,True,1.6749174380175818,-0.1,-0.4,0.56,False,
-0.100_-0.400_0.560,L,lower,1,auto,free,True,True,2.538367299702429,-0.1,-0.4,0.56,False,
-0.100_-0.400_0.560,L,lower,2,auto,free,True,True,3.2678632637781964,-0.1,-0.4,0.56,False,
-0.100_-0.400_0.560,L,lower,3,auto,free,True,True,1.7848932773580513,-0.1,-0.4,0.56,False,
-0.100_-0.400_0.560,L,lower,4,auto,free,True,True,2.137198593107503,-0.1,-0.4,0.56,False,
-0.100_-0.400_0.560,L,lower,5,auto,free,True,True,3.497031185239053,-0.1,-0.4,0.56,False,
-0.100_-0.400_0.560,L,lower,6,auto,free,True,True,2.982724406608407,-0.1,-0.4,0.56,False,
-0.100_-0.400_0.560,L,lower,7,auto,free,True,True,2.6920087163858657,-0.1,-0.4,0.56,False,
-0.100_-0.400_0.560,L,lower,8,auto,free,True,True,2.2324772021317667,-0.1,-0.4,0.56,False,
-0.100_-0.400_0.560,L,lower,9,auto,free,True,True,2.339919119222934,-0.1,-0.4,0.56,False,
-0.100_-0.400_0.560,L,lower,10,auto,free,True,True,2.405815166106453,-0.1,-0.4,0.56,False,
-0.100_-0.400_0.560,L,lower,11,auto,free,True,True,3.797881556042179,-0.1,-0.4,0.56,False,
-0.100_-0.400_0.560,L,lower,12,auto,free,True,True,2.5845218335984033,-0.1,-0.4,0.56,False,
-0.100_-0.400_0.560,L,lower,13,auto,free,True,True,2.8102913667334475,-0.1,-0.4,0.56,False,
-0.100_-0.400_0.560,L,lower,14,auto,free,True,True,3.2529250021832947,-0.1,-0.4,0.56,False,
-0.100_-0.400_0.560,L,lower,15,auto,free,True,True,2.7846518262208693,-0.1,-0.4,0.56,False,
-0.100_-0.400_0.560,L,lower,16,auto,free,True,True,3.419470176621445,-0.1,-0.4,0.56,False,
-0.100_-0.400_0.560,L,lower,17,auto,free,True,True,3.401566488526197,-0.1,-0.4,0.56,False,
-0.100_-0.400_0.560,L,lower,18,auto,free,True,True,2.596952657938701,-0.1,-0.4,0.56,False,
-0.100_-0.400_0.560,L,lower,19,auto,free,True,True,2.324512890670152,-0.1,-0.4,0.56,False,
-0.100_-0.400_0.560,L,lower,20,auto,free,True,True,2.843000761040881,-0.1,-0.4,0.56,False,
-0.100_-0.400_0.560,L,lower,21,auto,free,True,True,2.6263004127588827,-0.1,-0.4,0.56,False,
-0.100_-0.400_0.560,L,lower,22,auto,free,True,True,1.9299346929549892,-0.1,-0.4,0.56,False,
-0.100_-0.400_0.560,L,lower,23,auto,free,True,True,2.8512799024840225,-0.1,-0.4,0.56,False,
-0.100_-0.400_0.560,L,lower,24,auto,free,True,True,1.6716237983780768,-0.1,-0.4,0.56,True,figures/-0p100_-0p400_0p560_L_ik24_free_BEST.png
-0.100_-0.400_0.560,L,lower,25,auto,free,True,True,3.402901362812462,-0.1,-0.4,0.56,False,
-0.100_-0.400_0.560,L,lower,26,auto,free,True,True,2.1236451083161385,-0.1,-0.4,0.56,False,
-0.100_-0.400_0.560,R,lower,0,auto,free,True,True,1.7067601457016308,-0.1,-0.4,0.56,False,
-0.100_-0.400_0.560,R,lower,1,auto,free,True,True,1.331909681647786,-0.1,-0.4,0.56,False,
-0.100_-0.400_0.560,R,lower,2,auto,free,True,True,1.6947084070082123,-0.1,-0.4,0.56,False,
-0.100_-0.400_0.560,R,lower,3,auto,free,True,True,0.9728970412772555,-0.1,-0.4,0.56,False,
-0.100_-0.400_0.560,R,lower,4,auto,free,True,True,1.4280256866306353,-0.1,-0.4,0.56,False,
-0.100_-0.400_0.560,R,lower,5,auto,free,True,True,0.9480862810403594,-0.1,-0.4,0.56,True,figures/-0p100_-0p400_0p560_R_ik5_free_BEST.png
-0.100_-0.400_0.560,R,lower,6,auto,free,True,True,1.3249896676946307,-0.1,-0.4,0.56,False,
-0.100_-0.400_0.560,R,lower,7,auto,free,True,True,1.3832905611252755,-0.1,-0.4,0.56,False,
-0.100_-0.400_0.560,R,lower,8,auto,free,True,True,1.2478323353147824,-0.1,-0.4,0.56,False,
-0.100_-0.400_0.560,R,lower,9,auto,free,True,True,1.7980787800310452,-0.1,-0.4,0.56,False,
-0.100_-0.400_0.560,R,lower,10,auto,free,True,True,2.0154219108924534,-0.1,-0.4,0.56,False,
-0.100_-0.400_0.560,R,lower,11,auto,free,True,True,2.0031850973712366,-0.1,-0.4,0.56,False,
-0.100_-0.450_0.560,L,lower,0,auto,free,True,True,1.8734911339087743,-0.1,-0.45,0.56,True,figures/-0p100_-0p450_0p560_L_ik0_free_BEST.png
-0.100_-0.450_0.560,L,lower,1,auto,free,True,True,3.4558551190842524,-0.1,-0.45,0.56,False,
-0.100_-0.450_0.560,L,lower,2,auto,free,True,True,3.0970120956815834,-0.1,-0.45,0.56,False,
-0.100_-0.450_0.560,L,lower,3,auto,free,True,True,2.6661429614159093,-0.1,-0.45,0.56,False,
-0.100_-0.450_0.560,L,lower,4,auto,free,True,True,3.197596254847065,-0.1,-0.45,0.56,False,
-0.100_-0.450_0.560,L,lower,5,auto,free,True,True,1.9383674895362524,-0.1,-0.45,0.56,False,
-0.100_-0.450_0.560,L,lower,6,auto,free,True,True,2.639204379234142,-0.1,-0.45,0.56,False,
-0.100_-0.450_0.560,L,lower,7,auto,free,True,True,2.1830449760286874,-0.1,-0.45,0.56,False,
-0.100_-0.450_0.560,L,lower,8,auto,free,True,True,2.2382887782462637,-0.1,-0.45,0.56,False,
-0.100_-0.450_0.560,L,lower,9,auto,free,True,True,2.4297332784402483,-0.1,-0.45,0.56,False,
-0.100_-0.450_0.560,L,lower,10,auto,free,True,True,3.380150120269792,-0.1,-0.45,0.56,False,
-0.100_-0.450_0.560,L,lower,11,auto,free,True,True,3.8642107473265623,-0.1,-0.45,0.56,False,
-0.100_-0.450_0.560,L,lower,12,auto,free,True,True,2.9672662111081847,-0.1,-0.45,0.56,False,
-0.100_-0.450_0.560,L,lower,13,auto,free,True,True,2.8912333127811385,-0.1,-0.45,0.56,False,
-0.100_-0.450_0.560,L,lower,14,auto,free,True,True,3.5940952539259903,-0.1,-0.45,0.56,False,
-0.100_-0.450_0.560,L,lower,15,auto,free,True,True,2.8752134549003676,-0.1,-0.45,0.56,False,
-0.100_-0.450_0.560,L,lower,16,auto,free,True,True,3.4531133502633677,-0.1,-0.45,0.56,False,
-0.100_-0.450_0.560,L,lower,17,auto,free,True,True,2.7659540164779868,-0.1,-0.45,0.56,False,
-0.100_-0.450_0.560,L,lower,18,auto,free,True,True,2.3680419142751647,-0.1,-0.45,0.56,False,
-0.100_-0.450_0.560,L,lower,19,auto,free,True,True,3.3839603719281275,-0.1,-0.45,0.56,False,
-0.100_-0.450_0.560,L,lower,20,auto,free,True,True,2.7409570857109955,-0.1,-0.45,0.56,False,
-0.100_-0.450_0.560,L,lower,21,auto,free,True,True,2.292660899458413,-0.1,-0.45,0.56,False,
-0.100_-0.450_0.560,L,lower,22,auto,free,True,True,2.159175776203665,-0.1,-0.45,0.56,False,
-0.100_-0.450_0.560,L,lower,23,auto,free,True,True,2.7112199177440672,-0.1,-0.45,0.56,False,
-0.100_-0.450_0.560,R,lower,0,auto,free,True,True,1.4081381205616375,-0.1,-0.45,0.56,False,
-0.100_-0.450_0.560,R,lower,1,auto,free,True,True,0.9756739044634515,-0.1,-0.45,0.56,True,figures/-0p100_-0p450_0p560_R_ik1_free_BEST.png
-0.100_-0.450_0.560,R,lower,2,auto,free,True,True,1.5079397328537332,-0.1,-0.45,0.56,False,
-0.100_-0.450_0.560,R,lower,3,auto,free,True,True,1.3222433406874945,-0.1,-0.45,0.56,False,
-0.100_-0.450_0.560,R,lower,4,auto,free,True,True,1.4808490807644117,-0.1,-0.45,0.56,False,
-0.100_-0.450_0.560,R,lower,5,auto,free,True,True,1.4512794008649723,-0.1,-0.45,0.56,False,
-0.100_-0.450_0.560,R,lower,6,auto,free,True,True,1.5496030757784252,-0.1,-0.45,0.56,False,
-0.100_-0.450_0.560,R,lower,7,auto,free,True,True,1.7401781835204393,-0.1,-0.45,0.56,False,
-0.100_-0.450_0.560,R,lower,8,auto,free,True,True,1.6768880085992937,-0.1,-0.45,0.56,False,
-0.100_-0.500_0.560,L,lower,0,auto,free,True,True,2.80361436510843,-0.1,-0.5,0.56,False,
-0.100_-0.500_0.560,L,lower,1,auto,free,True,True,2.659024809539296,-0.1,-0.5,0.56,False,
-0.100_-0.500_0.560,L,lower,2,auto,free,True,True,3.473997750138859,-0.1,-0.5,0.56,False,
-0.100_-0.500_0.560,L,lower,3,auto,free,True,True,2.6153587907241516,-0.1,-0.5,0.56,False,
-0.100_-0.500_0.560,L,lower,4,auto,free,True,True,2.619088593869017,-0.1,-0.5,0.56,False,
-0.100_-0.500_0.560,L,lower,5,auto,free,True,True,3.406364600366264,-0.1,-0.5,0.56,False,
-0.100_-0.500_0.560,L,lower,6,auto,free,True,True,2.5420109125202734,-0.1,-0.5,0.56,True,figures/-0p100_-0p500_0p560_L_ik6_free_BEST.png
-0.100_-0.500_0.560,L,lower,7,auto,free,True,True,2.577134389145262,-0.1,-0.5,0.56,False,
-0.100_-0.500_0.560,L,lower,8,auto,free,True,True,2.94069638325378,-0.1,-0.5,0.56,False,
-0.100_-0.500_0.560,L,lower,9,auto,free,True,True,2.790514281484856,-0.1,-0.5,0.56,False,
-0.100_-0.500_0.560,L,lower,10,auto,free,True,True,2.9831165609053407,-0.1,-0.5,0.56,False,
-0.100_-0.500_0.560,L,lower,11,auto,free,True,True,2.8651973111060296,-0.1,-0.5,0.56,False,
-0.100_-0.500_0.560,L,lower,12,auto,free,True,True,3.122023859796366,-0.1,-0.5,0.56,False,
-0.100_-0.500_0.560,L,lower,13,auto,free,True,True,2.7113147890074494,-0.1,-0.5,0.56,False,
-0.100_-0.500_0.560,L,lower,14,auto,free,True,True,2.6394303064296434,-0.1,-0.5,0.56,False,
-0.100_-0.500_0.560,L,lower,15,auto,free,True,True,2.776701971214993,-0.1,-0.5,0.56,False,
-0.100_-0.500_0.560,L,lower,16,auto,free,True,True,2.569893943021828,-0.1,-0.5,0.56,False,
-0.100_-0.500_0.560,L,lower,17,auto,free,True,True,3.447033892680067,-0.1,-0.5,0.56,False,
-0.100_-0.500_0.560,L,lower,18,auto,free,True,True,2.972437737067665,-0.1,-0.5,0.56,False,
-0.100_-0.550_0.560,L,lower,0,auto,free,False,True,3.1253861347639758,-0.1,-0.55,0.56,False,
-0.100_-0.550_0.560,L,lower,1,auto,free,False,True,3.0336520342696884,-0.1,-0.55,0.56,False,
-0.100_-0.550_0.560,L,lower,2,auto,free,False,True,2.892441042272903,-0.1,-0.55,0.56,False,
-0.100_-0.550_0.560,L,lower,3,auto,free,False,True,3.0682567274209736,-0.1,-0.55,0.56,False,
-0.100_-0.550_0.560,L,lower,4,auto,free,False,True,3.3040690114207827,-0.1,-0.55,0.56,False,
-0.100_-0.550_0.560,L,lower,5,auto,free,False,True,3.478282797818889,-0.1,-0.55,0.56,False,
-0.100_-0.550_0.560,L,lower,6,auto,free,False,True,2.898975321783052,-0.1,-0.55,0.56,False,
-0.100_-0.550_0.560,L,lower,7,auto,free,False,True,3.114123881190338,-0.1,-0.55,0.56,False,
-0.100_-0.550_0.560,L,lower,8,auto,free,False,True,3.1104845852692473,-0.1,-0.55,0.56,False,
-0.100_-0.550_0.560,L,lower,9,auto,free,False,True,2.761881470403612,-0.1,-0.55,0.56,True,figures/-0p100_-0p550_0p560_L_ik9_free_BEST.png
-0.100_-0.550_0.560,L,lower,10,auto,free,False,True,3.298502367693734,-0.1,-0.55,0.56,False,
-0.100_-0.550_0.560,L,lower,11,auto,free,False,True,3.1421174201264535,-0.1,-0.55,0.56,False,
-0.100_0.300_0.560,L,upper,0,auto,free,True,True,0.8575679221485561,-0.1,0.3,0.56,False,
-0.100_0.300_0.560,L,upper,1,auto,free,True,True,1.5321536541093912,-0.1,0.3,0.56,False,
-0.100_0.300_0.560,L,upper,2,auto,free,True,True,1.0,-0.1,0.3,0.56,False,
-0.100_0.300_0.560,L,upper,3,auto,free,True,True,1.9944739219668288,-0.1,0.3,0.56,False,
-0.100_0.300_0.560,L,upper,4,auto,free,True,True,0.763794245421678,-0.1,0.3,0.56,False,
-0.100_0.300_0.560,L,upper,5,auto,free,True,True,0.41977858303439675,-0.1,0.3,0.56,False,
-0.100_0.300_0.560,L,upper,6,auto,free,True,True,0.19802167455407524,-0.1,0.3,0.56,False,
-0.100_0.300_0.560,L,upper,7,auto,free,True,True,1.5454630542330503,-0.1,0.3,0.56,False,
-0.100_0.300_0.560,L,upper,8,auto,free,True,True,0.9953992512140369,-0.1,0.3,0.56,False,
-0.100_0.300_0.560,L,upper,9,auto,free,True,True,0.13790001565682886,-0.1,0.3,0.56,True,figures/-0p100_0p300_0p560_L_ik9_free_BEST.png
-0.100_0.300_0.560,L,upper,10,auto,free,True,True,0.7879552937083982,-0.1,0.3,0.56,False,
-0.100_0.300_0.560,L,upper,11,auto,free,True,True,2.4989999999525025,-0.1,0.3,0.56,False,
-0.100_0.300_0.560,L,upper,12,auto,free,True,True,0.2271538946101308,-0.1,0.3,0.56,False,
-0.100_0.300_0.560,L,upper,13,auto,free,True,True,1.0064402969432615,-0.1,0.3,0.56,False,
-0.100_0.300_0.560,L,upper,14,auto,free,True,True,0.2809022917486699,-0.1,0.3,0.56,False,
-0.100_0.300_0.560,L,upper,15,auto,free,True,True,0.5294938188824085,-0.1,0.3,0.56,False,
-0.100_0.300_0.560,L,upper,16,auto,free,True,True,1.8080819954563712,-0.1,0.3,0.56,False,
-0.100_0.300_0.560,L,upper,17,auto,free,True,True,2.5669244983806356,-0.1,0.3,0.56,False,
-0.100_0.300_0.560,L,upper,18,auto,free,True,True,1.0775746483691466,-0.1,0.3,0.56,False,
-0.100_0.300_0.560,L,upper,19,auto,free,True,True,2.122954222548824,-0.1,0.3,0.56,False,
-0.100_0.300_0.560,L,upper,20,auto,free,True,True,2.5999999046325684,-0.1,0.3,0.56,False,
-0.100_0.300_0.560,L,upper,21,auto,free,True,True,1.7898440316899469,-0.1,0.3,0.56,False,
-0.100_0.300_0.560,L,upper,22,auto,free,True,True,2.4816098676095444,-0.1,0.3,0.56,False,
-0.100_0.300_0.560,L,upper,23,auto,free,True,True,2.0621455901483463,-0.1,0.3,0.56,False,
-0.100_0.300_0.560,L,upper,24,auto,free,True,True,1.7381311084743978,-0.1,0.3,0.56,False,
-0.100_0.300_0.560,L,upper,25,auto,free,True,True,2.829738161654835,-0.1,0.3,0.56,False,
-0.100_0.300_0.560,L,upper,26,auto,free,True,True,3.0380340937415977,-0.1,0.3,0.56,False,
-0.100_0.300_0.560,L,upper,27,auto,free,True,True,3.0,-0.1,0.3,0.56,False,
-0.100_0.300_0.560,L,upper,28,auto,free,True,True,3.0,-0.1,0.3,0.56,False,
-0.100_0.300_0.560,L,upper,29,auto,free,True,True,1.8215750289896615,-0.1,0.3,0.56,False,
-0.100_0.300_0.560,L,upper,30,auto,free,True,True,2.461896322569213,-0.1,0.3,0.56,False,
-0.100_0.300_0.560,L,upper,31,auto,free,True,True,3.0,-0.1,0.3,0.56,False,
-0.100_0.300_0.560,L,upper,32,auto,free,True,True,2.459233170280623,-0.1,0.3,0.56,False,
-0.100_0.300_0.560,L,upper,33,auto,free,True,True,3.0,-0.1,0.3,0.56,False,
-0.100_0.300_0.560,L,upper,34,auto,free,True,True,3.0,-0.1,0.3,0.56,False,
-0.100_0.300_0.560,L,upper,35,auto,free,True,True,2.8203285706145387,-0.1,0.3,0.56,False,
-0.100_0.300_0.560,L,upper,36,auto,free,True,True,1.0,-0.1,0.3,0.56,False,
-0.100_0.300_0.560,L,upper,37,auto,free,True,True,1.0795886897939682,-0.1,0.3,0.56,False,
-0.100_0.300_0.560,L,upper,38,auto,free,True,True,1.0,-0.1,0.3,0.56,False,
-0.100_0.300_0.560,R,upper,0,auto,free,True,True,1.6003000521855344,-0.1,0.3,0.56,True,figures/-0p100_0p300_0p560_R_ik0_free_BEST.png
-0.100_0.300_0.560,R,upper,1,auto,free,True,True,2.0164284556176084,-0.1,0.3,0.56,False,
-0.100_0.300_0.560,R,upper,2,auto,free,True,True,2.8005438482684974,-0.1,0.3,0.56,False,
-0.100_0.300_0.560,R,upper,3,auto,free,True,True,2.6532610060123853,-0.1,0.3,0.56,False,
-0.100_0.300_0.560,R,upper,4,auto,free,True,True,1.9831979764697887,-0.1,0.3,0.56,False,
-0.100_0.300_0.560,R,upper,5,auto,free,True,True,2.5389312604757555,-0.1,0.3,0.56,False,
-0.100_0.300_0.560,R,upper,6,auto,free,True,True,1.8331821350631432,-0.1,0.3,0.56,False,
-0.100_0.300_0.560,R,upper,7,auto,free,True,True,2.9954515122778114,-0.1,0.3,0.56,False,
-0.100_0.300_0.560,R,upper,8,auto,free,True,True,2.904187267029271,-0.1,0.3,0.56,False,
-0.100_0.300_0.560,R,upper,9,auto,free,True,True,2.3664572721796757,-0.1,0.3,0.56,False,
-0.100_0.300_0.560,R,upper,10,auto,free,True,True,2.5893425844336373,-0.1,0.3,0.56,False,
-0.100_0.300_0.560,R,upper,11,auto,free,True,True,2.6822161171747894,-0.1,0.3,0.56,False,
-0.100_0.300_0.560,R,upper,12,auto,free,True,True,2.5915803260697445,-0.1,0.3,0.56,False,
-0.100_0.300_0.560,R,upper,13,auto,free,True,True,3.242923977359788,-0.1,0.3,0.56,False,
-0.100_0.300_0.560,R,upper,14,auto,free,True,True,2.795815225354085,-0.1,0.3,0.56,False,
-0.100_0.350_0.560,L,upper,0,auto,free,True,True,0.7730864298808342,-0.1,0.35,0.56,False,
-0.100_0.350_0.560,L,upper,1,auto,free,True,True,0.8192106813797655,-0.1,0.35,0.56,False,
-0.100_0.350_0.560,L,upper,2,auto,free,True,True,1.4854615108849378,-0.1,0.35,0.56,False,
-0.100_0.350_0.560,L,upper,3,auto,free,True,True,0.7253616618971908,-0.1,0.35,0.56,False,
-0.100_0.350_0.560,L,upper,4,auto,free,True,True,1.5446540675792138,-0.1,0.35,0.56,False,
-0.100_0.350_0.560,L,upper,5,auto,free,True,True,0.48168158482107515,-0.1,0.35,0.56,False,
-0.100_0.350_0.560,L,upper,6,auto,free,True,True,0.17859766571917016,-0.1,0.35,0.56,True,figures/-0p100_0p350_0p560_L_ik6_free_BEST.png
-0.100_0.350_0.560,L,upper,7,auto,free,True,True,2.395351860574779,-0.1,0.35,0.56,False,
-0.100_0.350_0.560,L,upper,8,auto,free,True,True,0.7551563931950142,-0.1,0.35,0.56,False,
-0.100_0.350_0.560,L,upper,9,auto,free,True,True,0.23307493050606976,-0.1,0.35,0.56,False,
-0.100_0.350_0.560,L,upper,10,auto,free,True,True,0.7437244128135188,-0.1,0.35,0.56,False,
-0.100_0.350_0.560,L,upper,11,auto,free,True,True,0.8462377341776561,-0.1,0.35,0.56,False,
-0.100_0.350_0.560,L,upper,12,auto,free,True,True,0.5256689372943706,-0.1,0.35,0.56,False,
-0.100_0.350_0.560,L,upper,13,auto,free,True,True,2.4862186664000285,-0.1,0.35,0.56,False,
-0.100_0.350_0.560,L,upper,14,auto,free,True,True,2.416356083263583,-0.1,0.35,0.56,False,
-0.100_0.350_0.560,L,upper,15,auto,free,True,True,0.8786933437062427,-0.1,0.35,0.56,False,
-0.100_0.350_0.560,L,upper,16,auto,free,True,True,2.120481165354188,-0.1,0.35,0.56,False,
-0.100_0.350_0.560,L,upper,17,auto,free,True,True,2.447524106430889,-0.1,0.35,0.56,False,
-0.100_0.350_0.560,L,upper,18,auto,free,True,True,3.0,-0.1,0.35,0.56,False,
-0.100_0.350_0.560,L,upper,19,auto,free,True,True,2.4652800429667883,-0.1,0.35,0.56,False,
-0.100_0.350_0.560,L,upper,20,auto,free,True,True,2.5999999046325684,-0.1,0.35,0.56,False,
-0.100_0.350_0.560,L,upper,21,auto,free,True,True,2.5860896700044345,-0.1,0.35,0.56,False,
-0.100_0.350_0.560,L,upper,22,auto,free,True,True,2.8423674312718354,-0.1,0.35,0.56,False,
-0.100_0.350_0.560,L,upper,23,auto,free,True,True,1.7459293686485222,-0.1,0.35,0.56,False,
-0.100_0.350_0.560,L,upper,24,auto,free,True,True,2.099948905697363,-0.1,0.35,0.56,False,
-0.100_0.350_0.560,L,upper,25,auto,free,True,True,3.0,-0.1,0.35,0.56,False,
-0.100_0.350_0.560,L,upper,26,auto,free,True,True,2.0149274261060692,-0.1,0.35,0.56,False,
-0.100_0.350_0.560,L,upper,27,auto,free,True,True,2.8430922259816507,-0.1,0.35,0.56,False,
-0.100_0.350_0.560,L,upper,28,auto,free,True,True,3.0,-0.1,0.35,0.56,False,
-0.100_0.350_0.560,L,upper,29,auto,free,True,True,2.4264910484295505,-0.1,0.35,0.56,False,
-0.100_0.350_0.560,L,upper,30,auto,free,True,True,2.785726809305826,-0.1,0.35,0.56,False,
-0.100_0.350_0.560,L,upper,31,auto,free,True,True,3.0,-0.1,0.35,0.56,False,
-0.100_0.350_0.560,L,upper,32,auto,free,True,True,2.8213465621034195,-0.1,0.35,0.56,False,
-0.100_0.350_0.560,R,upper,0,auto,free,True,True,2.675701751374187,-0.1,0.35,0.56,False,
-0.100_0.350_0.560,R,upper,1,auto,free,True,True,2.376639646032036,-0.1,0.35,0.56,False,
-0.100_0.350_0.560,R,upper,2,auto,free,True,True,2.7888922151550686,-0.1,0.35,0.56,False,
-0.100_0.350_0.560,R,upper,3,auto,free,True,True,1.8041961142319305,-0.1,0.35,0.56,True,figures/-0p100_0p350_0p560_R_ik3_free_BEST.png
-0.100_0.350_0.560,R,upper,4,auto,free,True,True,2.454777558449428,-0.1,0.35,0.56,False,
-0.100_0.350_0.560,R,upper,5,auto,free,True,True,3.0421958334365735,-0.1,0.35,0.56,False,
-0.100_0.350_0.560,R,upper,6,auto,free,True,True,2.742938536467462,-0.1,0.35,0.56,False,
-0.100_0.350_0.560,R,upper,7,auto,free,True,True,3.2448327153036507,-0.1,0.35,0.56,False,
-0.100_0.350_0.560,R,upper,8,auto,free,True,True,2.451652995863406,-0.1,0.35,0.56,False,
-0.100_0.350_0.560,R,upper,9,auto,free,True,True,2.3357495533036423,-0.1,0.35,0.56,False,
-0.100_0.350_0.560,R,upper,10,auto,free,True,True,2.729742278414222,-0.1,0.35,0.56,False,
-0.100_0.350_0.560,R,upper,11,auto,free,True,True,2.6646098456612144,-0.1,0.35,0.56,False,
-0.100_0.400_0.560,L,upper,0,auto,free,True,True,0.993241048994848,-0.1,0.4,0.56,False,
-0.100_0.400_0.560,L,upper,1,auto,free,True,True,1.3749536952929813,-0.1,0.4,0.56,False,
-0.100_0.400_0.560,L,upper,2,auto,free,True,True,1.3265329342728882,-0.1,0.4,0.56,False,
-0.100_0.400_0.560,L,upper,3,auto,free,True,True,0.22815114447003323,-0.1,0.4,0.56,True,figures/-0p100_0p400_0p560_L_ik3_free_BEST.png
-0.100_0.400_0.560,L,upper,4,auto,free,True,True,1.9925415113396039,-0.1,0.4,0.56,False,
-0.100_0.400_0.560,L,upper,5,auto,free,True,True,2.030771171841488,-0.1,0.4,0.56,False,
-0.100_0.400_0.560,L,upper,6,auto,free,True,True,0.23043825594227085,-0.1,0.4,0.56,False,
-0.100_0.400_0.560,L,upper,7,auto,free,True,True,0.602424126858017,-0.1,0.4,0.56,False,
-0.100_0.400_0.560,L,upper,8,auto,free,True,True,0.7372952765174245,-0.1,0.4,0.56,False,
-0.100_0.400_0.560,L,upper,9,auto,free,True,True,0.5230808017550581,-0.1,0.4,0.56,False,
-0.100_0.400_0.560,L,upper,10,auto,free,True,True,1.5652854508186829,-0.1,0.4,0.56,False,
-0.100_0.400_0.560,L,upper,11,auto,free,True,True,1.1387816221978655,-0.1,0.4,0.56,False,
-0.100_0.400_0.560,L,upper,12,auto,free,True,True,0.8707952118793125,-0.1,0.4,0.56,False,
-0.100_0.400_0.560,L,upper,13,auto,free,True,True,2.1112794118563794,-0.1,0.4,0.56,False,
-0.100_0.400_0.560,L,upper,14,auto,free,True,True,0.9557997008631491,-0.1,0.4,0.56,False,
-0.100_0.400_0.560,L,upper,15,auto,free,True,True,1.2638028404303554,-0.1,0.4,0.56,False,
-0.100_0.400_0.560,L,upper,16,auto,free,True,True,2.4621112492093133,-0.1,0.4,0.56,False,
-0.100_0.400_0.560,L,upper,17,auto,free,True,True,1.248496350362283,-0.1,0.4,0.56,False,
-0.100_0.400_0.560,L,upper,18,auto,free,True,True,1.6803454660272268,-0.1,0.4,0.56,False,
-0.100_0.400_0.560,L,upper,19,auto,free,True,True,2.82358625050057,-0.1,0.4,0.56,False,
-0.100_0.400_0.560,L,upper,20,auto,free,True,True,1.615496029473908,-0.1,0.4,0.56,False,
-0.100_0.400_0.560,L,upper,21,auto,free,True,True,2.0876330108364036,-0.1,0.4,0.56,False,
-0.100_0.400_0.560,L,upper,22,auto,free,True,True,2.985677594689834,-0.1,0.4,0.56,False,
-0.100_0.400_0.560,L,upper,23,auto,free,True,True,2.1350161727186947,-0.1,0.4,0.56,False,
-0.100_0.400_0.560,L,upper,24,auto,free,True,True,2.7904522470332904,-0.1,0.4,0.56,False,
-0.100_0.400_0.560,L,upper,25,auto,free,True,True,2.9327985769750686,-0.1,0.4,0.56,False,
-0.100_0.400_0.560,L,upper,26,auto,free,True,True,2.427876303112597,-0.1,0.4,0.56,False,
-0.100_0.400_0.560,L,upper,27,auto,free,True,True,2.9913040966452122,-0.1,0.4,0.56,False,
-0.100_0.400_0.560,L,upper,28,auto,free,True,True,3.0,-0.1,0.4,0.56,False,
-0.100_0.400_0.560,L,upper,29,auto,free,True,True,2.822365355433819,-0.1,0.4,0.56,False,
-0.100_0.400_0.560,R,upper,0,auto,free,True,True,2.4114295504526897,-0.1,0.4,0.56,False,
-0.100_0.400_0.560,R,upper,1,auto,free,True,True,2.5591518727251543,-0.1,0.4,0.56,False,
-0.100_0.400_0.560,R,upper,2,auto,free,True,True,2.4671189079069333,-0.1,0.4,0.56,False,
-0.100_0.400_0.560,R,upper,3,auto,free,True,True,2.5132380554527147,-0.1,0.4,0.56,False,
-0.100_0.400_0.560,R,upper,4,auto,free,True,True,2.581276691276144,-0.1,0.4,0.56,False,
-0.100_0.400_0.560,R,upper,5,auto,free,True,True,2.3521868360740594,-0.1,0.4,0.56,True,figures/-0p100_0p400_0p560_R_ik5_free_BEST.png
-0.100_0.400_0.560,R,upper,6,auto,free,True,True,2.795777991536007,-0.1,0.4,0.56,False,
-0.100_0.400_0.560,R,upper,7,auto,free,True,True,3.4113487577701553,-0.1,0.4,0.56,False,
-0.100_0.400_0.560,R,upper,8,auto,free,True,True,2.8370807947414054,-0.1,0.4,0.56,False,
-0.100_0.450_0.560,L,upper,0,auto,free,True,True,1.3105500199597833,-0.1,0.45,0.56,False,
-0.100_0.450_0.560,L,upper,1,auto,free,True,True,1.320476005871031,-0.1,0.45,0.56,False,
-0.100_0.450_0.560,L,upper,2,auto,free,True,True,1.0608674343396527,-0.1,0.45,0.56,False,
-0.100_0.450_0.560,L,upper,3,auto,free,True,True,1.9741520825911434,-0.1,0.45,0.56,False,
-0.100_0.450_0.560,L,upper,4,auto,free,True,True,2.2445203139974588,-0.1,0.45,0.56,False,
-0.100_0.450_0.560,L,upper,5,auto,free,True,True,1.1137616665357277,-0.1,0.45,0.56,False,
-0.100_0.450_0.560,L,upper,6,auto,free,True,True,0.5204932171496184,-0.1,0.45,0.56,True,figures/-0p100_0p450_0p560_L_ik6_free_BEST.png
-0.100_0.450_0.560,L,upper,7,auto,free,True,True,1.759272797809378,-0.1,0.45,0.56,False,
-0.100_0.450_0.560,L,upper,8,auto,free,True,True,2.025444328809569,-0.1,0.45,0.56,False,
-0.100_0.450_0.560,L,upper,9,auto,free,True,True,0.8751741396553343,-0.1,0.45,0.56,False,
-0.100_0.450_0.560,L,upper,10,auto,free,True,True,1.7913283982714905,-0.1,0.45,0.56,False,
-0.100_0.450_0.560,L,upper,11,auto,free,True,True,2.4358036100149256,-0.1,0.45,0.56,False,
-0.100_0.450_0.560,L,upper,12,auto,free,True,True,1.25861831668736,-0.1,0.45,0.56,False,
-0.100_0.450_0.560,L,upper,13,auto,free,True,True,2.062228947625351,-0.1,0.45,0.56,False,
-0.100_0.450_0.560,L,upper,14,auto,free,True,True,1.2514829567534782,-0.1,0.45,0.56,False,
-0.100_0.450_0.560,L,upper,15,auto,free,True,True,1.6754270760231649,-0.1,0.45,0.56,False,
-0.100_0.450_0.560,L,upper,16,auto,free,True,True,2.5779905261072744,-0.1,0.45,0.56,False,
-0.100_0.450_0.560,L,upper,17,auto,free,True,True,1.595640524963026,-0.1,0.45,0.56,False,
-0.100_0.450_0.560,L,upper,18,auto,free,True,True,2.0897607883773,-0.1,0.45,0.56,False,
-0.100_0.450_0.560,L,upper,19,auto,free,True,True,2.005826261295864,-0.1,0.45,0.56,False,
-0.100_0.450_0.560,L,upper,20,auto,free,True,True,2.018829352728157,-0.1,0.45,0.56,False,
-0.100_0.450_0.560,L,upper,21,auto,free,True,True,2.438830027598697,-0.1,0.45,0.56,False,
-0.100_0.450_0.560,L,upper,22,auto,free,True,True,2.1623758527309374,-0.1,0.45,0.56,False,
-0.100_0.450_0.560,L,upper,23,auto,free,True,True,2.4292623461219964,-0.1,0.45,0.56,False,
-0.100_0.500_0.560,L,upper,0,auto,free,False,True,1.5229100272265166,-0.1,0.5,0.56,False,
-0.100_0.500_0.560,L,upper,1,auto,free,False,True,1.3894172317200904,-0.1,0.5,0.56,False,
-0.100_0.500_0.560,L,upper,2,auto,free,False,True,1.0902672286775736,-0.1,0.5,0.56,False,
-0.100_0.500_0.560,L,upper,3,auto,free,False,True,0.5179061803635587,-0.1,0.5,0.56,True,figures/-0p100_0p500_0p560_L_ik3_free_BEST.png
-0.100_0.500_0.560,L,upper,4,auto,free,False,True,2.1235840917911006,-0.1,0.5,0.56,False,
-0.100_0.500_0.560,L,upper,5,auto,free,False,True,1.8339829455724872,-0.1,0.5,0.56,False,
-0.100_0.500_0.560,L,upper,6,auto,free,False,True,0.8655038955819898,-0.1,0.5,0.56,False,
-0.100_0.500_0.560,L,upper,7,auto,free,False,True,1.6989511496132845,-0.1,0.5,0.56,False,
-0.100_0.500_0.560,L,upper,8,auto,free,False,True,2.448440280056445,-0.1,0.5,0.56,False,
-0.100_0.500_0.560,L,upper,9,auto,free,False,True,1.247909482802306,-0.1,0.5,0.56,False,
-0.100_0.500_0.560,L,upper,10,auto,free,False,True,1.1745847340725442,-0.1,0.5,0.56,False,
-0.100_0.500_0.560,L,upper,11,auto,free,False,True,1.2549805775536256,-0.1,0.5,0.56,False,
-0.100_0.500_0.560,L,upper,12,auto,free,False,True,1.6705606554426369,-0.1,0.5,0.56,False,
-0.100_0.500_0.560,L,upper,13,auto,free,False,True,2.3802623200202655,-0.1,0.5,0.56,False,
-0.100_0.500_0.560,L,upper,14,auto,free,False,True,1.5989260989460499,-0.1,0.5,0.56,False,
-0.100_0.500_0.560,L,upper,15,auto,free,False,True,1.856435818323505,-0.1,0.5,0.56,False,
-0.100_0.500_0.560,L,upper,16,auto,free,False,True,2.5407081179957545,-0.1,0.5,0.56,False,
-0.100_0.500_0.560,L,upper,17,auto,free,False,True,2.0224282453250417,-0.1,0.5,0.56,False,
-0.100_0.500_0.560,L,upper,18,auto,free,False,True,2.377603413390342,-0.1,0.5,0.56,False,
-0.100_0.500_0.560,L,upper,19,auto,free,False,True,2.5644249301232405,-0.1,0.5,0.56,False,
-0.100_0.500_0.560,L,upper,20,auto,free,False,True,2.430649174834453,-0.1,0.5,0.56,False,
-0.100_0.550_0.560,L,upper,0,auto,safe,False,True,0.8814823803074971,-0.1,0.55,0.56,True,figures/-0p100_0p550_0p560_L_ik0_safe_BEST.png
-0.100_0.600_0.560,L,upper,0,auto,safe,False,True,1.7504328273490284,-0.1,0.6,0.56,False,
-0.100_0.600_0.560,L,upper,1,auto,safe,False,True,1.5676130712670195,-0.1,0.6,0.56,False,
-0.100_0.600_0.560,L,upper,2,auto,safe,False,True,1.2367963747481232,-0.1,0.6,0.56,True,figures/-0p100_0p600_0p560_L_ik2_safe_BEST.png
-0.100_0.600_0.560,L,upper,3,auto,safe,False,True,1.9032185082216193,-0.1,0.6,0.56,False,
-0.150_-0.300_0.560,L,lower,0,auto,free,True,True,2.4926251706884504,-0.15,-0.3,0.56,False,
-0.150_-0.300_0.560,L,lower,1,auto,free,True,True,1.923119880707161,-0.15,-0.3,0.56,False,
-0.150_-0.300_0.560,L,lower,2,auto,free,True,True,3.928022788369383,-0.15,-0.3,0.56,False,
-0.150_-0.300_0.560,L,lower,3,auto,free,True,True,2.256072343960329,-0.15,-0.3,0.56,False,
-0.150_-0.300_0.560,L,lower,4,auto,free,True,True,2.3437337811554784,-0.15,-0.3,0.56,False,
-0.150_-0.300_0.560,L,lower,5,auto,free,True,True,3.73620419236494,-0.15,-0.3,0.56,False,
-0.150_-0.300_0.560,L,lower,6,auto,free,True,True,2.8969454091425315,-0.15,-0.3,0.56,False,
-0.150_-0.300_0.560,L,lower,7,auto,free,True,True,2.680878313115683,-0.15,-0.3,0.56,False,
-0.150_-0.300_0.560,L,lower,8,auto,free,True,True,2.303324991939014,-0.15,-0.3,0.56,False,
-0.150_-0.300_0.560,L,lower,9,auto,free,True,True,2.824669067111815,-0.15,-0.3,0.56,False,
-0.150_-0.300_0.560,L,lower,10,auto,free,True,True,2.352788569135522,-0.15,-0.3,0.56,False,
-0.150_-0.300_0.560,L,lower,11,auto,free,True,True,2.441043026094776,-0.15,-0.3,0.56,False,
-0.150_-0.300_0.560,L,lower,12,auto,free,True,True,2.8317756975884563,-0.15,-0.3,0.56,False,
-0.150_-0.300_0.560,L,lower,13,auto,free,True,True,2.999698700594572,-0.15,-0.3,0.56,False,
-0.150_-0.300_0.560,L,lower,14,auto,free,True,True,3.5132072419184124,-0.15,-0.3,0.56,False,
-0.150_-0.300_0.560,L,lower,15,auto,free,True,True,2.440846926078909,-0.15,-0.3,0.56,False,
-0.150_-0.300_0.560,L,lower,16,auto,free,True,True,3.227554054548704,-0.15,-0.3,0.56,False,
-0.150_-0.300_0.560,L,lower,17,auto,free,True,True,3.0,-0.15,-0.3,0.56,False,
-0.150_-0.300_0.560,L,lower,18,auto,free,True,True,2.998698994021388,-0.15,-0.3,0.56,False,
-0.150_-0.300_0.560,L,lower,19,auto,free,True,True,2.441453646895712,-0.15,-0.3,0.56,False,
-0.150_-0.300_0.560,L,lower,20,auto,free,True,True,2.4179344242080694,-0.15,-0.3,0.56,False,
-0.150_-0.300_0.560,L,lower,21,auto,free,True,True,3.0,-0.15,-0.3,0.56,False,
-0.150_-0.300_0.560,L,lower,22,auto,free,True,True,3.185044864492247,-0.15,-0.3,0.56,False,
-0.150_-0.300_0.560,L,lower,23,auto,free,True,True,3.4467670895866576,-0.15,-0.3,0.56,False,
-0.150_-0.300_0.560,L,lower,24,auto,free,True,True,2.1390217399681553,-0.15,-0.3,0.56,False,
-0.150_-0.300_0.560,L,lower,25,auto,free,True,True,1.9780191296804142,-0.15,-0.3,0.56,False,
-0.150_-0.300_0.560,L,lower,26,auto,free,True,True,2.794416804222662,-0.15,-0.3,0.56,False,
-0.150_-0.300_0.560,L,lower,27,auto,free,True,True,3.0755960455384646,-0.15,-0.3,0.56,False,
-0.150_-0.300_0.560,L,lower,28,auto,free,True,True,3.454803638370808,-0.15,-0.3,0.56,False,
-0.150_-0.300_0.560,L,lower,29,auto,free,True,True,2.7072013043437044,-0.15,-0.3,0.56,False,
-0.150_-0.300_0.560,L,lower,30,auto,free,True,True,1.7100176607989566,-0.15,-0.3,0.56,False,
-0.150_-0.300_0.560,L,lower,31,auto,free,True,True,2.661311785117899,-0.15,-0.3,0.56,False,
-0.150_-0.300_0.560,L,lower,32,auto,free,True,True,2.71583575887243,-0.15,-0.3,0.56,False,
-0.150_-0.300_0.560,L,lower,33,auto,free,True,True,2.2186753417899063,-0.15,-0.3,0.56,False,
-0.150_-0.300_0.560,L,lower,34,auto,free,True,True,2.0031850973712366,-0.15,-0.3,0.56,False,
-0.150_-0.300_0.560,L,lower,35,auto,free,True,True,3.159218460851868,-0.15,-0.3,0.56,False,
-0.150_-0.300_0.560,L,lower,36,auto,free,True,True,2.733547227606735,-0.15,-0.3,0.56,False,
-0.150_-0.300_0.560,L,lower,37,auto,free,True,True,2.8604002213852056,-0.15,-0.3,0.56,False,
-0.150_-0.300_0.560,L,lower,38,auto,free,True,True,1.5740263722960046,-0.15,-0.3,0.56,True,figures/-0p150_-0p300_0p560_L_ik38_free_BEST.png
-0.150_-0.300_0.560,R,lower,0,auto,free,True,True,1.0693523192480634,-0.15,-0.3,0.56,False,
-0.150_-0.300_0.560,R,lower,1,auto,free,True,True,1.5603160499967972,-0.15,-0.3,0.56,False,
-0.150_-0.300_0.560,R,lower,2,auto,free,True,True,1.5586922492183934,-0.15,-0.3,0.56,False,
-0.150_-0.300_0.560,R,lower,3,auto,free,True,True,0.9902004317755995,-0.15,-0.3,0.56,True,figures/-0p150_-0p300_0p560_R_ik3_free_BEST.png
-0.150_-0.300_0.560,R,lower,4,auto,free,True,True,1.6586357967737935,-0.15,-0.3,0.56,False,
-0.150_-0.300_0.560,R,lower,5,auto,free,True,True,2.0031282220330917,-0.15,-0.3,0.56,False,
-0.150_-0.300_0.560,R,lower,6,auto,free,True,True,1.1418328759309264,-0.15,-0.3,0.56,False,
-0.150_-0.300_0.560,R,lower,7,auto,free,True,True,1.5517086015345647,-0.15,-0.3,0.56,False,
-0.150_-0.300_0.560,R,lower,8,auto,free,True,True,1.3770938877034338,-0.15,-0.3,0.56,False,
-0.150_-0.300_0.560,R,lower,9,auto,free,True,True,1.5331586206092744,-0.15,-0.3,0.56,False,
-0.150_-0.300_0.560,R,lower,10,auto,free,True,True,2.0591248419512382,-0.15,-0.3,0.56,False,
-0.150_-0.300_0.560,R,lower,11,auto,free,True,True,1.9639296458991906,-0.15,-0.3,0.56,False,
-0.150_-0.300_0.560,R,lower,12,auto,free,True,True,2.1681945224893755,-0.15,-0.3,0.56,False,
-0.150_-0.300_0.560,R,lower,13,auto,free,True,True,2.023140522544749,-0.15,-0.3,0.56,False,
-0.150_-0.300_0.560,R,lower,14,auto,free,True,True,1.955529846608167,-0.15,-0.3,0.56,False,
-0.150_-0.350_0.560,L,lower,0,auto,free,True,True,2.4243249744023654,-0.15,-0.35,0.56,False,
-0.150_-0.350_0.560,L,lower,1,auto,free,True,True,2.902578227466342,-0.15,-0.35,0.56,False,
-0.150_-0.350_0.560,L,lower,2,auto,free,True,True,3.5019511355928925,-0.15,-0.35,0.56,False,
-0.150_-0.350_0.560,L,lower,3,auto,free,True,True,3.1196154912072647,-0.15,-0.35,0.56,False,
-0.150_-0.350_0.560,L,lower,4,auto,free,True,True,2.5704894880521847,-0.15,-0.35,0.56,False,
-0.150_-0.350_0.560,L,lower,5,auto,free,True,True,3.11728111600584,-0.15,-0.35,0.56,False,
-0.150_-0.350_0.560,L,lower,6,auto,free,True,True,2.3310188561125393,-0.15,-0.35,0.56,False,
-0.150_-0.350_0.560,L,lower,7,auto,free,True,True,3.3347998982897824,-0.15,-0.35,0.56,False,
-0.150_-0.350_0.560,L,lower,8,auto,free,True,True,3.2519190093057606,-0.15,-0.35,0.56,False,
-0.150_-0.350_0.560,L,lower,9,auto,free,True,True,3.0,-0.15,-0.35,0.56,False,
-0.150_-0.350_0.560,L,lower,10,auto,free,True,True,2.9072570109836455,-0.15,-0.35,0.56,False,
-0.150_-0.350_0.560,L,lower,11,auto,free,True,True,3.816800902146401,-0.15,-0.35,0.56,False,
-0.150_-0.350_0.560,L,lower,12,auto,free,True,True,2.3094818309902108,-0.15,-0.35,0.56,False,
-0.150_-0.350_0.560,L,lower,13,auto,free,True,True,1.8683752463848058,-0.15,-0.35,0.56,True,figures/-0p150_-0p350_0p560_L_ik13_free_BEST.png
-0.150_-0.350_0.560,L,lower,14,auto,free,True,True,3.874752040356076,-0.15,-0.35,0.56,False,
-0.150_-0.350_0.560,L,lower,15,auto,free,True,True,2.8337503302813065,-0.15,-0.35,0.56,False,
-0.150_-0.350_0.560,L,lower,16,auto,free,True,True,2.9969841306080003,-0.15,-0.35,0.56,False,
-0.150_-0.350_0.560,L,lower,17,auto,free,True,True,2.155554693229922,-0.15,-0.35,0.56,False,
-0.150_-0.350_0.560,L,lower,18,auto,free,True,True,3.1332952972928467,-0.15,-0.35,0.56,False,
-0.150_-0.350_0.560,L,lower,19,auto,free,True,True,2.8642225693618824,-0.15,-0.35,0.56,False,
-0.150_-0.350_0.560,L,lower,20,auto,free,True,True,3.749966055020078,-0.15,-0.35,0.56,False,
-0.150_-0.350_0.560,L,lower,21,auto,free,True,True,2.641250277860731,-0.15,-0.35,0.56,False,
-0.150_-0.350_0.560,L,lower,22,auto,free,True,True,2.6568056208517246,-0.15,-0.35,0.56,False,
-0.150_-0.350_0.560,L,lower,23,auto,free,True,True,2.4128463200451007,-0.15,-0.35,0.56,False,
-0.150_-0.350_0.560,L,lower,24,auto,free,True,True,2.0566557339531215,-0.15,-0.35,0.56,False,
-0.150_-0.350_0.560,L,lower,25,auto,free,True,True,3.209534276792102,-0.15,-0.35,0.56,False,
-0.150_-0.350_0.560,L,lower,26,auto,free,True,True,2.856764183800151,-0.15,-0.35,0.56,False,
-0.150_-0.350_0.560,L,lower,27,auto,free,True,True,2.1161789764734853,-0.15,-0.35,0.56,False,
-0.150_-0.350_0.560,L,lower,28,auto,free,True,True,3.3531389030504375,-0.15,-0.35,0.56,False,
-0.150_-0.350_0.560,L,lower,29,auto,free,True,True,2.285973048762356,-0.15,-0.35,0.56,False,
-0.150_-0.350_0.560,L,lower,30,auto,free,True,True,2.417669271123366,-0.15,-0.35,0.56,False,
-0.150_-0.350_0.560,L,lower,31,auto,free,True,True,2.4468018156425613,-0.15,-0.35,0.56,False,
-0.150_-0.350_0.560,L,lower,32,auto,free,True,True,3.4518034662206816,-0.15,-0.35,0.56,False,
-0.150_-0.350_0.560,L,lower,33,auto,free,True,True,2.4845236435221496,-0.15,-0.35,0.56,False,
-0.150_-0.350_0.560,L,lower,34,auto,free,True,True,2.259525155204352,-0.15,-0.35,0.56,False,
-0.150_-0.350_0.560,L,lower,35,auto,free,True,True,2.783886032616798,-0.15,-0.35,0.56,False,
-0.150_-0.350_0.560,R,lower,0,auto,free,True,True,1.7057491169147232,-0.15,-0.35,0.56,False,
-0.150_-0.350_0.560,R,lower,1,auto,free,True,True,1.3528263495709987,-0.15,-0.35,0.56,False,
-0.150_-0.350_0.560,R,lower,2,auto,free,True,True,1.3069446765176878,-0.15,-0.35,0.56,False,
-0.150_-0.350_0.560,R,lower,3,auto,free,True,True,1.138866496400412,-0.15,-0.35,0.56,True,figures/-0p150_-0p350_0p560_R_ik3_free_BEST.png
-0.150_-0.350_0.560,R,lower,4,auto,free,True,True,1.334661356113013,-0.15,-0.35,0.56,False,
-0.150_-0.350_0.560,R,lower,5,auto,free,True,True,1.4110791778059641,-0.15,-0.35,0.56,False,
-0.150_-0.350_0.560,R,lower,6,auto,free,True,True,1.530072985041115,-0.15,-0.35,0.56,False,
-0.150_-0.350_0.560,R,lower,7,auto,free,True,True,1.7934701810897633,-0.15,-0.35,0.56,False,
-0.150_-0.350_0.560,R,lower,8,auto,free,True,True,1.5809799400031772,-0.15,-0.35,0.56,False,
-0.150_-0.400_0.560,L,lower,0,auto,free,True,True,2.9483504118320054,-0.15,-0.4,0.56,False,
-0.150_-0.400_0.560,L,lower,1,auto,free,True,True,2.5442877167879785,-0.15,-0.4,0.56,False,
-0.150_-0.400_0.560,L,lower,2,auto,free,True,True,3.0335242229990174,-0.15,-0.4,0.56,False,
-0.150_-0.400_0.560,L,lower,3,auto,free,True,True,2.114816490362376,-0.15,-0.4,0.56,False,
-0.150_-0.400_0.560,L,lower,4,auto,free,True,True,2.3875820668424215,-0.15,-0.4,0.56,False,
-0.150_-0.400_0.560,L,lower,5,auto,free,True,True,2.7597459291093194,-0.15,-0.4,0.56,False,
-0.150_-0.400_0.560,L,lower,6,auto,free,True,True,2.808299181836453,-0.15,-0.4,0.56,False,
-0.150_-0.400_0.560,L,lower,7,auto,free,True,True,2.394938675022519,-0.15,-0.4,0.56,False,
-0.150_-0.400_0.560,L,lower,8,auto,free,True,True,2.0073950259004727,-0.15,-0.4,0.56,False,
-0.150_-0.400_0.560,L,lower,9,auto,free,True,True,3.0,-0.15,-0.4,0.56,False,
-0.150_-0.400_0.560,L,lower,10,auto,free,True,True,2.2538900738558416,-0.15,-0.4,0.56,False,
-0.150_-0.400_0.560,L,lower,11,auto,free,True,True,3.421769002261505,-0.15,-0.4,0.56,False,
-0.150_-0.400_0.560,L,lower,12,auto,free,True,True,2.8272292148644063,-0.15,-0.4,0.56,False,
-0.150_-0.400_0.560,L,lower,13,auto,free,True,True,2.696433876286796,-0.15,-0.4,0.56,False,
-0.150_-0.400_0.560,L,lower,14,auto,free,True,True,3.4540800705585886,-0.15,-0.4,0.56,False,
-0.150_-0.400_0.560,L,lower,15,auto,free,True,True,2.408870346356194,-0.15,-0.4,0.56,False,
-0.150_-0.400_0.560,L,lower,16,auto,free,True,True,2.940820055786782,-0.15,-0.4,0.56,False,
-0.150_-0.400_0.560,L,lower,17,auto,free,True,True,3.66613160016481,-0.15,-0.4,0.56,False,
-0.150_-0.400_0.560,L,lower,18,auto,free,True,True,2.287009375537105,-0.15,-0.4,0.56,False,
-0.150_-0.400_0.560,L,lower,19,auto,free,True,True,2.586196805883513,-0.15,-0.4,0.56,False,
-0.150_-0.400_0.560,L,lower,20,auto,free,True,True,3.1429176626910675,-0.15,-0.4,0.56,False,
-0.150_-0.400_0.560,L,lower,21,auto,free,True,True,2.861078207426541,-0.15,-0.4,0.56,False,
-0.150_-0.400_0.560,L,lower,22,auto,free,True,True,3.130825310550147,-0.15,-0.4,0.56,False,
-0.150_-0.400_0.560,L,lower,23,auto,free,True,True,3.4997417873204624,-0.15,-0.4,0.56,False,
-0.150_-0.400_0.560,L,lower,24,auto,free,True,True,2.8503813525570534,-0.15,-0.4,0.56,False,
-0.150_-0.400_0.560,L,lower,25,auto,free,True,True,3.116552327039984,-0.15,-0.4,0.56,False,
-0.150_-0.400_0.560,L,lower,26,auto,free,True,True,3.753399518469753,-0.15,-0.4,0.56,False,
-0.150_-0.400_0.560,L,lower,27,auto,free,True,True,1.749640911372341,-0.15,-0.4,0.56,True,figures/-0p150_-0p400_0p560_L_ik27_free_BEST.png
-0.150_-0.400_0.560,L,lower,28,auto,free,True,True,3.0638869090745926,-0.15,-0.4,0.56,False,
-0.150_-0.400_0.560,L,lower,29,auto,free,True,True,2.692862129945631,-0.15,-0.4,0.56,False,
-0.150_-0.400_0.560,R,lower,0,auto,free,True,True,1.57964603863886,-0.15,-0.4,0.56,False,
-0.150_-0.400_0.560,R,lower,1,auto,free,True,True,1.289168131263804,-0.15,-0.4,0.56,False,
-0.150_-0.400_0.560,R,lower,2,auto,free,True,True,1.1794253171655495,-0.15,-0.4,0.56,True,figures/-0p150_-0p400_0p560_R_ik2_free_BEST.png
-0.150_-0.400_0.560,R,lower,3,auto,free,True,True,1.447841886018051,-0.15,-0.4,0.56,False,
-0.150_-0.400_0.560,R,lower,4,auto,free,True,True,1.3762727983184624,-0.15,-0.4,0.56,False,
-0.150_-0.400_0.560,R,lower,5,auto,free,True,True,1.448359622352681,-0.15,-0.4,0.56,False,
-0.150_-0.450_0.560,L,lower,0,auto,free,False,True,2.0893878381872644,-0.15,-0.45,0.56,False,
-0.150_-0.450_0.560,L,lower,1,auto,free,False,True,2.7489680402425503,-0.15,-0.45,0.56,False,
-0.150_-0.450_0.560,L,lower,2,auto,free,False,True,3.636354499681813,-0.15,-0.45,0.56,False,
-0.150_-0.450_0.560,L,lower,3,auto,free,False,True,2.6511801949656864,-0.15,-0.45,0.56,False,
-0.150_-0.450_0.560,L,lower,4,auto,free,False,True,2.474892360515435,-0.15,-0.45,0.56,False,
-0.150_-0.450_0.560,L,lower,5,auto,free,False,True,3.2118599399039898,-0.15,-0.45,0.56,False,
-0.150_-0.450_0.560,L,lower,6,auto,free,False,True,2.6787623695191964,-0.15,-0.45,0.56,False,
-0.150_-0.450_0.560,L,lower,7,auto,free,False,True,2.664874993169385,-0.15,-0.45,0.56,False,
-0.150_-0.450_0.560,L,lower,8,auto,free,False,True,2.2473303172747245,-0.15,-0.45,0.56,False,
-0.150_-0.450_0.560,L,lower,9,auto,free,False,True,2.789124908257471,-0.15,-0.45,0.56,False,
-0.150_-0.450_0.560,L,lower,10,auto,free,False,True,2.4386723867977973,-0.15,-0.45,0.56,False,
-0.150_-0.450_0.560,L,lower,11,auto,free,False,True,2.063351727053613,-0.15,-0.45,0.56,True,figures/-0p150_-0p450_0p560_L_ik11_free_BEST.png
-0.150_-0.450_0.560,L,lower,12,auto,free,False,True,2.9654082055549162,-0.15,-0.45,0.56,False,
-0.150_-0.450_0.560,L,lower,13,auto,free,False,True,2.5039084360464914,-0.15,-0.45,0.56,False,
-0.150_-0.450_0.560,L,lower,14,auto,free,False,True,3.8212101700965047,-0.15,-0.45,0.56,False,
-0.150_-0.450_0.560,L,lower,15,auto,free,False,True,3.1251123294482523,-0.15,-0.45,0.56,False,
-0.150_-0.450_0.560,L,lower,16,auto,free,False,True,3.0028439150344584,-0.15,-0.45,0.56,False,
-0.150_-0.450_0.560,L,lower,17,auto,free,False,True,2.8624208284284913,-0.15,-0.45,0.56,False,
-0.150_-0.450_0.560,L,lower,18,auto,free,False,True,2.2633010630391284,-0.15,-0.45,0.56,False,
-0.150_-0.450_0.560,L,lower,19,auto,free,False,True,2.400129559496481,-0.15,-0.45,0.56,False,
-0.150_-0.450_0.560,L,lower,20,auto,free,False,True,2.811583916620542,-0.15,-0.45,0.56,False,
-0.150_-0.450_0.560,L,lower,21,auto,free,False,True,2.7066973634257803,-0.15,-0.45,0.56,False,
-0.150_-0.450_0.560,L,lower,22,auto,free,False,True,3.2485982446450796,-0.15,-0.45,0.56,False,
-0.150_-0.450_0.560,L,lower,23,auto,free,False,True,3.8514029421046523,-0.15,-0.45,0.56,False,
-0.150_-0.500_0.560,L,lower,0,auto,free,False,True,2.450120368370072,-0.15,-0.5,0.56,False,
-0.150_-0.500_0.560,L,lower,1,auto,free,False,True,3.239380569642239,-0.15,-0.5,0.56,False,
-0.150_-0.500_0.560,L,lower,2,auto,free,False,True,2.3381038299793064,-0.15,-0.5,0.56,False,
-0.150_-0.500_0.560,L,lower,3,auto,free,False,True,2.3390511465067108,-0.15,-0.5,0.56,False,
-0.150_-0.500_0.560,L,lower,4,auto,free,False,True,2.661896873004217,-0.15,-0.5,0.56,False,
-0.150_-0.500_0.560,L,lower,5,auto,free,False,True,3.235745783284585,-0.15,-0.5,0.56,False,
-0.150_-0.500_0.560,L,lower,6,auto,free,False,True,2.7853331106772026,-0.15,-0.5,0.56,False,
-0.150_-0.500_0.560,L,lower,7,auto,free,False,True,2.2814281448287232,-0.15,-0.5,0.56,True,figures/-0p150_-0p500_0p560_L_ik7_free_BEST.png
-0.150_-0.500_0.560,L,lower,8,auto,free,False,True,3.4771345068134174,-0.15,-0.5,0.56,False,
-0.150_-0.500_0.560,L,lower,9,auto,free,False,True,2.6620763996158914,-0.15,-0.5,0.56,False,
-0.150_-0.500_0.560,L,lower,10,auto,free,False,True,2.4763466096189983,-0.15,-0.5,0.56,False,
-0.150_-0.500_0.560,L,lower,11,auto,free,False,True,3.716329793590525,-0.15,-0.5,0.56,False,
-0.150_-0.500_0.560,L,lower,12,auto,free,False,True,2.4446690213654083,-0.15,-0.5,0.56,False,
-0.150_-0.500_0.560,L,lower,13,auto,free,False,True,3.2164402777777363,-0.15,-0.5,0.56,False,
-0.150_-0.500_0.560,L,lower,14,auto,free,False,True,3.5687209306707954,-0.15,-0.5,0.56,False,
-0.150_-0.500_0.560,L,lower,15,auto,free,False,True,2.8659174331728123,-0.15,-0.5,0.56,False,
-0.150_-0.500_0.560,L,lower,16,auto,free,False,True,2.3368818954359183,-0.15,-0.5,0.56,False,
-0.150_-0.500_0.560,L,lower,17,auto,free,False,True,2.4932648362249106,-0.15,-0.5,0.56,False,
-0.150_-0.550_0.560,L,lower,0,auto,safe,False,True,2.158995012020597,-0.15,-0.55,0.56,True,figures/-0p150_-0p550_0p560_L_ik0_safe_BEST.png
-0.150_0.300_0.560,L,upper,0,auto,free,True,True,0.794767408885515,-0.15,0.3,0.56,False,
-0.150_0.300_0.560,L,upper,1,auto,free,True,True,1.176416225090446,-0.15,0.3,0.56,False,
-0.150_0.300_0.560,L,upper,2,auto,free,True,True,1.2749035192857014,-0.15,0.3,0.56,False,
-0.150_0.300_0.560,L,upper,3,auto,free,True,True,0.4806064220430817,-0.15,0.3,0.56,False,
-0.150_0.300_0.560,L,upper,4,auto,free,True,True,0.918786348227481,-0.15,0.3,0.56,False,
-0.150_0.300_0.560,L,upper,5,auto,free,True,True,0.990352475067132,-0.15,0.3,0.56,False,
-0.150_0.300_0.560,L,upper,6,auto,free,True,True,0.2891503643180755,-0.15,0.3,0.56,False,
-0.150_0.300_0.560,L,upper,7,auto,free,True,True,1.8671343331133667,-0.15,0.3,0.56,False,
-0.150_0.300_0.560,L,upper,8,auto,free,True,True,0.6553554099478802,-0.15,0.3,0.56,False,
-0.150_0.300_0.560,L,upper,9,auto,free,True,True,0.2982763513689859,-0.15,0.3,0.56,False,
-0.150_0.300_0.560,L,upper,10,auto,free,True,True,0.4650626681008161,-0.15,0.3,0.56,False,
-0.150_0.300_0.560,L,upper,11,auto,free,True,True,2.4989999999525025,-0.15,0.3,0.56,False,
-0.150_0.300_0.560,L,upper,12,auto,free,True,True,0.25419168228960354,-0.15,0.3,0.56,True,figures/-0p150_0p300_0p560_L_ik12_free_BEST.png
-0.150_0.300_0.560,L,upper,13,auto,free,True,True,1.6054235816852986,-0.15,0.3,0.56,False,
-0.150_0.300_0.560,L,upper,14,auto,free,True,True,1.4541879724501503,-0.15,0.3,0.56,False,
-0.150_0.300_0.560,L,upper,15,auto,free,True,True,1.567246653255432,-0.15,0.3,0.56,False,
-0.150_0.300_0.560,L,upper,16,auto,free,True,True,1.6066865162049653,-0.15,0.3,0.56,False,
-0.150_0.300_0.560,L,upper,17,auto,free,True,True,2.3862331476534036,-0.15,0.3,0.56,False,
-0.150_0.300_0.560,L,upper,18,auto,free,True,True,2.5999999046325684,-0.15,0.3,0.56,False,
-0.150_0.300_0.560,L,upper,19,auto,free,True,True,1.8116549214451638,-0.15,0.3,0.56,False,
-0.150_0.300_0.560,L,upper,20,auto,free,True,True,2.4989999999525025,-0.15,0.3,0.56,False,
-0.150_0.300_0.560,L,upper,21,auto,free,True,True,2.74964264916796,-0.15,0.3,0.56,False,
-0.150_0.300_0.560,L,upper,22,auto,free,True,True,2.2897079600702606,-0.15,0.3,0.56,False,
-0.150_0.300_0.560,L,upper,23,auto,free,True,True,2.5244262395223434,-0.15,0.3,0.56,False,
-0.150_0.300_0.560,L,upper,24,auto,free,True,True,1.9545976117038255,-0.15,0.3,0.56,False,
-0.150_0.300_0.560,L,upper,25,auto,free,True,True,2.6510047847857345,-0.15,0.3,0.56,False,
-0.150_0.300_0.560,L,upper,26,auto,free,True,True,1.938648238171477,-0.15,0.3,0.56,False,
-0.150_0.300_0.560,L,upper,27,auto,free,True,True,2.295454207655811,-0.15,0.3,0.56,False,
-0.150_0.300_0.560,L,upper,28,auto,free,True,True,3.0,-0.15,0.3,0.56,False,
-0.150_0.300_0.560,L,upper,29,auto,free,True,True,3.2021283580399915,-0.15,0.3,0.56,False,
-0.150_0.300_0.560,L,upper,30,auto,free,True,True,2.324037406437472,-0.15,0.3,0.56,False,
-0.150_0.300_0.560,L,upper,31,auto,free,True,True,2.972204989227244,-0.15,0.3,0.56,False,
-0.150_0.300_0.560,L,upper,32,auto,free,True,True,3.0,-0.15,0.3,0.56,False,
-0.150_0.300_0.560,L,upper,33,auto,free,True,True,2.539978466790638,-0.15,0.3,0.56,False,
-0.150_0.300_0.560,L,upper,34,auto,free,True,True,3.0,-0.15,0.3,0.56,False,
-0.150_0.300_0.560,L,upper,35,auto,free,True,True,2.667789900371466,-0.15,0.3,0.56,False,
-0.150_0.300_0.560,L,upper,36,auto,free,True,True,2.683328068542526,-0.15,0.3,0.56,False,
-0.150_0.300_0.560,L,upper,37,auto,free,True,True,2.9998487894607426,-0.15,0.3,0.56,False,
-0.150_0.300_0.560,L,upper,38,auto,free,True,True,2.9798937030535044,-0.15,0.3,0.56,False,
-0.150_0.300_0.560,L,upper,39,auto,free,True,True,3.0,-0.15,0.3,0.56,False,
-0.150_0.300_0.560,L,upper,40,auto,free,True,True,3.0,-0.15,0.3,0.56,False,
-0.150_0.300_0.560,L,upper,41,auto,free,True,True,3.0,-0.15,0.3,0.56,False,
-0.150_0.300_0.560,L,upper,42,auto,free,True,True,1.0,-0.15,0.3,0.56,False,
-0.150_0.300_0.560,L,upper,43,auto,free,True,True,1.2592459072966056,-0.15,0.3,0.56,False,
-0.150_0.300_0.560,L,upper,44,auto,free,True,True,0.947183897269567,-0.15,0.3,0.56,False,
-0.150_0.300_0.560,R,upper,0,auto,free,True,True,1.8120190775769847,-0.15,0.3,0.56,True,figures/-0p150_0p300_0p560_R_ik0_free_BEST.png
-0.150_0.300_0.560,R,upper,1,auto,free,True,True,2.2463504440483644,-0.15,0.3,0.56,False,
-0.150_0.300_0.560,R,upper,2,auto,free,True,True,2.0746075535816697,-0.15,0.3,0.56,False,
-0.150_0.300_0.560,R,upper,3,auto,free,True,True,2.2259059005206994,-0.15,0.3,0.56,False,
-0.150_0.300_0.560,R,upper,4,auto,free,True,True,2.377892263993754,-0.15,0.3,0.56,False,
-0.150_0.300_0.560,R,upper,5,auto,free,True,True,2.281230796174554,-0.15,0.3,0.56,False,
-0.150_0.300_0.560,R,upper,6,auto,free,True,True,2.4480574401525064,-0.15,0.3,0.56,False,
-0.150_0.300_0.560,R,upper,7,auto,free,True,True,2.4411266064063386,-0.15,0.3,0.56,False,
-0.150_0.300_0.560,R,upper,8,auto,free,True,True,2.8689766280038516,-0.15,0.3,0.56,False,
-0.150_0.350_0.560,L,upper,0,auto,free,True,True,1.1718822008777912,-0.15,0.35,0.56,False,
-0.150_0.350_0.560,L,upper,1,auto,free,True,True,0.9743655464873737,-0.15,0.35,0.56,False,
-0.150_0.350_0.560,L,upper,2,auto,free,True,True,0.7937207573913403,-0.15,0.35,0.56,False,
-0.150_0.350_0.560,L,upper,3,auto,free,True,True,0.6801149664446757,-0.15,0.35,0.56,False,
-0.150_0.350_0.560,L,upper,4,auto,free,True,True,1.2645339661976653,-0.15,0.35,0.56,False,
-0.150_0.350_0.560,L,upper,5,auto,free,True,True,1.1242417373987978,-0.15,0.35,0.56,False,
-0.150_0.350_0.560,L,upper,6,auto,free,True,True,0.2911919136976757,-0.15,0.35,0.56,False,
-0.150_0.350_0.560,L,upper,7,auto,free,True,True,0.5793256334949235,-0.15,0.35,0.56,False,
-0.150_0.350_0.560,L,upper,8,auto,free,True,True,0.8165762527715339,-0.15,0.35,0.56,False,
-0.150_0.350_0.560,L,upper,9,auto,free,True,True,0.2518165131073866,-0.15,0.35,0.56,True,figures/-0p150_0p350_0p560_L_ik9_free_BEST.png
-0.150_0.350_0.560,L,upper,10,auto,free,True,True,2.4989999999525025,-0.15,0.35,0.56,False,
-0.150_0.350_0.560,L,upper,11,auto,free,True,True,2.4989685158979444,-0.15,0.35,0.56,False,
-0.150_0.350_0.560,L,upper,12,auto,free,True,True,0.43161733502034316,-0.15,0.35,0.56,False,
-0.150_0.350_0.560,L,upper,13,auto,free,True,True,1.0295398506537903,-0.15,0.35,0.56,False,
-0.150_0.350_0.560,L,upper,14,auto,free,True,True,1.0086396148267465,-0.15,0.35,0.56,False,
-0.150_0.350_0.560,L,upper,15,auto,free,True,True,2.5971071291015293,-0.15,0.35,0.56,False,
-0.150_0.350_0.560,L,upper,16,auto,free,True,True,2.0138874405760228,-0.15,0.35,0.56,False,
-0.150_0.350_0.560,L,upper,17,auto,free,True,True,1.8807817578447485,-0.15,0.35,0.56,False,
-0.150_0.350_0.560,L,upper,18,auto,free,True,True,1.8121578499995497,-0.15,0.35,0.56,False,
-0.150_0.350_0.560,L,upper,19,auto,free,True,True,2.2768139535753287,-0.15,0.35,0.56,False,
-0.150_0.350_0.560,L,upper,20,auto,free,True,True,2.7378501837108082,-0.15,0.35,0.56,False,
-0.150_0.350_0.560,L,upper,21,auto,free,True,True,2.096961724060969,-0.15,0.35,0.56,False,
-0.150_0.350_0.560,L,upper,22,auto,free,True,True,2.6473661616701545,-0.15,0.35,0.56,False,
-0.150_0.350_0.560,L,upper,23,auto,free,True,True,1.8416978298814501,-0.15,0.35,0.56,False,
-0.150_0.350_0.560,L,upper,24,auto,free,True,True,2.061016582737854,-0.15,0.35,0.56,False,
-0.150_0.350_0.560,L,upper,25,auto,free,True,True,2.397147851492524,-0.15,0.35,0.56,False,
-0.150_0.350_0.560,L,upper,26,auto,free,True,True,1.97652163189618,-0.15,0.35,0.56,False,
-0.150_0.350_0.560,L,upper,27,auto,free,True,True,2.6280638297174264,-0.15,0.35,0.56,False,
-0.150_0.350_0.560,L,upper,28,auto,free,True,True,3.0,-0.15,0.35,0.56,False,
-0.150_0.350_0.560,L,upper,29,auto,free,True,True,2.309419616314369,-0.15,0.35,0.56,False,
-0.150_0.350_0.560,L,upper,30,auto,free,True,True,2.3521551830957828,-0.15,0.35,0.56,False,
-0.150_0.350_0.560,L,upper,31,auto,free,True,True,3.0,-0.15,0.35,0.56,False,
-0.150_0.350_0.560,L,upper,32,auto,free,True,True,2.6689188894101474,-0.15,0.35,0.56,False,
-0.150_0.350_0.560,L,upper,33,auto,free,True,True,2.6955549381033035,-0.15,0.35,0.56,False,
-0.150_0.350_0.560,L,upper,34,auto,free,True,True,2.7405478414092914,-0.15,0.35,0.56,False,
-0.150_0.350_0.560,L,upper,35,auto,free,True,True,2.9807970230145835,-0.15,0.35,0.56,False,
-0.150_0.350_0.560,R,upper,0,auto,free,True,True,2.4754659160747807,-0.15,0.35,0.56,False,
-0.150_0.350_0.560,R,upper,1,auto,free,True,True,2.4266774271745692,-0.15,0.35,0.56,False,
-0.150_0.350_0.560,R,upper,2,auto,free,True,True,2.337117815331848,-0.15,0.35,0.56,True,figures/-0p150_0p350_0p560_R_ik2_free_BEST.png
-0.150_0.350_0.560,R,upper,3,auto,free,True,True,2.6729459899906427,-0.15,0.35,0.56,False,
-0.150_0.350_0.560,R,upper,4,auto,free,True,True,2.4120098557764584,-0.15,0.35,0.56,False,
-0.150_0.350_0.560,R,upper,5,auto,free,True,True,2.707163401741387,-0.15,0.35,0.56,False,
-0.150_0.400_0.560,L,upper,0,auto,free,True,True,1.6189658327628536,-0.15,0.4,0.56,False,
-0.150_0.400_0.560,L,upper,1,auto,free,True,True,0.6724505777761638,-0.15,0.4,0.56,False,
-0.150_0.400_0.560,L,upper,2,auto,free,True,True,1.4896205978077686,-0.15,0.4,0.56,False,
-0.150_0.400_0.560,L,upper,3,auto,free,True,True,0.2754743015236656,-0.15,0.4,0.56,False,
-0.150_0.400_0.560,L,upper,4,auto,free,True,True,1.1420416385628722,-0.15,0.4,0.56,False,
-0.150_0.400_0.560,L,upper,5,auto,free,True,True,1.0425241181885425,-0.15,0.4,0.56,False,
-0.150_0.400_0.560,L,upper,6,auto,free,True,True,0.24944094240145454,-0.15,0.4,0.56,True,figures/-0p150_0p400_0p560_L_ik6_free_BEST.png
-0.150_0.400_0.560,L,upper,7,auto,free,True,True,1.352307105194257,-0.15,0.4,0.56,False,
-0.150_0.400_0.560,L,upper,8,auto,free,True,True,0.7523693625478627,-0.15,0.4,0.56,False,
-0.150_0.400_0.560,L,upper,9,auto,free,True,True,0.42912563799189574,-0.15,0.4,0.56,False,
-0.150_0.400_0.560,L,upper,10,auto,free,True,True,2.4989999999525025,-0.15,0.4,0.56,False,
-0.150_0.400_0.560,L,upper,11,auto,free,True,True,1.5102761527377968,-0.15,0.4,0.56,False,
-0.150_0.400_0.560,L,upper,12,auto,free,True,True,0.7278922696775636,-0.15,0.4,0.56,False,
-0.150_0.400_0.560,L,upper,13,auto,free,True,True,1.918549779493882,-0.15,0.4,0.56,False,
-0.150_0.400_0.560,L,upper,14,auto,free,True,True,1.3473893482656396,-0.15,0.4,0.56,False,
-0.150_0.400_0.560,L,upper,15,auto,free,True,True,1.2134320022048575,-0.15,0.4,0.56,False,
-0.150_0.400_0.560,L,upper,16,auto,free,True,True,2.273641158511408,-0.15,0.4,0.56,False,
-0.150_0.400_0.560,L,upper,17,auto,free,True,True,1.1493057191123708,-0.15,0.4,0.56,False,
-0.150_0.400_0.560,L,upper,18,auto,free,True,True,1.6237845529101198,-0.15,0.4,0.56,False,
-0.150_0.400_0.560,L,upper,19,auto,free,True,True,2.644196830020463,-0.15,0.4,0.56,False,
-0.150_0.400_0.560,L,upper,20,auto,free,True,True,1.5057786324897882,-0.15,0.4,0.56,False,
-0.150_0.400_0.560,L,upper,21,auto,free,True,True,2.053520130329498,-0.15,0.4,0.56,False,
-0.150_0.400_0.560,L,upper,22,auto,free,True,True,3.0,-0.15,0.4,0.56,False,
-0.150_0.400_0.560,L,upper,23,auto,free,True,True,1.8988774821521925,-0.15,0.4,0.56,False,
-0.150_0.400_0.560,L,upper,24,auto,free,True,True,2.5055547736478343,-0.15,0.4,0.56,False,
-0.150_0.400_0.560,L,upper,25,auto,free,True,True,2.993275650594676,-0.15,0.4,0.56,False,
-0.150_0.400_0.560,L,upper,26,auto,free,True,True,2.3034549538503555,-0.15,0.4,0.56,False,
-0.150_0.400_0.560,L,upper,27,auto,free,True,True,2.56252562600926,-0.15,0.4,0.56,False,
-0.150_0.400_0.560,L,upper,28,auto,free,True,True,2.998484689820121,-0.15,0.4,0.56,False,
-0.150_0.400_0.560,L,upper,29,auto,free,True,True,2.670048253905665,-0.15,0.4,0.56,False,
-0.150_0.400_0.560,L,upper,30,auto,free,True,True,2.901904676150136,-0.15,0.4,0.56,False,
-0.150_0.400_0.560,L,upper,31,auto,free,True,True,2.952045611472533,-0.15,0.4,0.56,False,
-0.150_0.400_0.560,L,upper,32,auto,free,True,True,2.961550786691,-0.15,0.4,0.56,False,
-0.150_0.400_0.560,R,upper,0,auto,free,True,True,2.69557761966543,-0.15,0.4,0.56,True,figures/-0p150_0p400_0p560_R_ik0_free_BEST.png
-0.150_0.450_0.560,L,upper,0,auto,safe,False,True,2.172045485547726,-0.15,0.45,0.56,True,figures/-0p150_0p450_0p560_L_ik0_safe_BEST.png
-0.150_0.500_0.560,L,upper,0,auto,safe,False,True,1.5619387205120514,-0.15,0.5,0.56,False,
-0.150_0.500_0.560,L,upper,1,auto,safe,False,True,1.5326423536102025,-0.15,0.5,0.56,True,figures/-0p150_0p500_0p560_L_ik1_safe_BEST.png
-0.150_0.500_0.560,L,upper,2,auto,safe,False,True,2.4582588261202383,-0.15,0.5,0.56,False,
-0.150_0.500_0.560,L,upper,3,auto,safe,False,True,2.115692359473698,-0.15,0.5,0.56,False,
-0.150_0.500_0.560,L,upper,4,auto,safe,False,True,2.6893768700529592,-0.15,0.5,0.56,False,
-0.150_0.500_0.560,L,upper,5,auto,safe,False,True,1.8018298158530373,-0.15,0.5,0.56,False,
-0.150_0.500_0.560,L,upper,6,auto,safe,False,True,1.9930811128994232,-0.15,0.5,0.56,False,
-0.150_0.500_0.560,L,upper,7,auto,safe,False,True,1.7010818326095876,-0.15,0.5,0.56,False,
-0.150_0.550_0.560,L,upper,0,auto,safe,False,True,2.3412686089740524,-0.15,0.55,0.56,False,
-0.150_0.550_0.560,L,upper,1,auto,safe,False,True,0.7850157383993617,-0.15,0.55,0.56,True,figures/-0p150_0p550_0p560_L_ik1_safe_BEST.png
-0.150_0.550_0.560,L,upper,2,auto,safe,False,True,1.8474554170332382,-0.15,0.55,0.56,False,
-0.150_0.550_0.560,L,upper,3,auto,safe,False,True,1.6818133980553518,-0.15,0.55,0.56,False,
-0.150_0.550_0.560,L,upper,4,auto,safe,False,True,1.3626783211421705,-0.15,0.55,0.56,False,
-0.150_0.550_0.560,L,upper,5,auto,safe,False,True,1.9443817064795026,-0.15,0.55,0.56,False,
-0.150_0.600_0.560,L,upper,0,auto,safe,False,True,1.8841811005217992,-0.15,0.6,0.56,False,
-0.150_0.600_0.560,L,upper,1,auto,safe,False,True,2.2458744771955086,-0.15,0.6,0.56,False,
-0.150_0.600_0.560,L,upper,2,auto,safe,False,True,0.9735261402311641,-0.15,0.6,0.56,True,figures/-0p150_0p600_0p560_L_ik2_safe_BEST.png
-0.150_0.600_0.560,L,upper,3,auto,safe,False,True,2.198869566578578,-0.15,0.6,0.56,False,
-0.150_0.600_0.560,L,upper,4,auto,safe,False,True,1.5531133531032326,-0.15,0.6,0.56,False,
-0.150_0.600_0.560,L,upper,5,auto,safe,False,True,2.1742480632763077,-0.15,0.6,0.56,False,
-0.200_-0.300_0.560,L,lower,0,auto,free,True,True,2.4989999999525025,-0.2,-0.3,0.56,False,
-0.200_-0.300_0.560,L,lower,1,auto,free,True,True,2.042275019808131,-0.2,-0.3,0.56,False,
-0.200_-0.300_0.560,L,lower,2,auto,free,True,True,3.106242380185277,-0.2,-0.3,0.56,False,
-0.200_-0.300_0.560,L,lower,3,auto,free,True,True,2.4984804315213975,-0.2,-0.3,0.56,False,
-0.200_-0.300_0.560,L,lower,4,auto,free,True,True,3.2878652556807397,-0.2,-0.3,0.56,False,
-0.200_-0.300_0.560,L,lower,5,auto,free,True,True,3.075097071734947,-0.2,-0.3,0.56,False,
-0.200_-0.300_0.560,L,lower,6,auto,free,True,True,2.4989999999525025,-0.2,-0.3,0.56,False,
-0.200_-0.300_0.560,L,lower,7,auto,free,True,True,2.1706497371407227,-0.2,-0.3,0.56,False,
-0.200_-0.300_0.560,L,lower,8,auto,free,True,True,3.7696368057100926,-0.2,-0.3,0.56,False,
-0.200_-0.300_0.560,L,lower,9,auto,free,True,True,2.8766962332914523,-0.2,-0.3,0.56,False,
-0.200_-0.300_0.560,L,lower,10,auto,free,True,True,2.3428371897210303,-0.2,-0.3,0.56,False,
-0.200_-0.300_0.560,L,lower,11,auto,free,True,True,2.311327957622506,-0.2,-0.3,0.56,False,
-0.200_-0.300_0.560,L,lower,12,auto,free,True,True,2.781773813500932,-0.2,-0.3,0.56,False,
-0.200_-0.300_0.560,L,lower,13,auto,free,True,True,2.9999910591151564,-0.2,-0.3,0.56,False,
-0.200_-0.300_0.560,L,lower,14,auto,free,True,True,2.5969320828198037,-0.2,-0.3,0.56,False,
-0.200_-0.300_0.560,L,lower,15,auto,free,True,True,2.1263162715609036,-0.2,-0.3,0.56,False,
-0.200_-0.300_0.560,L,lower,16,auto,free,True,True,3.1438131530992406,-0.2,-0.3,0.56,False,
-0.200_-0.300_0.560,L,lower,17,auto,free,True,True,2.7281861512995254,-0.2,-0.3,0.56,False,
-0.200_-0.300_0.560,L,lower,18,auto,free,True,True,2.816720633439928,-0.2,-0.3,0.56,False,
-0.200_-0.300_0.560,L,lower,19,auto,free,True,True,2.461577829527463,-0.2,-0.3,0.56,False,
-0.200_-0.300_0.560,L,lower,20,auto,free,True,True,3.791422607929629,-0.2,-0.3,0.56,False,
-0.200_-0.300_0.560,L,lower,21,auto,free,True,True,2.952154794204801,-0.2,-0.3,0.56,False,
-0.200_-0.300_0.560,L,lower,22,auto,free,True,True,2.9958540732983345,-0.2,-0.3,0.56,False,
-0.200_-0.300_0.560,L,lower,23,auto,free,True,True,2.9999251068396178,-0.2,-0.3,0.56,False,
-0.200_-0.300_0.560,L,lower,24,auto,free,True,True,2.61014252603028,-0.2,-0.3,0.56,False,
-0.200_-0.300_0.560,L,lower,25,auto,free,True,True,3.3923215056708482,-0.2,-0.3,0.56,False,
-0.200_-0.300_0.560,L,lower,26,auto,free,True,True,2.7944932982016684,-0.2,-0.3,0.56,False,
-0.200_-0.300_0.560,L,lower,27,auto,free,True,True,3.0701949316047195,-0.2,-0.3,0.56,False,
-0.200_-0.300_0.560,L,lower,28,auto,free,True,True,3.158920293023633,-0.2,-0.3,0.56,False,
-0.200_-0.300_0.560,L,lower,29,auto,free,True,True,3.1341510963195045,-0.2,-0.3,0.56,False,
-0.200_-0.300_0.560,L,lower,30,auto,free,True,True,1.7548909522058,-0.2,-0.3,0.56,False,
-0.200_-0.300_0.560,L,lower,31,auto,free,True,True,2.261168907778823,-0.2,-0.3,0.56,False,
-0.200_-0.300_0.560,L,lower,32,auto,free,True,True,3.325031312249945,-0.2,-0.3,0.56,False,
-0.200_-0.300_0.560,L,lower,33,auto,free,True,True,2.9357420812055426,-0.2,-0.3,0.56,False,
-0.200_-0.300_0.560,L,lower,34,auto,free,True,True,3.366195270040331,-0.2,-0.3,0.56,False,
-0.200_-0.300_0.560,L,lower,35,auto,free,True,True,3.248792033048951,-0.2,-0.3,0.56,False,
-0.200_-0.300_0.560,L,lower,36,auto,free,True,True,2.3095297643901036,-0.2,-0.3,0.56,False,
-0.200_-0.300_0.560,L,lower,37,auto,free,True,True,2.4337015530894837,-0.2,-0.3,0.56,False,
-0.200_-0.300_0.560,L,lower,38,auto,free,True,True,2.52859162994334,-0.2,-0.3,0.56,False,
-0.200_-0.300_0.560,L,lower,39,auto,free,True,True,2.596155790836786,-0.2,-0.3,0.56,False,
-0.200_-0.300_0.560,L,lower,40,auto,free,True,True,1.7072501300144223,-0.2,-0.3,0.56,True,figures/-0p200_-0p300_0p560_L_ik40_free_BEST.png
-0.200_-0.300_0.560,L,lower,41,auto,free,True,True,2.1954706662915546,-0.2,-0.3,0.56,False,
-0.200_-0.300_0.560,R,lower,0,auto,free,True,True,1.705746174826257,-0.2,-0.3,0.56,True,figures/-0p200_-0p300_0p560_R_ik0_free_BEST.png
-0.200_-0.300_0.560,R,lower,1,auto,free,True,True,1.8215602012112184,-0.2,-0.3,0.56,False,
-0.200_-0.300_0.560,R,lower,2,auto,free,True,True,1.7313931066231367,-0.2,-0.3,0.56,False,
-0.200_-0.350_0.560,L,lower,0,auto,free,True,True,2.2175316668746463,-0.2,-0.35,0.56,False,
-0.200_-0.350_0.560,L,lower,1,auto,free,True,True,2.9846387782498818,-0.2,-0.35,0.56,False,
-0.200_-0.350_0.560,L,lower,2,auto,free,True,True,2.3748631778992966,-0.2,-0.35,0.56,False,
-0.200_-0.350_0.560,L,lower,3,auto,free,True,True,2.915831197716022,-0.2,-0.35,0.56,False,
-0.200_-0.350_0.560,L,lower,4,auto,free,True,True,2.3076889115212413,-0.2,-0.35,0.56,False,
-0.200_-0.350_0.560,L,lower,5,auto,free,True,True,3.0544141863677403,-0.2,-0.35,0.56,False,
-0.200_-0.350_0.560,L,lower,6,auto,free,True,True,3.0,-0.2,-0.35,0.56,False,
-0.200_-0.350_0.560,L,lower,7,auto,free,True,True,2.325418713492334,-0.2,-0.35,0.56,False,
-0.200_-0.350_0.560,L,lower,8,auto,free,True,True,3.889307312340745,-0.2,-0.35,0.56,False,
-0.200_-0.350_0.560,L,lower,9,auto,free,True,True,3.04058828144593,-0.2,-0.35,0.56,False,
-0.200_-0.350_0.560,L,lower,10,auto,free,True,True,2.2424286810902387,-0.2,-0.35,0.56,False,
-0.200_-0.350_0.560,L,lower,11,auto,free,True,True,3.571017836984569,-0.2,-0.35,0.56,False,
-0.200_-0.350_0.560,L,lower,12,auto,free,True,True,2.955203685363312,-0.2,-0.35,0.56,False,
-0.200_-0.350_0.560,L,lower,13,auto,free,True,True,2.332817222621501,-0.2,-0.35,0.56,False,
-0.200_-0.350_0.560,L,lower,14,auto,free,True,True,3.4656646926138035,-0.2,-0.35,0.56,False,
-0.200_-0.350_0.560,L,lower,15,auto,free,True,True,2.999107577370076,-0.2,-0.35,0.56,False,
-0.200_-0.350_0.560,L,lower,16,auto,free,True,True,3.336214759383635,-0.2,-0.35,0.56,False,
-0.200_-0.350_0.560,L,lower,17,auto,free,True,True,2.204468557943103,-0.2,-0.35,0.56,False,
-0.200_-0.350_0.560,L,lower,18,auto,free,True,True,2.7932172207204884,-0.2,-0.35,0.56,False,
-0.200_-0.350_0.560,L,lower,19,auto,free,True,True,3.0,-0.2,-0.35,0.56,False,
-0.200_-0.350_0.560,L,lower,20,auto,free,True,True,2.946275025613149,-0.2,-0.35,0.56,False,
-0.200_-0.350_0.560,L,lower,21,auto,free,True,True,2.4920708799582387,-0.2,-0.35,0.56,False,
-0.200_-0.350_0.560,L,lower,22,auto,free,True,True,2.4105688029642165,-0.2,-0.35,0.56,False,
-0.200_-0.350_0.560,L,lower,23,auto,free,True,True,2.991615440483802,-0.2,-0.35,0.56,False,
-0.200_-0.350_0.560,L,lower,24,auto,free,True,True,2.363887400340964,-0.2,-0.35,0.56,False,
-0.200_-0.350_0.560,L,lower,25,auto,free,True,True,3.0684872203124636,-0.2,-0.35,0.56,False,
-0.200_-0.350_0.560,L,lower,26,auto,free,True,True,2.7539617301474015,-0.2,-0.35,0.56,False,
-0.200_-0.350_0.560,L,lower,27,auto,free,True,True,2.9412532857100127,-0.2,-0.35,0.56,False,
-0.200_-0.350_0.560,L,lower,28,auto,free,True,True,2.556290917371375,-0.2,-0.35,0.56,False,
-0.200_-0.350_0.560,L,lower,29,auto,free,True,True,1.5565532387461651,-0.2,-0.35,0.56,True,figures/-0p200_-0p350_0p560_L_ik29_free_BEST.png
-0.200_-0.350_0.560,L,lower,30,auto,free,True,True,2.103273248626635,-0.2,-0.35,0.56,False,
-0.200_-0.350_0.560,L,lower,31,auto,free,True,True,2.232713168149091,-0.2,-0.35,0.56,False,
-0.200_-0.350_0.560,L,lower,32,auto,free,True,True,2.3105821171017524,-0.2,-0.35,0.56,False,
-0.200_-0.350_0.560,L,lower,33,auto,free,True,True,1.9458073740827646,-0.2,-0.35,0.56,False,
-0.200_-0.350_0.560,L,lower,34,auto,free,True,True,2.5798881624457355,-0.2,-0.35,0.56,False,
-0.200_-0.350_0.560,L,lower,35,auto,free,True,True,3.4987288308729827,-0.2,-0.35,0.56,False,
-0.200_-0.400_0.560,L,lower,0,auto,free,False,True,2.3286781435958295,-0.2,-0.4,0.56,False,
-0.200_-0.400_0.560,L,lower,1,auto,free,False,True,2.426506292320477,-0.2,-0.4,0.56,False,
-0.200_-0.400_0.560,L,lower,2,auto,free,False,True,3.107969843994711,-0.2,-0.4,0.56,False,
-0.200_-0.400_0.560,L,lower,3,auto,free,False,True,2.7290447157178503,-0.2,-0.4,0.56,False,
-0.200_-0.400_0.560,L,lower,4,auto,free,False,True,3.065353256700777,-0.2,-0.4,0.56,False,
-0.200_-0.400_0.560,L,lower,5,auto,free,False,True,3.5383164131625753,-0.2,-0.4,0.56,False,
-0.200_-0.400_0.560,L,lower,6,auto,free,False,True,2.3567057479866573,-0.2,-0.4,0.56,False,
-0.200_-0.400_0.560,L,lower,7,auto,free,False,True,3.131858417940311,-0.2,-0.4,0.56,False,
-0.200_-0.400_0.560,L,lower,8,auto,free,False,True,2.324351683934201,-0.2,-0.4,0.56,False,
-0.200_-0.400_0.560,L,lower,9,auto,free,False,True,2.7307544254442613,-0.2,-0.4,0.56,False,
-0.200_-0.400_0.560,L,lower,10,auto,free,False,True,2.9373726281942143,-0.2,-0.4,0.56,False,
-0.200_-0.400_0.560,L,lower,11,auto,free,False,True,3.033575193979791,-0.2,-0.4,0.56,False,
-0.200_-0.400_0.560,L,lower,12,auto,free,False,True,2.5734829897869096,-0.2,-0.4,0.56,False,
-0.200_-0.400_0.560,L,lower,13,auto,free,False,True,3.268726010557299,-0.2,-0.4,0.56,False,
-0.200_-0.400_0.560,L,lower,14,auto,free,False,True,3.1777841536959004,-0.2,-0.4,0.56,False,
-0.200_-0.400_0.560,L,lower,15,auto,free,False,True,3.0,-0.2,-0.4,0.56,False,
-0.200_-0.400_0.560,L,lower,16,auto,free,False,True,2.624459161286755,-0.2,-0.4,0.56,False,
-0.200_-0.400_0.560,L,lower,17,auto,free,False,True,3.615128249426704,-0.2,-0.4,0.56,False,
-0.200_-0.400_0.560,L,lower,18,auto,free,False,True,2.5337388841201016,-0.2,-0.4,0.56,False,
-0.200_-0.400_0.560,L,lower,19,auto,free,False,True,2.7210659403645625,-0.2,-0.4,0.56,False,
-0.200_-0.400_0.560,L,lower,20,auto,free,False,True,2.55455610151522,-0.2,-0.4,0.56,False,
-0.200_-0.400_0.560,L,lower,21,auto,free,False,True,2.617921741350396,-0.2,-0.4,0.56,False,
-0.200_-0.400_0.560,L,lower,22,auto,free,False,True,3.5358869741618824,-0.2,-0.4,0.56,False,
-0.200_-0.400_0.560,L,lower,23,auto,free,False,True,2.1827313092734797,-0.2,-0.4,0.56,False,
-0.200_-0.400_0.560,L,lower,24,auto,free,False,True,2.394659667442352,-0.2,-0.4,0.56,False,
-0.200_-0.400_0.560,L,lower,25,auto,free,False,True,3.3621639603981537,-0.2,-0.4,0.56,False,
-0.200_-0.400_0.560,L,lower,26,auto,free,False,True,3.181457956678525,-0.2,-0.4,0.56,False,
-0.200_-0.400_0.560,L,lower,27,auto,free,False,True,2.8395244159910673,-0.2,-0.4,0.56,False,
-0.200_-0.400_0.560,L,lower,28,auto,free,False,True,2.130949824960638,-0.2,-0.4,0.56,True,figures/-0p200_-0p400_0p560_L_ik28_free_BEST.png
-0.200_-0.400_0.560,L,lower,29,auto,free,False,True,2.83637103940758,-0.2,-0.4,0.56,False,
-0.200_-0.400_0.560,L,lower,30,auto,free,False,True,2.3749347561657146,-0.2,-0.4,0.56,False,
-0.200_-0.400_0.560,L,lower,31,auto,free,False,True,3.3476404882093878,-0.2,-0.4,0.56,False,
-0.200_-0.400_0.560,L,lower,32,auto,free,False,True,2.9085763436885603,-0.2,-0.4,0.56,False,
-0.200_-0.450_0.560,L,lower,0,auto,safe,False,True,1.7684145734834305,-0.2,-0.45,0.56,True,figures/-0p200_-0p450_0p560_L_ik0_safe_BEST.png
-0.200_-0.450_0.560,L,lower,1,auto,safe,False,True,2.1256649703777803,-0.2,-0.45,0.56,False,
-0.200_-0.450_0.560,L,lower,2,auto,safe,False,True,2.589364390353024,-0.2,-0.45,0.56,False,
-0.200_-0.450_0.560,L,lower,3,auto,safe,False,True,2.1350084683792234,-0.2,-0.45,0.56,False,
-0.200_-0.450_0.560,L,lower,4,auto,safe,False,True,2.7133844516293,-0.2,-0.45,0.56,False,
-0.200_-0.450_0.560,L,lower,5,auto,safe,False,True,2.4295980908191788,-0.2,-0.45,0.56,False,
-0.200_-0.500_0.560,L,lower,0,auto,safe,False,True,2.0389313375718956,-0.2,-0.5,0.56,False,
-0.200_-0.500_0.560,L,lower,1,auto,safe,False,True,3.3643099031518364,-0.2,-0.5,0.56,False,
-0.200_-0.500_0.560,L,lower,2,auto,safe,False,True,2.0992667524015696,-0.2,-0.5,0.56,False,
-0.200_-0.500_0.560,L,lower,3,auto,safe,False,True,1.9900149283932551,-0.2,-0.5,0.56,True,figures/-0p200_-0p500_0p560_L_ik3_safe_BEST.png
-0.200_-0.500_0.560,L,lower,4,auto,safe,False,True,2.682468477025253,-0.2,-0.5,0.56,False,
-0.200_-0.500_0.560,L,lower,5,auto,safe,False,True,2.3294353019621843,-0.2,-0.5,0.56,False,
-0.200_-0.500_0.560,L,lower,6,auto,safe,False,True,2.5884067016527164,-0.2,-0.5,0.56,False,
-0.200_-0.500_0.560,L,lower,7,auto,safe,False,True,2.9333345513950277,-0.2,-0.5,0.56,False,
-0.200_-0.550_0.560,L,lower,0,auto,safe,False,True,2.2881627064385226,-0.2,-0.55,0.56,True,figures/-0p200_-0p550_0p560_L_ik0_safe_BEST.png
-0.200_-0.550_0.560,L,lower,1,auto,safe,False,True,2.741039847132795,-0.2,-0.55,0.56,False,
-0.200_-0.550_0.560,L,lower,2,auto,safe,False,True,2.5112394907297793,-0.2,-0.55,0.56,False,
-0.200_-0.550_0.560,L,lower,3,auto,safe,False,True,2.5588702152644647,-0.2,-0.55,0.56,False,
-0.200_-0.600_0.560,L,lower,0,auto,free,False,True,2.947649383951622,-0.2,-0.6,0.56,True,figures/-0p200_-0p600_0p560_L_ik0_free_BEST.png
-0.200_0.300_0.560,L,upper,0,auto,free,True,True,1.571915267433007,-0.2,0.3,0.56,False,
-0.200_0.300_0.560,L,upper,1,auto,free,True,True,1.0,-0.2,0.3,0.56,False,
-0.200_0.300_0.560,L,upper,2,auto,free,True,True,0.884999855072814,-0.2,0.3,0.56,False,
-0.200_0.300_0.560,L,upper,3,auto,free,True,True,1.0,-0.2,0.3,0.56,False,
-0.200_0.300_0.560,L,upper,4,auto,free,True,True,0.7133074619639204,-0.2,0.3,0.56,False,
-0.200_0.300_0.560,L,upper,5,auto,free,True,True,0.6610211421798641,-0.2,0.3,0.56,False,
-0.200_0.300_0.560,L,upper,6,auto,free,True,True,0.4537653698348425,-0.2,0.3,0.56,False,
-0.200_0.300_0.560,L,upper,7,auto,free,True,True,0.7458521348219675,-0.2,0.3,0.56,False,
-0.200_0.300_0.560,L,upper,8,auto,free,True,True,0.6412307405104372,-0.2,0.3,0.56,False,
-0.200_0.300_0.560,L,upper,9,auto,free,True,True,0.4615974756441341,-0.2,0.3,0.56,False,
-0.200_0.300_0.560,L,upper,10,auto,free,True,True,0.6586132020078774,-0.2,0.3,0.56,False,
-0.200_0.300_0.560,L,upper,11,auto,free,True,True,2.4338298024917844,-0.2,0.3,0.56,False,
-0.200_0.300_0.560,L,upper,12,auto,free,True,True,0.4160816297626724,-0.2,0.3,0.56,False,
-0.200_0.300_0.560,L,upper,13,auto,free,True,True,1.288591933092842,-0.2,0.3,0.56,False,
-0.200_0.300_0.560,L,upper,14,auto,free,True,True,1.0214525395422407,-0.2,0.3,0.56,False,
-0.200_0.300_0.560,L,upper,15,auto,free,True,True,0.3446472232475508,-0.2,0.3,0.56,True,figures/-0p200_0p300_0p560_L_ik15_free_BEST.png
-0.200_0.300_0.560,L,upper,16,auto,free,True,True,1.3747925502867602,-0.2,0.3,0.56,False,
-0.200_0.300_0.560,L,upper,17,auto,free,True,True,0.7148792141807352,-0.2,0.3,0.56,False,
-0.200_0.300_0.560,L,upper,18,auto,free,True,True,1.0220021763908083,-0.2,0.3,0.56,False,
-0.200_0.300_0.560,L,upper,19,auto,free,True,True,1.9595990909210326,-0.2,0.3,0.56,False,
-0.200_0.300_0.560,L,upper,20,auto,free,True,True,2.191757011042102,-0.2,0.3,0.56,False,
-0.200_0.300_0.560,L,upper,21,auto,free,True,True,2.465332857278912,-0.2,0.3,0.56,False,
-0.200_0.300_0.560,L,upper,22,auto,free,True,True,1.9983249170274608,-0.2,0.3,0.56,False,
-0.200_0.300_0.560,L,upper,23,auto,free,True,True,2.7329792575186493,-0.2,0.3,0.56,False,
-0.200_0.300_0.560,L,upper,24,auto,free,True,True,2.9946776569658784,-0.2,0.3,0.56,False,
-0.200_0.300_0.560,L,upper,25,auto,free,True,True,2.4703299282352202,-0.2,0.3,0.56,False,
-0.200_0.300_0.560,L,upper,26,auto,free,True,True,2.5999999046325684,-0.2,0.3,0.56,False,
-0.200_0.300_0.560,L,upper,27,auto,free,True,True,2.443757197323024,-0.2,0.3,0.56,False,
-0.200_0.300_0.560,L,upper,28,auto,free,True,True,2.841036862508838,-0.2,0.3,0.56,False,
-0.200_0.300_0.560,L,upper,29,auto,free,True,True,2.5999999046325684,-0.2,0.3,0.56,False,
-0.200_0.300_0.560,L,upper,30,auto,free,True,True,2.944050349063143,-0.2,0.3,0.56,False,
-0.200_0.300_0.560,L,upper,31,auto,free,True,True,3.0,-0.2,0.3,0.56,False,
-0.200_0.300_0.560,L,upper,32,auto,free,True,True,2.4779981782308664,-0.2,0.3,0.56,False,
-0.200_0.300_0.560,L,upper,33,auto,free,True,True,2.2609041594539887,-0.2,0.3,0.56,False,
-0.200_0.300_0.560,L,upper,34,auto,free,True,True,2.998802441951189,-0.2,0.3,0.56,False,
-0.200_0.300_0.560,L,upper,35,auto,free,True,True,2.5471105476451417,-0.2,0.3,0.56,False,
-0.200_0.300_0.560,L,upper,36,auto,free,True,True,2.6155062495954966,-0.2,0.3,0.56,False,
-0.200_0.300_0.560,L,upper,37,auto,free,True,True,3.0,-0.2,0.3,0.56,False,
-0.200_0.300_0.560,L,upper,38,auto,free,True,True,2.8471370857381073,-0.2,0.3,0.56,False,
-0.200_0.300_0.560,L,upper,39,auto,free,True,True,3.0,-0.2,0.3,0.56,False,
-0.200_0.300_0.560,L,upper,40,auto,free,True,True,3.0,-0.2,0.3,0.56,False,
-0.200_0.300_0.560,L,upper,41,auto,free,True,True,3.0,-0.2,0.3,0.56,False,
-0.200_0.300_0.560,L,upper,42,auto,free,True,True,3.0,-0.2,0.3,0.56,False,
-0.200_0.300_0.560,L,upper,43,auto,free,True,True,3.0,-0.2,0.3,0.56,False,
-0.200_0.300_0.560,L,upper,44,auto,free,True,True,3.0,-0.2,0.3,0.56,False,
-0.200_0.300_0.560,L,upper,45,auto,free,True,True,0.985896235801075,-0.2,0.3,0.56,False,
-0.200_0.300_0.560,L,upper,46,auto,free,True,True,1.236585753109403,-0.2,0.3,0.56,False,
-0.200_0.300_0.560,L,upper,47,auto,free,True,True,0.9761494411870135,-0.2,0.3,0.56,False,
-0.200_0.350_0.560,L,upper,0,auto,free,False,True,0.9992886019361333,-0.2,0.35,0.56,False,
-0.200_0.350_0.560,L,upper,1,auto,free,False,True,0.9999996998679372,-0.2,0.35,0.56,False,
-0.200_0.350_0.560,L,upper,2,auto,free,False,True,0.8773347432918874,-0.2,0.35,0.56,False,
-0.200_0.350_0.560,L,upper,3,auto,free,False,True,0.4399395361780565,-0.2,0.35,0.56,False,
-0.200_0.350_0.560,L,upper,4,auto,free,False,True,0.8680097314218038,-0.2,0.35,0.56,False,
-0.200_0.350_0.560,L,upper,5,auto,free,False,True,0.80171349260009,-0.2,0.35,0.56,False,
-0.200_0.350_0.560,L,upper,6,auto,free,False,True,0.4267225836463764,-0.2,0.35,0.56,False,
-0.200_0.350_0.560,L,upper,7,auto,free,False,True,0.7301190689946382,-0.2,0.35,0.56,False,
-0.200_0.350_0.560,L,upper,8,auto,free,False,True,1.2664096886344705,-0.2,0.35,0.56,False,
-0.200_0.350_0.560,L,upper,9,auto,free,False,True,0.413570874650274,-0.2,0.35,0.56,False,
-0.200_0.350_0.560,L,upper,10,auto,free,False,True,2.4973418552601196,-0.2,0.35,0.56,False,
-0.200_0.350_0.560,L,upper,11,auto,free,False,True,1.6615004215865667,-0.2,0.35,0.56,False,
-0.200_0.350_0.560,L,upper,12,auto,free,False,True,0.3397274406599422,-0.2,0.35,0.56,True,figures/-0p200_0p350_0p560_L_ik12_free_BEST.png
-0.200_0.350_0.560,L,upper,13,auto,free,False,True,1.8055447210249607,-0.2,0.35,0.56,False,
-0.200_0.350_0.560,L,upper,14,auto,free,False,True,1.2117535462502107,-0.2,0.35,0.56,False,
-0.200_0.350_0.560,L,upper,15,auto,free,False,True,0.7184992035193472,-0.2,0.35,0.56,False,
-0.200_0.350_0.560,L,upper,16,auto,free,False,True,1.709892082082268,-0.2,0.35,0.56,False,
-0.200_0.350_0.560,L,upper,17,auto,free,False,True,1.5824656358876399,-0.2,0.35,0.56,False,
-0.200_0.350_0.560,L,upper,18,auto,free,False,True,2.001829239608558,-0.2,0.35,0.56,False,
-0.200_0.350_0.560,L,upper,19,auto,free,False,True,2.0820581555530078,-0.2,0.35,0.56,False,
-0.200_0.350_0.560,L,upper,20,auto,free,False,True,2.9068594064133237,-0.2,0.35,0.56,False,
-0.200_0.350_0.560,L,upper,21,auto,free,False,True,2.5999392200720624,-0.2,0.35,0.56,False,
-0.200_0.350_0.560,L,upper,22,auto,free,False,True,2.466304128702005,-0.2,0.35,0.56,False,
-0.200_0.350_0.560,L,upper,23,auto,free,False,True,2.1401477676444625,-0.2,0.35,0.56,False,
-0.200_0.350_0.560,L,upper,24,auto,free,False,True,2.3350867093742003,-0.2,0.35,0.56,False,
-0.200_0.350_0.560,L,upper,25,auto,free,False,True,2.846407115832655,-0.2,0.35,0.56,False,
-0.200_0.350_0.560,L,upper,26,auto,free,False,True,2.760899005045487,-0.2,0.35,0.56,False,
-0.200_0.350_0.560,L,upper,27,auto,free,False,True,1.9425677840831463,-0.2,0.35,0.56,False,
-0.200_0.350_0.560,L,upper,28,auto,free,False,True,2.950160408729194,-0.2,0.35,0.56,False,
-0.200_0.350_0.560,L,upper,29,auto,free,False,True,2.184507162048797,-0.2,0.35,0.56,False,
-0.200_0.350_0.560,L,upper,30,auto,free,False,True,3.0,-0.2,0.35,0.56,False,
-0.200_0.350_0.560,L,upper,31,auto,free,False,True,3.0,-0.2,0.35,0.56,False,
-0.200_0.350_0.560,L,upper,32,auto,free,False,True,2.5492359025299263,-0.2,0.35,0.56,False,
-0.200_0.350_0.560,L,upper,33,auto,free,False,True,2.630691168736074,-0.2,0.35,0.56,False,
-0.200_0.350_0.560,L,upper,34,auto,free,False,True,2.9299150253047754,-0.2,0.35,0.56,False,
-0.200_0.350_0.560,L,upper,35,auto,free,False,True,2.848160551664898,-0.2,0.35,0.56,False,
-0.200_0.350_0.560,L,upper,36,auto,free,False,True,2.9949856819917033,-0.2,0.35,0.56,False,
-0.200_0.350_0.560,L,upper,37,auto,free,False,True,3.0,-0.2,0.35,0.56,False,
-0.200_0.350_0.560,L,upper,38,auto,free,False,True,3.0,-0.2,0.35,0.56,False,
-0.200_0.400_0.560,L,upper,0,auto,safe,False,True,1.384195077740961,-0.2,0.4,0.56,True,figures/-0p200_0p400_0p560_L_ik0_safe_BEST.png
-0.200_0.400_0.560,L,upper,1,auto,safe,False,True,2.384687131932944,-0.2,0.4,0.56,False,
-0.200_0.400_0.560,L,upper,2,auto,safe,False,True,1.9623566115309412,-0.2,0.4,0.56,False,
-0.200_0.400_0.560,L,upper,3,auto,safe,False,True,1.4167397955231906,-0.2,0.4,0.56,False,
-0.200_0.400_0.560,L,upper,4,auto,safe,False,True,1.4324008698233726,-0.2,0.4,0.56,False,
-0.200_0.400_0.560,L,upper,5,auto,safe,False,True,2.0828820337592786,-0.2,0.4,0.56,False,
-0.200_0.400_0.560,L,upper,6,auto,safe,False,True,1.435271488703248,-0.2,0.4,0.56,False,
-0.200_0.400_0.560,L,upper,7,auto,safe,False,True,1.8769616445476198,-0.2,0.4,0.56,False,
-0.200_0.450_0.560,L,upper,0,auto,safe,False,True,1.3592684580440637,-0.2,0.45,0.56,False,
-0.200_0.450_0.560,L,upper,1,auto,safe,False,True,2.3110250124581815,-0.2,0.45,0.56,False,
-0.200_0.450_0.560,L,upper,2,auto,safe,False,True,0.7238983345305754,-0.2,0.45,0.56,True,figures/-0p200_0p450_0p560_L_ik2_safe_BEST.png
-0.200_0.450_0.560,L,upper,3,auto,safe,False,True,1.8296071952793933,-0.2,0.45,0.56,False,
-0.200_0.450_0.560,L,upper,4,auto,safe,False,True,1.5537407971224484,-0.2,0.45,0.56,False,
-0.200_0.450_0.560,L,upper,5,auto,safe,False,True,1.5859814208134426,-0.2,0.45,0.56,False,
-0.200_0.450_0.560,L,upper,6,auto,safe,False,True,1.209743389383663,-0.2,0.45,0.56,False,
-0.200_0.450_0.560,L,upper,7,auto,safe,False,True,2.3421730660062066,-0.2,0.45,0.56,False,
-0.200_0.500_0.560,L,upper,0,auto,safe,False,True,2.551096541036919,-0.2,0.5,0.56,False,
-0.200_0.500_0.560,L,upper,1,auto,safe,False,True,2.24968992953923,-0.2,0.5,0.56,False,
-0.200_0.500_0.560,L,upper,2,auto,safe,False,True,1.0709015213835587,-0.2,0.5,0.56,False,
-0.200_0.500_0.560,L,upper,3,auto,safe,False,True,1.882629677438253,-0.2,0.5,0.56,False,
-0.200_0.500_0.560,L,upper,4,auto,safe,False,True,1.8175042280881348,-0.2,0.5,0.56,False,
-0.200_0.500_0.560,L,upper,5,auto,safe,False,True,2.1679478840693025,-0.2,0.5,0.56,False,
-0.200_0.500_0.560,L,upper,6,auto,safe,False,True,0.9645276188719389,-0.2,0.5,0.56,True,figures/-0p200_0p500_0p560_L_ik6_safe_BEST.png
-0.200_0.500_0.560,L,upper,7,auto,safe,False,True,2.067517917851438,-0.2,0.5,0.56,False,
-0.200_0.550_0.560,L,upper,0,auto,safe,False,True,2.072167697913075,-0.2,0.55,0.56,False,
-0.200_0.550_0.560,L,upper,1,auto,safe,False,True,1.5558102306772117,-0.2,0.55,0.56,True,figures/-0p200_0p550_0p560_L_ik1_safe_BEST.png
-0.200_0.550_0.560,L,upper,2,auto,safe,False,True,2.3155422771181646,-0.2,0.55,0.56,False,
-0.200_0.550_0.560,L,upper,3,auto,safe,False,True,1.9734488392721532,-0.2,0.55,0.56,False,
-0.200_0.550_0.560,L,upper,4,auto,safe,False,True,1.862038627839204,-0.2,0.55,0.56,False,
-0.200_0.550_0.560,L,upper,5,auto,safe,False,True,2.467869902202695,-0.2,0.55,0.56,False,
-0.200_0.550_0.560,L,upper,6,auto,safe,False,True,1.9659428708180489,-0.2,0.55,0.56,False,
-0.200_0.550_0.560,L,upper,7,auto,safe,False,True,1.635509111907393,-0.2,0.55,0.56,False,
-0.200_0.600_0.560,L,upper,0,auto,safe,False,True,2.379818495041249,-0.2,0.6,0.56,False,
-0.200_0.600_0.560,L,upper,1,auto,safe,False,True,1.4898008271184349,-0.2,0.6,0.56,True,figures/-0p200_0p600_0p560_L_ik1_safe_BEST.png
-0.200_0.600_0.560,L,upper,2,auto,safe,False,True,2.4272591059505713,-0.2,0.6,0.56,False,
-0.200_0.600_0.560,L,upper,3,auto,safe,False,True,1.7538374476313656,-0.2,0.6,0.56,False,
-0.200_0.600_0.560,L,upper,4,auto,safe,False,True,1.8401518807227326,-0.2,0.6,0.56,False,
-0.200_0.600_0.560,L,upper,5,auto,safe,False,True,2.011597194232219,-0.2,0.6,0.56,False,
-0.200_0.600_0.560,L,upper,6,auto,safe,False,True,1.6885405967104337,-0.2,0.6,0.56,False,
-0.250_-0.300_0.560,L,lower,0,auto,free,False,True,2.451539865286597,-0.25,-0.3,0.56,False,
-0.250_-0.300_0.560,L,lower,1,auto,free,False,True,3.327079796486472,-0.25,-0.3,0.56,False,
-0.250_-0.300_0.560,L,lower,2,auto,free,False,True,3.760050626043677,-0.25,-0.3,0.56,False,
-0.250_-0.300_0.560,L,lower,3,auto,free,False,True,2.6831618989299493,-0.25,-0.3,0.56,False,
-0.250_-0.300_0.560,L,lower,4,auto,free,False,True,2.5017589706295045,-0.25,-0.3,0.56,False,
-0.250_-0.300_0.560,L,lower,5,auto,free,False,True,2.0940267319194357,-0.25,-0.3,0.56,False,
-0.250_-0.300_0.560,L,lower,6,auto,free,False,True,2.227838663651942,-0.25,-0.3,0.56,False,
-0.250_-0.300_0.560,L,lower,7,auto,free,False,True,3.0,-0.25,-0.3,0.56,False,
-0.250_-0.300_0.560,L,lower,8,auto,free,False,True,2.2034087567797123,-0.25,-0.3,0.56,False,
-0.250_-0.300_0.560,L,lower,9,auto,free,False,True,3.1163676701104457,-0.25,-0.3,0.56,False,
-0.250_-0.300_0.560,L,lower,10,auto,free,False,True,2.5639991358092327,-0.25,-0.3,0.56,False,
-0.250_-0.300_0.560,L,lower,11,auto,free,False,True,3.927855174297647,-0.25,-0.3,0.56,False,
-0.250_-0.300_0.560,L,lower,12,auto,free,False,True,1.9320527648241668,-0.25,-0.3,0.56,False,
-0.250_-0.300_0.560,L,lower,13,auto,free,False,True,2.438394063157376,-0.25,-0.3,0.56,False,
-0.250_-0.300_0.560,L,lower,14,auto,free,False,True,3.0399387987339868,-0.25,-0.3,0.56,False,
-0.250_-0.300_0.560,L,lower,15,auto,free,False,True,2.9168384855086105,-0.25,-0.3,0.56,False,
-0.250_-0.300_0.560,L,lower,16,auto,free,False,True,2.8093788572887757,-0.25,-0.3,0.56,False,
-0.250_-0.300_0.560,L,lower,17,auto,free,False,True,2.2804374427634513,-0.25,-0.3,0.56,False,
-0.250_-0.300_0.560,L,lower,18,auto,free,False,True,2.841641209121836,-0.25,-0.3,0.56,False,
-0.250_-0.300_0.560,L,lower,19,auto,free,False,True,3.0,-0.25,-0.3,0.56,False,
-0.250_-0.300_0.560,L,lower,20,auto,free,False,True,3.438820770765081,-0.25,-0.3,0.56,False,
-0.250_-0.300_0.560,L,lower,21,auto,free,False,True,3.0,-0.25,-0.3,0.56,False,
-0.250_-0.300_0.560,L,lower,22,auto,free,False,True,2.994428649363854,-0.25,-0.3,0.56,False,
-0.250_-0.300_0.560,L,lower,23,auto,free,False,True,3.796071550408189,-0.25,-0.3,0.56,False,
-0.250_-0.300_0.560,L,lower,24,auto,free,False,True,2.5953926995567977,-0.25,-0.3,0.56,False,
-0.250_-0.300_0.560,L,lower,25,auto,free,False,True,2.5627881579803193,-0.25,-0.3,0.56,False,
-0.250_-0.300_0.560,L,lower,26,auto,free,False,True,2.7444697182914,-0.25,-0.3,0.56,False,
-0.250_-0.300_0.560,L,lower,27,auto,free,False,True,2.5820097356659093,-0.25,-0.3,0.56,False,
-0.250_-0.300_0.560,L,lower,28,auto,free,False,True,2.988378832362373,-0.25,-0.3,0.56,False,
-0.250_-0.300_0.560,L,lower,29,auto,free,False,True,2.3298003821492186,-0.25,-0.3,0.56,False,
-0.250_-0.300_0.560,L,lower,30,auto,free,False,True,2.6306265740400705,-0.25,-0.3,0.56,False,
-0.250_-0.300_0.560,L,lower,31,auto,free,False,True,2.005875548227394,-0.25,-0.3,0.56,False,
-0.250_-0.300_0.560,L,lower,32,auto,free,False,True,3.236355595999041,-0.25,-0.3,0.56,False,
-0.250_-0.300_0.560,L,lower,33,auto,free,False,True,2.203457813336088,-0.25,-0.3,0.56,False,
-0.250_-0.300_0.560,L,lower,34,auto,free,False,True,2.4067897532878377,-0.25,-0.3,0.56,False,
-0.250_-0.300_0.560,L,lower,35,auto,free,False,True,3.3613585570010764,-0.25,-0.3,0.56,False,
-0.250_-0.300_0.560,L,lower,36,auto,free,False,True,1.3173415763364078,-0.25,-0.3,0.56,True,figures/-0p250_-0p300_0p560_L_ik36_free_BEST.png
-0.250_-0.300_0.560,L,lower,37,auto,free,False,True,2.4989999999525025,-0.25,-0.3,0.56,False,
-0.250_-0.300_0.560,L,lower,38,auto,free,False,True,2.5344577481236206,-0.25,-0.3,0.56,False,
-0.250_-0.300_0.560,L,lower,39,auto,free,False,True,2.4158960054946954,-0.25,-0.3,0.56,False,
-0.250_-0.300_0.560,L,lower,40,auto,free,False,True,2.0410205906823036,-0.25,-0.3,0.56,False,
-0.250_-0.300_0.560,L,lower,41,auto,free,False,True,2.341360816208902,-0.25,-0.3,0.56,False,
-0.250_-0.300_0.560,L,lower,42,auto,free,False,True,3.1018724960413397,-0.25,-0.3,0.56,False,
-0.250_-0.300_0.560,L,lower,43,auto,free,False,True,2.5083184744052414,-0.25,-0.3,0.56,False,
-0.250_-0.300_0.560,L,lower,44,auto,free,False,True,2.4408849144754896,-0.25,-0.3,0.56,False,
-0.250_-0.350_0.560,L,lower,0,auto,safe,False,True,2.562277080767295,-0.25,-0.35,0.56,False,
-0.250_-0.350_0.560,L,lower,1,auto,safe,False,True,3.0600072547391246,-0.25,-0.35,0.56,False,
-0.250_-0.350_0.560,L,lower,2,auto,safe,False,True,2.4989999999525025,-0.25,-0.35,0.56,False,
-0.250_-0.350_0.560,L,lower,3,auto,safe,False,True,2.801371204555835,-0.25,-0.35,0.56,False,
-0.250_-0.350_0.560,L,lower,4,auto,safe,False,True,2.798573342390408,-0.25,-0.35,0.56,False,
-0.250_-0.350_0.560,L,lower,5,auto,safe,False,True,1.826163335960074,-0.25,-0.35,0.56,False,
-0.250_-0.350_0.560,L,lower,6,auto,safe,False,True,1.4521143147186133,-0.25,-0.35,0.56,True,figures/-0p250_-0p350_0p560_L_ik6_safe_BEST.png
-0.250_-0.350_0.560,L,lower,7,auto,safe,False,True,2.497181137875939,-0.25,-0.35,0.56,False,
-0.250_-0.400_0.560,L,lower,0,auto,safe,False,True,1.9379676232559007,-0.25,-0.4,0.56,False,
-0.250_-0.400_0.560,L,lower,1,auto,safe,False,True,2.2465956361274744,-0.25,-0.4,0.56,False,
-0.250_-0.400_0.560,L,lower,2,auto,safe,False,True,2.6761886823975924,-0.25,-0.4,0.56,False,
-0.250_-0.400_0.560,L,lower,3,auto,safe,False,True,1.8273010430881946,-0.25,-0.4,0.56,True,figures/-0p250_-0p400_0p560_L_ik3_safe_BEST.png
-0.250_-0.400_0.560,L,lower,4,auto,safe,False,True,2.006134371716689,-0.25,-0.4,0.56,False,
-0.250_-0.400_0.560,L,lower,5,auto,safe,False,True,3.254345963134372,-0.25,-0.4,0.56,False,
-0.250_-0.400_0.560,L,lower,6,auto,safe,False,True,2.223069406539649,-0.25,-0.4,0.56,False,
-0.250_-0.400_0.560,L,lower,7,auto,safe,False,True,2.624816341897022,-0.25,-0.4,0.56,False,
-0.250_-0.450_0.560,L,lower,0,auto,safe,False,True,2.0051221805677324,-0.25,-0.45,0.56,True,figures/-0p250_-0p450_0p560_L_ik0_safe_BEST.png
-0.250_-0.450_0.560,L,lower,1,auto,safe,False,True,2.5646834393370908,-0.25,-0.45,0.56,False,
-0.250_-0.450_0.560,L,lower,2,auto,safe,False,True,2.047227941981931,-0.25,-0.45,0.56,False,
-0.250_-0.450_0.560,L,lower,3,auto,safe,False,True,3.0944350429615053,-0.25,-0.45,0.56,False,
-0.250_-0.450_0.560,L,lower,4,auto,safe,False,True,2.8614973012035163,-0.25,-0.45,0.56,False,
-0.250_-0.450_0.560,L,lower,5,auto,safe,False,True,2.050017299655722,-0.25,-0.45,0.56,False,
-0.250_-0.450_0.560,L,lower,6,auto,safe,False,True,2.9789081692539146,-0.25,-0.45,0.56,False,
-0.250_-0.450_0.560,L,lower,7,auto,safe,False,True,2.953767904620668,-0.25,-0.45,0.56,False,
-0.250_-0.500_0.560,L,lower,0,auto,safe,False,True,2.8342055895777936,-0.25,-0.5,0.56,False,
-0.250_-0.500_0.560,L,lower,1,auto,safe,False,True,2.149829484729416,-0.25,-0.5,0.56,False,
-0.250_-0.500_0.560,L,lower,2,auto,safe,False,True,2.544099110972189,-0.25,-0.5,0.56,False,
-0.250_-0.500_0.560,L,lower,3,auto,safe,False,True,2.783197961979142,-0.25,-0.5,0.56,False,
-0.250_-0.500_0.560,L,lower,4,auto,safe,False,True,2.2002649549580333,-0.25,-0.5,0.56,False,
-0.250_-0.500_0.560,L,lower,5,auto,safe,False,True,2.0613830440977865,-0.25,-0.5,0.56,True,figures/-0p250_-0p500_0p560_L_ik5_safe_BEST.png
-0.250_-0.550_0.560,L,lower,0,auto,safe,False,True,3.0941065642239582,-0.25,-0.55,0.56,False,
-0.250_-0.550_0.560,L,lower,1,auto,safe,False,True,1.8860054550612464,-0.25,-0.55,0.56,True,figures/-0p250_-0p550_0p560_L_ik1_safe_BEST.png
-0.250_-0.550_0.560,L,lower,2,auto,safe,False,True,2.2267797929150728,-0.25,-0.55,0.56,False,
-0.250_-0.550_0.560,L,lower,3,auto,safe,False,True,2.0904503410557016,-0.25,-0.55,0.56,False,
-0.250_-0.550_0.560,L,lower,4,auto,safe,False,True,2.314113266188766,-0.25,-0.55,0.56,False,
-0.250_-0.550_0.560,L,lower,5,auto,safe,False,True,2.965583099814796,-0.25,-0.55,0.56,False,
-0.250_-0.550_0.560,L,lower,6,auto,safe,False,True,2.0466954636935424,-0.25,-0.55,0.56,False,
-0.250_-0.550_0.560,L,lower,7,auto,safe,False,True,2.4970227562279765,-0.25,-0.55,0.56,False,
-0.250_-0.600_0.560,L,lower,0,auto,safe,False,True,2.780490537724031,-0.25,-0.6,0.56,False,
-0.250_-0.600_0.560,L,lower,1,auto,safe,False,True,2.0616194795162963,-0.25,-0.6,0.56,False,
-0.250_-0.600_0.560,L,lower,2,auto,safe,False,True,2.79570242871396,-0.25,-0.6,0.56,False,
-0.250_-0.600_0.560,L,lower,3,auto,safe,False,True,2.808185921867561,-0.25,-0.6,0.56,False,
-0.250_-0.600_0.560,L,lower,4,auto,safe,False,True,1.7647309441284518,-0.25,-0.6,0.56,True,figures/-0p250_-0p600_0p560_L_ik4_safe_BEST.png
-0.250_0.300_0.560,L,upper,0,auto,safe,False,True,1.5565012269396883,-0.25,0.3,0.56,False,
-0.250_0.300_0.560,L,upper,1,auto,safe,False,True,1.2522197678451397,-0.25,0.3,0.56,False,
-0.250_0.300_0.560,L,upper,2,auto,safe,False,True,1.216700362157535,-0.25,0.3,0.56,False,
-0.250_0.300_0.560,L,upper,3,auto,safe,False,True,1.1086073826436582,-0.25,0.3,0.56,False,
-0.250_0.300_0.560,L,upper,4,auto,safe,False,True,1.5925035688312938,-0.25,0.3,0.56,False,
-0.250_0.300_0.560,L,upper,5,auto,safe,False,True,0.6656542552021079,-0.25,0.3,0.56,True,figures/-0p250_0p300_0p560_L_ik5_safe_BEST.png
-0.250_0.300_0.560,L,upper,6,auto,safe,False,True,2.722788950768819,-0.25,0.3,0.56,False,
-0.250_0.300_0.560,L,upper,7,auto,safe,False,True,2.179574391152019,-0.25,0.3,0.56,False,
-0.250_0.350_0.560,L,upper,0,auto,safe,False,True,2.0715031902607333,-0.25,0.35,0.56,False,
-0.250_0.350_0.560,L,upper,1,auto,safe,False,True,0.8008792173464414,-0.25,0.35,0.56,False,
-0.250_0.350_0.560,L,upper,2,auto,safe,False,True,1.9708482259517572,-0.25,0.35,0.56,False,
-0.250_0.350_0.560,L,upper,3,auto,safe,False,True,0.4545978746228583,-0.25,0.35,0.56,True,figures/-0p250_0p350_0p560_L_ik3_safe_BEST.png
-0.250_0.350_0.560,L,upper,4,auto,safe,False,True,2.255459813520963,-0.25,0.35,0.56,False,
-0.250_0.350_0.560,L,upper,5,auto,safe,False,True,1.190224269706043,-0.25,0.35,0.56,False,
-0.250_0.350_0.560,L,upper,6,auto,safe,False,True,1.631809035531886,-0.25,0.35,0.56,False,
-0.250_0.350_0.560,L,upper,7,auto,safe,False,True,1.4873594390907803,-0.25,0.35,0.56,False,
-0.250_0.400_0.560,L,upper,0,auto,safe,False,True,2.5221933113679262,-0.25,0.4,0.56,False,
-0.250_0.400_0.560,L,upper,1,auto,safe,False,True,1.1926461694435377,-0.25,0.4,0.56,False,
-0.250_0.400_0.560,L,upper,2,auto,safe,False,True,1.593947449687088,-0.25,0.4,0.56,False,
-0.250_0.400_0.560,L,upper,3,auto,safe,False,True,1.1186200274281703,-0.25,0.4,0.56,True,figures/-0p250_0p400_0p560_L_ik3_safe_BEST.png
-0.250_0.400_0.560,L,upper,4,auto,safe,False,True,1.5651622654818915,-0.25,0.4,0.56,False,
-0.250_0.400_0.560,L,upper,5,auto,safe,False,True,1.7670263213978128,-0.25,0.4,0.56,False,
-0.250_0.400_0.560,L,upper,6,auto,safe,False,True,2.1288585201592056,-0.25,0.4,0.56,False,
-0.250_0.400_0.560,L,upper,7,auto,safe,False,True,2.522423771126024,-0.25,0.4,0.56,False,
-0.250_0.450_0.560,L,upper,0,auto,safe,False,True,1.5600279720461434,-0.25,0.45,0.56,False,
-0.250_0.450_0.560,L,upper,1,auto,safe,False,True,2.068623601754853,-0.25,0.45,0.56,False,
-0.250_0.450_0.560,L,upper,2,auto,safe,False,True,2.1455341334028475,-0.25,0.45,0.56,False,
-0.250_0.450_0.560,L,upper,3,auto,safe,False,True,1.7756578476045402,-0.25,0.45,0.56,False,
-0.250_0.450_0.560,L,upper,4,auto,safe,False,True,0.8155382014199334,-0.25,0.45,0.56,True,figures/-0p250_0p450_0p560_L_ik4_safe_BEST.png
-0.250_0.450_0.560,L,upper,5,auto,safe,False,True,2.3520629600113145,-0.25,0.45,0.56,False,
-0.250_0.450_0.560,L,upper,6,auto,safe,False,True,1.9936927487707217,-0.25,0.45,0.56,False,
-0.250_0.450_0.560,L,upper,7,auto,safe,False,True,1.9056888497348492,-0.25,0.45,0.56,False,
-0.250_0.500_0.560,L,upper,0,auto,safe,False,True,2.1890569018574397,-0.25,0.5,0.56,False,
-0.250_0.500_0.560,L,upper,1,auto,safe,False,True,1.7329920381434487,-0.25,0.5,0.56,False,
-0.250_0.500_0.560,L,upper,2,auto,safe,False,True,1.561205123700844,-0.25,0.5,0.56,False,
-0.250_0.500_0.560,L,upper,3,auto,safe,False,True,1.4441603877807565,-0.25,0.5,0.56,True,figures/-0p250_0p500_0p560_L_ik3_safe_BEST.png
-0.250_0.500_0.560,L,upper,4,auto,safe,False,True,1.6569670722511343,-0.25,0.5,0.56,False,
-0.250_0.500_0.560,L,upper,5,auto,safe,False,True,2.2347523422258204,-0.25,0.5,0.56,False,
-0.250_0.500_0.560,L,upper,6,auto,safe,False,True,2.117121140682629,-0.25,0.5,0.56,False,
-0.250_0.500_0.560,L,upper,7,auto,safe,False,True,1.573398218404153,-0.25,0.5,0.56,False,
-0.250_0.550_0.560,L,upper,0,auto,safe,False,True,1.8079754953657183,-0.25,0.55,0.56,False,
-0.250_0.550_0.560,L,upper,1,auto,safe,False,True,1.9782116265448364,-0.25,0.55,0.56,False,
-0.250_0.550_0.560,L,upper,2,auto,safe,False,True,2.0281502941066165,-0.25,0.55,0.56,False,
-0.250_0.550_0.560,L,upper,3,auto,safe,False,True,1.7201588571538111,-0.25,0.55,0.56,False,
-0.250_0.550_0.560,L,upper,4,auto,safe,False,True,0.8804234490388918,-0.25,0.55,0.56,True,figures/-0p250_0p550_0p560_L_ik4_safe_BEST.png
-0.250_0.550_0.560,L,upper,5,auto,safe,False,True,1.636648836405992,-0.25,0.55,0.56,False,
-0.250_0.550_0.560,L,upper,6,auto,safe,False,True,1.1396372416533747,-0.25,0.55,0.56,False,
-0.250_0.550_0.560,L,upper,7,auto,safe,False,True,1.3840059154620192,-0.25,0.55,0.56,False,
-0.250_0.600_0.560,L,upper,0,auto,safe,False,True,1.8330767325585873,-0.25,0.6,0.56,False,
-0.250_0.600_0.560,L,upper,1,auto,safe,False,True,1.5573826976292633,-0.25,0.6,0.56,False,
-0.250_0.600_0.560,L,upper,2,auto,safe,False,True,2.1142791216382393,-0.25,0.6,0.56,False,
-0.250_0.600_0.560,L,upper,3,auto,safe,False,True,2.0014490167230203,-0.25,0.6,0.56,False,
-0.250_0.600_0.560,L,upper,4,auto,safe,False,True,2.2293126364268687,-0.25,0.6,0.56,False,
-0.250_0.600_0.560,L,upper,5,auto,safe,False,True,1.9096424402514813,-0.25,0.6,0.56,False,
-0.250_0.600_0.560,L,upper,6,auto,safe,False,True,2.158271587056205,-0.25,0.6,0.56,False,
-0.250_0.600_0.560,L,upper,7,auto,safe,False,True,0.9102190491089606,-0.25,0.6,0.56,True,figures/-0p250_0p600_0p560_L_ik7_safe_BEST.png
-0.300_-0.300_0.560,L,lower,0,auto,safe,False,True,2.1247723973785577,-0.3,-0.3,0.56,False,
-0.300_-0.300_0.560,L,lower,1,auto,safe,False,True,3.474092235752077,-0.3,-0.3,0.56,False,
-0.300_-0.300_0.560,L,lower,2,auto,safe,False,True,2.4989999999525025,-0.3,-0.3,0.56,False,
-0.300_-0.300_0.560,L,lower,3,auto,safe,False,True,1.910801248919777,-0.3,-0.3,0.56,False,
-0.300_-0.300_0.560,L,lower,4,auto,safe,False,True,2.5999999046325684,-0.3,-0.3,0.56,False,
-0.300_-0.300_0.560,L,lower,5,auto,safe,False,True,1.4500505972801396,-0.3,-0.3,0.56,True,figures/-0p300_-0p300_0p560_L_ik5_safe_BEST.png
-0.300_-0.300_0.560,L,lower,6,auto,safe,False,True,2.4989999999525025,-0.3,-0.3,0.56,False,
-0.300_-0.300_0.560,L,lower,7,auto,safe,False,True,3.018393140316558,-0.3,-0.3,0.56,False,
-0.300_-0.350_0.560,L,lower,0,auto,safe,False,True,2.066156068856602,-0.3,-0.35,0.56,False,
-0.300_-0.350_0.560,L,lower,1,auto,safe,False,True,3.3957917390105434,-0.3,-0.35,0.56,False,
-0.300_-0.350_0.560,L,lower,2,auto,safe,False,True,2.4989999999437646,-0.3,-0.35,0.56,False,
-0.300_-0.350_0.560,L,lower,3,auto,safe,False,True,2.0503119283551743,-0.3,-0.35,0.56,False,
-0.300_-0.350_0.560,L,lower,4,auto,safe,False,True,2.4989999999525025,-0.3,-0.35,0.56,False,
-0.300_-0.350_0.560,L,lower,5,auto,safe,False,True,1.7744898405243923,-0.3,-0.35,0.56,True,figures/-0p300_-0p350_0p560_L_ik5_safe_BEST.png
-0.300_-0.350_0.560,L,lower,6,auto,safe,False,True,2.321736869334823,-0.3,-0.35,0.56,False,
-0.300_-0.350_0.560,L,lower,7,auto,safe,False,True,2.8821299188427263,-0.3,-0.35,0.56,False,
-0.300_-0.400_0.560,L,lower,0,auto,safe,False,True,2.537082628830821,-0.3,-0.4,0.56,False,
-0.300_-0.400_0.560,L,lower,1,auto,safe,False,True,2.9938126542798216,-0.3,-0.4,0.56,False,
-0.300_-0.400_0.560,L,lower,2,auto,safe,False,True,2.0798086399001137,-0.3,-0.4,0.56,False,
-0.300_-0.400_0.560,L,lower,3,auto,safe,False,True,2.8208571791731174,-0.3,-0.4,0.56,False,
-0.300_-0.400_0.560,L,lower,4,auto,safe,False,True,2.6136753195180216,-0.3,-0.4,0.56,False,
-0.300_-0.400_0.560,L,lower,5,auto,safe,False,True,2.3660651144029083,-0.3,-0.4,0.56,False,
-0.300_-0.400_0.560,L,lower,6,auto,safe,False,True,2.0750255618870543,-0.3,-0.4,0.56,True,figures/-0p300_-0p400_0p560_L_ik6_safe_BEST.png
-0.300_-0.400_0.560,L,lower,7,auto,safe,False,True,3.0246123099150903,-0.3,-0.4,0.56,False,
-0.300_-0.450_0.560,L,lower,0,auto,safe,False,True,3.074289475390283,-0.3,-0.45,0.56,False,
-0.300_-0.450_0.560,L,lower,1,auto,safe,False,True,2.506335466988027,-0.3,-0.45,0.56,False,
-0.300_-0.450_0.560,L,lower,2,auto,safe,False,True,2.2852141682622626,-0.3,-0.45,0.56,False,
-0.300_-0.450_0.560,L,lower,3,auto,safe,False,True,2.169946944978421,-0.3,-0.45,0.56,False,
-0.300_-0.450_0.560,L,lower,4,auto,safe,False,True,1.9006586023619199,-0.3,-0.45,0.56,False,
-0.300_-0.450_0.560,L,lower,5,auto,safe,False,True,2.7252433113264756,-0.3,-0.45,0.56,False,
-0.300_-0.450_0.560,L,lower,6,auto,safe,False,True,1.791252645428353,-0.3,-0.45,0.56,True,figures/-0p300_-0p450_0p560_L_ik6_safe_BEST.png
-0.300_-0.450_0.560,L,lower,7,auto,safe,False,True,2.9820535982671577,-0.3,-0.45,0.56,False,
-0.300_-0.500_0.560,L,lower,0,auto,safe,False,True,2.3641029029989626,-0.3,-0.5,0.56,False,
-0.300_-0.500_0.560,L,lower,1,auto,safe,False,True,1.0275988599016315,-0.3,-0.5,0.56,True,figures/-0p300_-0p500_0p560_L_ik1_safe_BEST.png
-0.300_-0.500_0.560,L,lower,2,auto,safe,False,True,1.7214982774580274,-0.3,-0.5,0.56,False,
-0.300_-0.500_0.560,L,lower,3,auto,safe,False,True,1.9937480798689398,-0.3,-0.5,0.56,False,
-0.300_-0.500_0.560,L,lower,4,auto,safe,False,True,2.4071664825749464,-0.3,-0.5,0.56,False,
-0.300_-0.500_0.560,L,lower,5,auto,safe,False,True,1.1420244899801562,-0.3,-0.5,0.56,False,
-0.300_-0.500_0.560,L,lower,6,auto,safe,False,True,2.6204277821046946,-0.3,-0.5,0.56,False,
-0.300_-0.500_0.560,L,lower,7,auto,safe,False,True,2.4282887953788843,-0.3,-0.5,0.56,False,
-0.300_-0.550_0.560,L,lower,0,auto,safe,False,True,2.117495515579373,-0.3,-0.55,0.56,False,
-0.300_-0.550_0.560,L,lower,1,auto,safe,False,True,2.823093313800614,-0.3,-0.55,0.56,False,
-0.300_-0.550_0.560,L,lower,2,auto,safe,False,True,2.6242430583696867,-0.3,-0.55,0.56,False,
-0.300_-0.550_0.560,L,lower,3,auto,safe,False,True,2.7230966935111365,-0.3,-0.55,0.56,False,
-0.300_-0.550_0.560,L,lower,4,auto,safe,False,True,2.06191345747829,-0.3,-0.55,0.56,True,figures/-0p300_-0p550_0p560_L_ik4_safe_BEST.png
-0.300_-0.550_0.560,L,lower,5,auto,safe,False,True,2.377027779724224,-0.3,-0.55,0.56,False,
-0.300_-0.550_0.560,L,lower,6,auto,safe,False,True,2.548162903061864,-0.3,-0.55,0.56,False,
-0.300_-0.550_0.560,L,lower,7,auto,safe,False,True,2.1595328101307385,-0.3,-0.55,0.56,False,
-0.300_-0.600_0.560,L,lower,0,auto,safe,False,True,2.7219919451663745,-0.3,-0.6,0.56,False,
-0.300_-0.600_0.560,L,lower,1,auto,safe,False,True,2.7545778948961788,-0.3,-0.6,0.56,False,
-0.300_-0.600_0.560,L,lower,2,auto,safe,False,True,1.6588483063787498,-0.3,-0.6,0.56,False,
-0.300_-0.600_0.560,L,lower,3,auto,safe,False,True,2.6423754365005685,-0.3,-0.6,0.56,False,
-0.300_-0.600_0.560,L,lower,4,auto,safe,False,True,2.64661902055271,-0.3,-0.6,0.56,False,
-0.300_-0.600_0.560,L,lower,5,auto,safe,False,True,1.4161325337372235,-0.3,-0.6,0.56,True,figures/-0p300_-0p600_0p560_L_ik5_safe_BEST.png
-0.300_0.300_0.560,L,upper,0,auto,safe,False,True,1.3431278861715197,-0.3,0.3,0.56,False,
-0.300_0.300_0.560,L,upper,1,auto,safe,False,True,1.708607750445423,-0.3,0.3,0.56,False,
-0.300_0.300_0.560,L,upper,2,auto,safe,False,True,1.6046839350640236,-0.3,0.3,0.56,False,
-0.300_0.300_0.560,L,upper,3,auto,safe,False,True,1.4177510846258425,-0.3,0.3,0.56,False,
-0.300_0.300_0.560,L,upper,4,auto,safe,False,True,2.1248944715625018,-0.3,0.3,0.56,False,
-0.300_0.300_0.560,L,upper,5,auto,safe,False,True,1.25784862453993,-0.3,0.3,0.56,True,figures/-0p300_0p300_0p560_L_ik5_safe_BEST.png
-0.300_0.300_0.560,L,upper,6,auto,safe,False,True,1.8990770348257642,-0.3,0.3,0.56,False,
-0.300_0.300_0.560,L,upper,7,auto,safe,False,True,1.751625446136591,-0.3,0.3,0.56,False,
-0.300_0.350_0.560,L,upper,0,auto,safe,False,True,1.9858111027190475,-0.3,0.35,0.56,False,
-0.300_0.350_0.560,L,upper,1,auto,safe,False,True,1.8358837160708386,-0.3,0.35,0.56,False,
-0.300_0.350_0.560,L,upper,2,auto,safe,False,True,1.8556347460977265,-0.3,0.35,0.56,False,
-0.300_0.350_0.560,L,upper,3,auto,safe,False,True,1.7158079553973904,-0.3,0.35,0.56,False,
-0.300_0.350_0.560,L,upper,4,auto,safe,False,True,1.70330989809296,-0.3,0.35,0.56,False,
-0.300_0.350_0.560,L,upper,5,auto,safe,False,True,0.753965112541843,-0.3,0.35,0.56,True,figures/-0p300_0p350_0p560_L_ik5_safe_BEST.png
-0.300_0.350_0.560,L,upper,6,auto,safe,False,True,1.845822886713873,-0.3,0.35,0.56,False,
-0.300_0.350_0.560,L,upper,7,auto,safe,False,True,2.0306318417422835,-0.3,0.35,0.56,False,
-0.300_0.400_0.560,L,upper,0,auto,safe,False,True,1.83399065949708,-0.3,0.4,0.56,False,
-0.300_0.400_0.560,L,upper,1,auto,safe,False,True,1.7933586733837505,-0.3,0.4,0.56,False,
-0.300_0.400_0.560,L,upper,2,auto,safe,False,True,1.7489728504204103,-0.3,0.4,0.56,False,
-0.300_0.400_0.560,L,upper,3,auto,safe,False,True,1.3696944807573597,-0.3,0.4,0.56,True,figures/-0p300_0p400_0p560_L_ik3_safe_BEST.png
-0.300_0.400_0.560,L,upper,4,auto,safe,False,True,1.5560054975281403,-0.3,0.4,0.56,False,
-0.300_0.400_0.560,L,upper,5,auto,safe,False,True,1.6765359666496051,-0.3,0.4,0.56,False,
-0.300_0.400_0.560,L,upper,6,auto,safe,False,True,1.7075768161554152,-0.3,0.4,0.56,False,
-0.300_0.400_0.560,L,upper,7,auto,safe,False,True,1.776612493117102,-0.3,0.4,0.56,False,
-0.300_0.450_0.560,L,upper,0,auto,safe,False,True,1.5114050524803313,-0.3,0.45,0.56,False,
-0.300_0.450_0.560,L,upper,1,auto,safe,False,True,1.7467518022717539,-0.3,0.45,0.56,False,
-0.300_0.450_0.560,L,upper,2,auto,safe,False,True,2.208871841545115,-0.3,0.45,0.56,False,
-0.300_0.450_0.560,L,upper,3,auto,safe,False,True,1.54737491629113,-0.3,0.45,0.56,False,
-0.300_0.450_0.560,L,upper,4,auto,safe,False,True,1.2825794696210986,-0.3,0.45,0.56,True,figures/-0p300_0p450_0p560_L_ik4_safe_BEST.png
-0.300_0.450_0.560,L,upper,5,auto,safe,False,True,1.2905963713214506,-0.3,0.45,0.56,False,
-0.300_0.450_0.560,L,upper,6,auto,safe,False,True,1.961687753014167,-0.3,0.45,0.56,False,
-0.300_0.450_0.560,L,upper,7,auto,safe,False,True,1.626059268941081,-0.3,0.45,0.56,False,
-0.300_0.500_0.560,L,upper,0,auto,safe,False,True,2.2698030711911477,-0.3,0.5,0.56,False,
-0.300_0.500_0.560,L,upper,1,auto,safe,False,True,1.4589328805415227,-0.3,0.5,0.56,False,
-0.300_0.500_0.560,L,upper,2,auto,safe,False,True,1.9013164292768259,-0.3,0.5,0.56,False,
-0.300_0.500_0.560,L,upper,3,auto,safe,False,True,1.4381832374074652,-0.3,0.5,0.56,False,
-0.300_0.500_0.560,L,upper,4,auto,safe,False,True,2.316276160124084,-0.3,0.5,0.56,False,
-0.300_0.500_0.560,L,upper,5,auto,safe,False,True,1.3691513307444962,-0.3,0.5,0.56,False,
-0.300_0.500_0.560,L,upper,6,auto,safe,False,True,2.319155474081513,-0.3,0.5,0.56,False,
-0.300_0.500_0.560,L,upper,7,auto,safe,False,True,1.1494947765801666,-0.3,0.5,0.56,True,figures/-0p300_0p500_0p560_L_ik7_safe_BEST.png
-0.300_0.550_0.560,L,upper,0,auto,safe,False,True,2.11557118274986,-0.3,0.55,0.56,False,
-0.300_0.550_0.560,L,upper,1,auto,safe,False,True,2.134653118488269,-0.3,0.55,0.56,False,
-0.300_0.550_0.560,L,upper,2,auto,safe,False,True,2.0746395787726803,-0.3,0.55,0.56,False,
-0.300_0.550_0.560,L,upper,3,auto,safe,False,True,1.7802717849946301,-0.3,0.55,0.56,False,
-0.300_0.550_0.560,L,upper,4,auto,safe,False,True,1.4204490180444123,-0.3,0.55,0.56,True,figures/-0p300_0p550_0p560_L_ik4_safe_BEST.png
-0.300_0.550_0.560,L,upper,5,auto,safe,False,True,1.719131536127522,-0.3,0.55,0.56,False,
-0.300_0.550_0.560,L,upper,6,auto,safe,False,True,1.7220989194807368,-0.3,0.55,0.56,False,
-0.300_0.550_0.560,L,upper,7,auto,safe,False,True,1.60276537621497,-0.3,0.55,0.56,False,
-0.300_0.600_0.560,L,upper,0,auto,safe,False,True,1.1380146354019924,-0.3,0.6,0.56,False,
-0.300_0.600_0.560,L,upper,1,auto,safe,False,True,1.9037663702665677,-0.3,0.6,0.56,False,
-0.300_0.600_0.560,L,upper,2,auto,safe,False,True,1.7926631431556,-0.3,0.6,0.56,False,
-0.300_0.600_0.560,L,upper,3,auto,safe,False,True,1.8019929273532163,-0.3,0.6,0.56,False,
-0.300_0.600_0.560,L,upper,4,auto,safe,False,True,1.0807192138654405,-0.3,0.6,0.56,False,
-0.300_0.600_0.560,L,upper,5,auto,safe,False,True,1.7297737621388212,-0.3,0.6,0.56,False,
-0.300_0.600_0.560,L,upper,6,auto,safe,False,True,0.9707347420330783,-0.3,0.6,0.56,True,figures/-0p300_0p600_0p560_L_ik6_safe_BEST.png
-0.300_0.600_0.560,L,upper,7,auto,safe,False,True,1.157852888365153,-0.3,0.6,0.56,False,
-0.350_-0.300_0.560,L,lower,0,auto,safe,False,True,1.4011764960451956,-0.35,-0.3,0.56,True,figures/-0p350_-0p300_0p560_L_ik0_safe_BEST.png
-0.350_-0.300_0.560,L,lower,1,auto,safe,False,True,2.462751846425396,-0.35,-0.3,0.56,False,
-0.350_-0.300_0.560,L,lower,2,auto,safe,False,True,2.4989999999525025,-0.35,-0.3,0.56,False,
-0.350_-0.300_0.560,L,lower,3,auto,safe,False,True,2.2514554923358974,-0.35,-0.3,0.56,False,
-0.350_-0.300_0.560,L,lower,4,auto,safe,False,True,2.398345343327541,-0.35,-0.3,0.56,False,
-0.350_-0.300_0.560,L,lower,5,auto,safe,False,True,2.475974286109942,-0.35,-0.3,0.56,False,
-0.350_-0.300_0.560,L,lower,6,auto,safe,False,True,2.9180555140861495,-0.35,-0.3,0.56,False,
-0.350_-0.300_0.560,L,lower,7,auto,safe,False,True,2.2121328835557854,-0.35,-0.3,0.56,False,
-0.350_-0.350_0.560,L,lower,0,auto,safe,False,True,2.4989999999525025,-0.35,-0.35,0.56,False,
-0.350_-0.350_0.560,L,lower,1,auto,safe,False,True,1.8185764380709943,-0.35,-0.35,0.56,True,figures/-0p350_-0p350_0p560_L_ik1_safe_BEST.png
-0.350_-0.350_0.560,L,lower,2,auto,safe,False,True,2.1590088507113734,-0.35,-0.35,0.56,False,
-0.350_-0.350_0.560,L,lower,3,auto,safe,False,True,2.533746853662033,-0.35,-0.35,0.56,False,
-0.350_-0.350_0.560,L,lower,4,auto,safe,False,True,1.9856027908577594,-0.35,-0.35,0.56,False,
-0.350_-0.350_0.560,L,lower,5,auto,safe,False,True,2.324271541803353,-0.35,-0.35,0.56,False,
-0.350_-0.350_0.560,L,lower,6,auto,safe,False,True,2.375089997960366,-0.35,-0.35,0.56,False,
-0.350_-0.350_0.560,L,lower,7,auto,safe,False,True,3.0732838680302184,-0.35,-0.35,0.56,False,
-0.350_-0.400_0.560,L,lower,0,auto,safe,False,True,2.081728360158957,-0.35,-0.4,0.56,False,
-0.350_-0.400_0.560,L,lower,1,auto,safe,False,True,2.76825667576227,-0.35,-0.4,0.56,False,
-0.350_-0.400_0.560,L,lower,2,auto,safe,False,True,2.5999999046325684,-0.35,-0.4,0.56,False,
-0.350_-0.400_0.560,L,lower,3,auto,safe,False,True,3.263370587308269,-0.35,-0.4,0.56,False,
-0.350_-0.400_0.560,L,lower,4,auto,safe,False,True,2.2980919733579466,-0.35,-0.4,0.56,False,
-0.350_-0.400_0.560,L,lower,5,auto,safe,False,True,2.591819301965661,-0.35,-0.4,0.56,False,
-0.350_-0.400_0.560,L,lower,6,auto,safe,False,True,1.8377450669455433,-0.35,-0.4,0.56,True,figures/-0p350_-0p400_0p560_L_ik6_safe_BEST.png
-0.350_-0.400_0.560,L,lower,7,auto,safe,False,True,2.417537746509028,-0.35,-0.4,0.56,False,
-0.350_-0.450_0.560,L,lower,0,auto,safe,False,True,2.7250159352150556,-0.35,-0.45,0.56,False,
-0.350_-0.450_0.560,L,lower,1,auto,safe,False,True,1.0154382771856056,-0.35,-0.45,0.56,False,
-0.350_-0.450_0.560,L,lower,2,auto,safe,False,True,2.555836419789697,-0.35,-0.45,0.56,False,
-0.350_-0.450_0.560,L,lower,3,auto,safe,False,True,1.8529183975106656,-0.35,-0.45,0.56,False,
-0.350_-0.450_0.560,L,lower,4,auto,safe,False,True,0.583580996956548,-0.35,-0.45,0.56,True,figures/-0p350_-0p450_0p560_L_ik4_safe_BEST.png
-0.350_-0.450_0.560,L,lower,5,auto,safe,False,True,2.907644213427177,-0.35,-0.45,0.56,False,
-0.350_-0.450_0.560,L,lower,6,auto,safe,False,True,2.1086823626473685,-0.35,-0.45,0.56,False,
-0.350_-0.450_0.560,L,lower,7,auto,safe,False,True,2.022238847877775,-0.35,-0.45,0.56,False,
-0.350_-0.500_0.560,L,lower,0,auto,safe,False,True,2.339610596572099,-0.35,-0.5,0.56,False,
-0.350_-0.500_0.560,L,lower,1,auto,safe,False,True,2.6948937225433323,-0.35,-0.5,0.56,False,
-0.350_-0.500_0.560,L,lower,2,auto,safe,False,True,1.2872326049057676,-0.35,-0.5,0.56,True,figures/-0p350_-0p500_0p560_L_ik2_safe_BEST.png
-0.350_-0.500_0.560,L,lower,3,auto,safe,False,True,1.8099308919797155,-0.35,-0.5,0.56,False,
-0.350_-0.500_0.560,L,lower,4,auto,safe,False,True,3.210039214167594,-0.35,-0.5,0.56,False,
-0.350_-0.500_0.560,L,lower,5,auto,safe,False,True,2.2832599602317414,-0.35,-0.5,0.56,False,
-0.350_-0.500_0.560,L,lower,6,auto,safe,False,True,2.7643719797641513,-0.35,-0.5,0.56,False,
-0.350_-0.500_0.560,L,lower,7,auto,safe,False,True,2.2993986904782604,-0.35,-0.5,0.56,False,
-0.350_-0.550_0.560,L,lower,0,auto,safe,False,True,2.098815667632975,-0.35,-0.55,0.56,False,
-0.350_-0.550_0.560,L,lower,1,auto,safe,False,True,2.2568853878528543,-0.35,-0.55,0.56,False,
-0.350_-0.550_0.560,L,lower,2,auto,safe,False,True,2.140751164318667,-0.35,-0.55,0.56,False,
-0.350_-0.550_0.560,L,lower,3,auto,safe,False,True,2.941433047169273,-0.35,-0.55,0.56,False,
-0.350_-0.550_0.560,L,lower,4,auto,safe,False,True,1.9959127726793398,-0.35,-0.55,0.56,False,
-0.350_-0.550_0.560,L,lower,5,auto,safe,False,True,2.517305988015882,-0.35,-0.55,0.56,False,
-0.350_-0.550_0.560,L,lower,6,auto,safe,False,True,1.3112476541260794,-0.35,-0.55,0.56,True,figures/-0p350_-0p550_0p560_L_ik6_safe_BEST.png
-0.350_-0.550_0.560,L,lower,7,auto,safe,False,True,2.145539757273488,-0.35,-0.55,0.56,False,
-0.350_0.300_0.560,L,upper,0,auto,safe,False,True,1.7790440286366156,-0.35,0.3,0.56,False,
-0.350_0.300_0.560,L,upper,1,auto,safe,False,True,1.9959359606969513,-0.35,0.3,0.56,False,
-0.350_0.300_0.560,L,upper,2,auto,safe,False,True,1.986664828107802,-0.35,0.3,0.56,False,
-0.350_0.300_0.560,L,upper,3,auto,safe,False,True,2.0452805588807106,-0.35,0.3,0.56,False,
-0.350_0.300_0.560,L,upper,4,auto,safe,False,True,1.7048627669907708,-0.35,0.3,0.56,False,
-0.350_0.300_0.560,L,upper,5,auto,safe,False,True,1.997913125057839,-0.35,0.3,0.56,False,
-0.350_0.300_0.560,L,upper,6,auto,safe,False,True,1.2592917676239879,-0.35,0.3,0.56,True,figures/-0p350_0p300_0p560_L_ik6_safe_BEST.png
-0.350_0.300_0.560,L,upper,7,auto,safe,False,True,1.4841221121828623,-0.35,0.3,0.56,False,
-0.350_0.350_0.560,L,upper,0,auto,safe,False,True,1.3662794043305446,-0.35,0.35,0.56,False,
-0.350_0.350_0.560,L,upper,1,auto,safe,False,True,1.6900733086138304,-0.35,0.35,0.56,False,
-0.350_0.350_0.560,L,upper,2,auto,safe,False,True,2.038691093257708,-0.35,0.35,0.56,False,
-0.350_0.350_0.560,L,upper,3,auto,safe,False,True,1.2623970407144691,-0.35,0.35,0.56,False,
-0.350_0.350_0.560,L,upper,4,auto,safe,False,True,2.1129505125701193,-0.35,0.35,0.56,False,
-0.350_0.350_0.560,L,upper,5,auto,safe,False,True,1.076846748375388,-0.35,0.35,0.56,False,
-0.350_0.350_0.560,L,upper,6,auto,safe,False,True,0.8794476021776201,-0.35,0.35,0.56,True,figures/-0p350_0p350_0p560_L_ik6_safe_BEST.png
-0.350_0.350_0.560,L,upper,7,auto,safe,False,True,2.123787631212952,-0.35,0.35,0.56,False,
-0.350_0.400_0.560,L,upper,0,auto,safe,False,True,1.762289335916405,-0.35,0.4,0.56,False,
-0.350_0.400_0.560,L,upper,1,auto,safe,False,True,1.8803847582370015,-0.35,0.4,0.56,False,
-0.350_0.400_0.560,L,upper,2,auto,safe,False,True,2.0379903649379085,-0.35,0.4,0.56,False,
-0.350_0.400_0.560,L,upper,3,auto,safe,False,True,1.4199551046773289,-0.35,0.4,0.56,False,
-0.350_0.400_0.560,L,upper,4,auto,safe,False,True,1.448542960414109,-0.35,0.4,0.56,False,
-0.350_0.400_0.560,L,upper,5,auto,safe,False,True,1.375513812136381,-0.35,0.4,0.56,True,figures/-0p350_0p400_0p560_L_ik5_safe_BEST.png
-0.350_0.400_0.560,L,upper,6,auto,safe,False,True,1.5862438436701316,-0.35,0.4,0.56,False,
-0.350_0.400_0.560,L,upper,7,auto,safe,False,True,2.1743083513682633,-0.35,0.4,0.56,False,
-0.350_0.450_0.560,L,upper,0,auto,safe,False,True,1.469560088222233,-0.35,0.45,0.56,False,
-0.350_0.450_0.560,L,upper,1,auto,safe,False,True,1.5814559511657829,-0.35,0.45,0.56,False,
-0.350_0.450_0.560,L,upper,2,auto,safe,False,True,1.9367170684498842,-0.35,0.45,0.56,False,
-0.350_0.450_0.560,L,upper,3,auto,safe,False,True,0.8920077433444717,-0.35,0.45,0.56,True,figures/-0p350_0p450_0p560_L_ik3_safe_BEST.png
-0.350_0.450_0.560,L,upper,4,auto,safe,False,True,1.12231211766384,-0.35,0.45,0.56,False,
-0.350_0.450_0.560,L,upper,5,auto,safe,False,True,1.970204567685549,-0.35,0.45,0.56,False,
-0.350_0.450_0.560,L,upper,6,auto,safe,False,True,1.4031480101770728,-0.35,0.45,0.56,False,
-0.350_0.450_0.560,L,upper,7,auto,safe,False,True,2.3493542028926013,-0.35,0.45,0.56,False,
-0.350_0.500_0.560,L,upper,0,auto,safe,False,True,1.4585970612501544,-0.35,0.5,0.56,False,
-0.350_0.500_0.560,L,upper,1,auto,safe,False,True,1.271663268813985,-0.35,0.5,0.56,True,figures/-0p350_0p500_0p560_L_ik1_safe_BEST.png
-0.350_0.500_0.560,L,upper,2,auto,safe,False,True,1.9974717825415658,-0.35,0.5,0.56,False,
-0.350_0.500_0.560,L,upper,3,auto,safe,False,True,1.6742907697491631,-0.35,0.5,0.56,False,
-0.350_0.500_0.560,L,upper,4,auto,safe,False,True,1.4459050078707083,-0.35,0.5,0.56,False,
-0.350_0.500_0.560,L,upper,5,auto,safe,False,True,1.3617046069876544,-0.35,0.5,0.56,False,
-0.350_0.500_0.560,L,upper,6,auto,safe,False,True,1.8946595517268237,-0.35,0.5,0.56,False,
-0.350_0.500_0.560,L,upper,7,auto,safe,False,True,1.7446754348540074,-0.35,0.5,0.56,False,
-0.350_0.550_0.560,L,upper,0,auto,safe,False,True,2.2960526255343887,-0.35,0.55,0.56,False,
-0.350_0.550_0.560,L,upper,1,auto,safe,False,True,1.7519427407398296,-0.35,0.55,0.56,False,
-0.350_0.550_0.560,L,upper,2,auto,safe,False,True,2.224726321439046,-0.35,0.55,0.56,False,
-0.350_0.550_0.560,L,upper,3,auto,safe,False,True,2.24883447473324,-0.35,0.55,0.56,False,
-0.350_0.550_0.560,L,upper,4,auto,safe,False,True,1.708828959595936,-0.35,0.55,0.56,False,
-0.350_0.550_0.560,L,upper,5,auto,safe,False,True,2.1545616628717856,-0.35,0.55,0.56,False,
-0.350_0.550_0.560,L,upper,6,auto,safe,False,True,1.1013955631242145,-0.35,0.55,0.56,True,figures/-0p350_0p550_0p560_L_ik6_safe_BEST.png
-0.350_0.550_0.560,L,upper,7,auto,safe,False,True,2.7105018318475316,-0.35,0.55,0.56,False,
-0.350_0.600_0.560,L,upper,0,auto,safe,False,True,1.845180575833258,-0.35,0.6,0.56,False,
-0.350_0.600_0.560,L,upper,1,auto,safe,False,True,2.4231087946834973,-0.35,0.6,0.56,False,
-0.350_0.600_0.560,L,upper,2,auto,safe,False,True,1.5764774484130157,-0.35,0.6,0.56,True,figures/-0p350_0p600_0p560_L_ik2_safe_BEST.png
-0.350_0.600_0.560,L,upper,3,auto,safe,False,True,2.150274151198978,-0.35,0.6,0.56,False,
-0.350_0.600_0.560,L,upper,4,auto,safe,False,True,2.025407570231126,-0.35,0.6,0.56,False,
-0.350_0.600_0.560,L,upper,5,auto,safe,False,True,2.0015593898907467,-0.35,0.6,0.56,False,
-0.350_0.600_0.560,L,upper,6,auto,safe,False,True,2.1663352601177137,-0.35,0.6,0.56,False,
-0.350_0.600_0.560,L,upper,7,auto,safe,False,True,2.499209385125888,-0.35,0.6,0.56,False,
-0.400_-0.300_0.560,L,lower,0,auto,safe,False,True,2.4722356509579053,-0.4,-0.3,0.56,False,
-0.400_-0.300_0.560,L,lower,1,auto,safe,False,True,2.409943790123021,-0.4,-0.3,0.56,False,
-0.400_-0.300_0.560,L,lower,2,auto,safe,False,True,2.496075710554817,-0.4,-0.3,0.56,False,
-0.400_-0.300_0.560,L,lower,3,auto,safe,False,True,2.047887701772846,-0.4,-0.3,0.56,True,figures/-0p400_-0p300_0p560_L_ik3_safe_BEST.png
-0.400_-0.300_0.560,L,lower,4,auto,safe,False,True,2.4856947666767883,-0.4,-0.3,0.56,False,
-0.400_-0.300_0.560,L,lower,5,auto,safe,False,True,2.3042230595732223,-0.4,-0.3,0.56,False,
-0.400_-0.300_0.560,L,lower,6,auto,safe,False,True,3.0,-0.4,-0.3,0.56,False,
-0.400_-0.300_0.560,L,lower,7,auto,safe,False,True,2.3506712660556532,-0.4,-0.3,0.56,False,
-0.400_-0.350_0.560,L,lower,0,auto,safe,False,True,2.848741872025152,-0.4,-0.35,0.56,False,
-0.400_-0.350_0.560,L,lower,1,auto,safe,False,True,1.971379535725486,-0.4,-0.35,0.56,False,
-0.400_-0.350_0.560,L,lower,2,auto,safe,False,True,2.1908715575634377,-0.4,-0.35,0.56,False,
-0.400_-0.350_0.560,L,lower,3,auto,safe,False,True,2.965185107672343,-0.4,-0.35,0.56,False,
-0.400_-0.350_0.560,L,lower,4,auto,safe,False,True,1.9403595966883413,-0.4,-0.35,0.56,True,figures/-0p400_-0p350_0p560_L_ik4_safe_BEST.png
-0.400_-0.350_0.560,L,lower,5,auto,safe,False,True,3.0182824195256934,-0.4,-0.35,0.56,False,
-0.400_-0.350_0.560,L,lower,6,auto,safe,False,True,2.385628242183161,-0.4,-0.35,0.56,False,
-0.400_-0.350_0.560,L,lower,7,auto,safe,False,True,2.451964216635067,-0.4,-0.35,0.56,False,
-0.400_-0.400_0.560,L,lower,0,auto,safe,False,True,2.9793101793724484,-0.4,-0.4,0.56,False,
-0.400_-0.400_0.560,L,lower,1,auto,safe,False,True,2.3443467876375976,-0.4,-0.4,0.56,False,
-0.400_-0.400_0.560,L,lower,2,auto,safe,False,True,2.4989999999525025,-0.4,-0.4,0.56,False,
-0.400_-0.400_0.560,L,lower,3,auto,safe,False,True,2.381592479410698,-0.4,-0.4,0.56,False,
-0.400_-0.400_0.560,L,lower,4,auto,safe,False,True,1.9074085020357252,-0.4,-0.4,0.56,True,figures/-0p400_-0p400_0p560_L_ik4_safe_BEST.png
-0.400_-0.400_0.560,L,lower,5,auto,safe,False,True,1.9611147653352865,-0.4,-0.4,0.56,False,
-0.400_-0.400_0.560,L,lower,6,auto,safe,False,True,1.979720824953651,-0.4,-0.4,0.56,False,
-0.400_-0.400_0.560,L,lower,7,auto,safe,False,True,2.449084537359438,-0.4,-0.4,0.56,False,
-0.400_-0.450_0.560,L,lower,0,auto,safe,False,True,2.4662302867107324,-0.4,-0.45,0.56,False,
-0.400_-0.450_0.560,L,lower,1,auto,safe,False,True,2.5686102655908956,-0.4,-0.45,0.56,False,
-0.400_-0.450_0.560,L,lower,2,auto,safe,False,True,2.1799351949347505,-0.4,-0.45,0.56,False,
-0.400_-0.450_0.560,L,lower,3,auto,safe,False,True,2.4459445543737344,-0.4,-0.45,0.56,False,
-0.400_-0.450_0.560,L,lower,4,auto,safe,False,True,2.095639244905449,-0.4,-0.45,0.56,False,
-0.400_-0.450_0.560,L,lower,5,auto,safe,False,True,1.820428679801477,-0.4,-0.45,0.56,True,figures/-0p400_-0p450_0p560_L_ik5_safe_BEST.png
-0.400_-0.450_0.560,L,lower,6,auto,safe,False,True,2.4753483286884825,-0.4,-0.45,0.56,False,
-0.400_-0.450_0.560,L,lower,7,auto,safe,False,True,2.2761926746176586,-0.4,-0.45,0.56,False,
-0.400_-0.500_0.560,L,lower,0,auto,safe,False,True,2.6811116132236705,-0.4,-0.5,0.56,False,
-0.400_-0.500_0.560,L,lower,1,auto,safe,False,True,1.9931633646064149,-0.4,-0.5,0.56,False,
-0.400_-0.500_0.560,L,lower,2,auto,safe,False,True,2.0351074827801785,-0.4,-0.5,0.56,False,
-0.400_-0.500_0.560,L,lower,3,auto,safe,False,True,2.343782209262282,-0.4,-0.5,0.56,False,
-0.400_-0.500_0.560,L,lower,4,auto,safe,False,True,2.0531145177130705,-0.4,-0.5,0.56,False,
-0.400_-0.500_0.560,L,lower,5,auto,safe,False,True,1.9461039393791593,-0.4,-0.5,0.56,True,figures/-0p400_-0p500_0p560_L_ik5_safe_BEST.png
-0.400_-0.500_0.560,L,lower,6,auto,safe,False,True,2.2026573688131386,-0.4,-0.5,0.56,False,
-0.400_-0.500_0.560,L,lower,7,auto,safe,False,True,2.2854483918985236,-0.4,-0.5,0.56,False,
-0.400_-0.550_0.560,L,lower,0,auto,safe,False,True,2.334536178302704,-0.4,-0.55,0.56,False,
-0.400_-0.550_0.560,L,lower,1,auto,safe,False,True,2.5160116136213038,-0.4,-0.55,0.56,False,
-0.400_-0.550_0.560,L,lower,2,auto,safe,False,True,1.934612651432823,-0.4,-0.55,0.56,False,
-0.400_-0.550_0.560,L,lower,3,auto,safe,False,True,2.247192068320145,-0.4,-0.55,0.56,False,
-0.400_-0.550_0.560,L,lower,4,auto,safe,False,True,2.263013465492893,-0.4,-0.55,0.56,False,
-0.400_-0.550_0.560,L,lower,5,auto,safe,False,True,1.801251329761873,-0.4,-0.55,0.56,True,figures/-0p400_-0p550_0p560_L_ik5_safe_BEST.png
-0.400_-0.550_0.560,L,lower,6,auto,safe,False,True,2.3916938212920833,-0.4,-0.55,0.56,False,
-0.400_-0.550_0.560,L,lower,7,auto,safe,False,True,2.7511263328192754,-0.4,-0.55,0.56,False,
-0.400_0.300_0.560,L,upper,0,auto,safe,False,True,2.621344849039621,-0.4,0.3,0.56,False,
-0.400_0.300_0.560,L,upper,1,auto,safe,False,True,1.6779983533363536,-0.4,0.3,0.56,False,
-0.400_0.300_0.560,L,upper,2,auto,safe,False,True,1.5254094908466025,-0.4,0.3,0.56,False,
-0.400_0.300_0.560,L,upper,3,auto,safe,False,True,0.7398948267685705,-0.4,0.3,0.56,True,figures/-0p400_0p300_0p560_L_ik3_safe_BEST.png
-0.400_0.300_0.560,L,upper,4,auto,safe,False,True,1.3439628153267655,-0.4,0.3,0.56,False,
-0.400_0.300_0.560,L,upper,5,auto,safe,False,True,1.70069770790076,-0.4,0.3,0.56,False,
-0.400_0.300_0.560,L,upper,6,auto,safe,False,True,1.5008567345343757,-0.4,0.3,0.56,False,
-0.400_0.300_0.560,L,upper,7,auto,safe,False,True,1.768243569808782,-0.4,0.3,0.56,False,
-0.400_0.350_0.560,L,upper,0,auto,safe,False,True,2.0456777378093385,-0.4,0.35,0.56,False,
-0.400_0.350_0.560,L,upper,1,auto,safe,False,True,1.633900728345705,-0.4,0.35,0.56,False,
-0.400_0.350_0.560,L,upper,2,auto,safe,False,True,1.1576489148497728,-0.4,0.35,0.56,True,figures/-0p400_0p350_0p560_L_ik2_safe_BEST.png
-0.400_0.350_0.560,L,upper,3,auto,safe,False,True,1.5567797730721251,-0.4,0.35,0.56,False,
-0.400_0.350_0.560,L,upper,4,auto,safe,False,True,2.043438209296185,-0.4,0.35,0.56,False,
-0.400_0.350_0.560,L,upper,5,auto,safe,False,True,2.177049854887747,-0.4,0.35,0.56,False,
-0.400_0.350_0.560,L,upper,6,auto,safe,False,True,1.323985170111689,-0.4,0.35,0.56,False,
-0.400_0.350_0.560,L,upper,7,auto,safe,False,True,2.053989387639029,-0.4,0.35,0.56,False,
-0.400_0.400_0.560,L,upper,0,auto,safe,False,True,1.1823212276477473,-0.4,0.4,0.56,True,figures/-0p400_0p400_0p560_L_ik0_safe_BEST.png
-0.400_0.400_0.560,L,upper,1,auto,safe,False,True,1.552460646048041,-0.4,0.4,0.56,False,
-0.400_0.400_0.560,L,upper,2,auto,safe,False,True,1.6678672845873685,-0.4,0.4,0.56,False,
-0.400_0.400_0.560,L,upper,3,auto,safe,False,True,1.374473078340501,-0.4,0.4,0.56,False,
-0.400_0.400_0.560,L,upper,4,auto,safe,False,True,1.3848016769455935,-0.4,0.4,0.56,False,
-0.400_0.400_0.560,L,upper,5,auto,safe,False,True,2.2606098245842494,-0.4,0.4,0.56,False,
-0.400_0.400_0.560,L,upper,6,auto,safe,False,True,1.7276811710527056,-0.4,0.4,0.56,False,
-0.400_0.400_0.560,L,upper,7,auto,safe,False,True,1.4407748403980403,-0.4,0.4,0.56,False,
-0.400_0.450_0.560,L,upper,0,auto,safe,False,True,1.9483466751619591,-0.4,0.45,0.56,False,
-0.400_0.450_0.560,L,upper,1,auto,safe,False,True,1.9721840774326447,-0.4,0.45,0.56,False,
-0.400_0.450_0.560,L,upper,2,auto,safe,False,True,1.2658251409428232,-0.4,0.45,0.56,False,
-0.400_0.450_0.560,L,upper,3,auto,safe,False,True,1.4805110158520713,-0.4,0.45,0.56,False,
-0.400_0.450_0.560,L,upper,4,auto,safe,False,True,2.370976045687498,-0.4,0.45,0.56,False,
-0.400_0.450_0.560,L,upper,5,auto,safe,False,True,1.848237585502092,-0.4,0.45,0.56,False,
-0.400_0.450_0.560,L,upper,6,auto,safe,False,True,1.1269094564154507,-0.4,0.45,0.56,True,figures/-0p400_0p450_0p560_L_ik6_safe_BEST.png
-0.400_0.450_0.560,L,upper,7,auto,safe,False,True,1.1738021900767395,-0.4,0.45,0.56,False,
-0.400_0.500_0.560,L,upper,0,auto,safe,False,True,2.498863900101565,-0.4,0.5,0.56,False,
-0.400_0.500_0.560,L,upper,1,auto,safe,False,True,2.2652566428530734,-0.4,0.5,0.56,False,
-0.400_0.500_0.560,L,upper,2,auto,safe,False,True,2.3013590495137257,-0.4,0.5,0.56,False,
-0.400_0.500_0.560,L,upper,3,auto,safe,False,True,2.070948736900223,-0.4,0.5,0.56,False,
-0.400_0.500_0.560,L,upper,4,auto,safe,False,True,1.481762301193002,-0.4,0.5,0.56,False,
-0.400_0.500_0.560,L,upper,5,auto,safe,False,True,1.1737595413709674,-0.4,0.5,0.56,True,figures/-0p400_0p500_0p560_L_ik5_safe_BEST.png
-0.400_0.500_0.560,L,upper,6,auto,safe,False,True,2.693567141607467,-0.4,0.5,0.56,False,
-0.400_0.500_0.560,L,upper,7,auto,safe,False,True,1.9046248533613646,-0.4,0.5,0.56,False,
-0.400_0.550_0.560,L,upper,0,auto,safe,False,True,1.7179090051392418,-0.4,0.55,0.56,False,
-0.400_0.550_0.560,L,upper,1,auto,safe,False,True,1.423687572084138,-0.4,0.55,0.56,True,figures/-0p400_0p550_0p560_L_ik1_safe_BEST.png
-0.400_0.550_0.560,L,upper,2,auto,safe,False,True,1.955309433083593,-0.4,0.55,0.56,False,
-0.400_0.550_0.560,L,upper,3,auto,safe,False,True,1.867389038045985,-0.4,0.55,0.56,False,
-0.400_0.550_0.560,L,upper,4,auto,safe,False,True,1.8595722601303022,-0.4,0.55,0.56,False,
-0.400_0.550_0.560,L,upper,5,auto,safe,False,True,1.6404942132299487,-0.4,0.55,0.56,False,
-0.400_0.550_0.560,L,upper,6,auto,safe,False,True,2.0326034436403613,-0.4,0.55,0.56,False,
-0.400_0.550_0.560,L,upper,7,auto,safe,False,True,1.6766884948442384,-0.4,0.55,0.56,False,
-0.400_0.600_0.560,L,upper,0,auto,safe,False,True,1.7425037372212469,-0.4,0.6,0.56,False,
-0.400_0.600_0.560,L,upper,1,auto,safe,False,True,1.9187523781940792,-0.4,0.6,0.56,False,
-0.400_0.600_0.560,L,upper,2,auto,safe,False,True,1.6283115471524203,-0.4,0.6,0.56,False,
-0.400_0.600_0.560,L,upper,3,auto,safe,False,True,1.9870814522191667,-0.4,0.6,0.56,False,
-0.400_0.600_0.560,L,upper,4,auto,safe,False,True,1.4771488641189912,-0.4,0.6,0.56,True,figures/-0p400_0p600_0p560_L_ik4_safe_BEST.png
-0.400_0.600_0.560,L,upper,5,auto,safe,False,True,1.8419897579832698,-0.4,0.6,0.56,False,
-0.400_0.600_0.560,L,upper,6,auto,safe,False,True,2.3073175588278225,-0.4,0.6,0.56,False,
-0.400_0.600_0.560,L,upper,7,auto,safe,False,True,2.0885378299564126,-0.4,0.6,0.56,False,
-0.450_-0.300_0.560,L,lower,0,auto,safe,False,True,2.663881816616882,-0.45,-0.3,0.56,False,
-0.450_-0.300_0.560,L,lower,1,auto,safe,False,True,2.3191455617361982,-0.45,-0.3,0.56,False,
-0.450_-0.300_0.560,L,lower,2,auto,safe,False,True,1.7208747377714189,-0.45,-0.3,0.56,True,figures/-0p450_-0p300_0p560_L_ik2_safe_BEST.png
-0.450_-0.300_0.560,L,lower,3,auto,safe,False,True,2.9173162032576823,-0.45,-0.3,0.56,False,
-0.450_-0.300_0.560,L,lower,4,auto,safe,False,True,2.2265129621367663,-0.45,-0.3,0.56,False,
-0.450_-0.300_0.560,L,lower,5,auto,safe,False,True,1.783614365962369,-0.45,-0.3,0.56,False,
-0.450_-0.300_0.560,L,lower,6,auto,safe,False,True,1.9439596440227003,-0.45,-0.3,0.56,False,
-0.450_-0.300_0.560,L,lower,7,auto,safe,False,True,2.04826286283416,-0.45,-0.3,0.56,False,
-0.450_-0.350_0.560,L,lower,0,auto,safe,False,True,1.2227925074392934,-0.45,-0.35,0.56,True,figures/-0p450_-0p350_0p560_L_ik0_safe_BEST.png
-0.450_-0.350_0.560,L,lower,1,auto,safe,False,True,2.8085751282713494,-0.45,-0.35,0.56,False,
-0.450_-0.350_0.560,L,lower,2,auto,safe,False,True,2.0689071376535138,-0.45,-0.35,0.56,False,
-0.450_-0.350_0.560,L,lower,3,auto,safe,False,True,1.8993246511320623,-0.45,-0.35,0.56,False,
-0.450_-0.350_0.560,L,lower,4,auto,safe,False,True,2.629866483214185,-0.45,-0.35,0.56,False,
-0.450_-0.350_0.560,L,lower,5,auto,safe,False,True,2.2507425666332317,-0.45,-0.35,0.56,False,
-0.450_-0.350_0.560,L,lower,6,auto,safe,False,True,2.1123862274353558,-0.45,-0.35,0.56,False,
-0.450_-0.350_0.560,L,lower,7,auto,safe,False,True,2.0764263623382284,-0.45,-0.35,0.56,False,
-0.450_-0.400_0.560,L,lower,0,auto,safe,False,True,2.3812551878282466,-0.45,-0.4,0.56,False,
-0.450_-0.400_0.560,L,lower,1,auto,safe,False,True,2.4651654978390374,-0.45,-0.4,0.56,False,
-0.450_-0.400_0.560,L,lower,2,auto,safe,False,True,2.0683777271495067,-0.45,-0.4,0.56,False,
-0.450_-0.400_0.560,L,lower,3,auto,safe,False,True,2.210548610922195,-0.45,-0.4,0.56,False,
-0.450_-0.400_0.560,L,lower,4,auto,safe,False,True,1.7631796738837844,-0.45,-0.4,0.56,True,figures/-0p450_-0p400_0p560_L_ik4_safe_BEST.png
-0.450_-0.400_0.560,L,lower,5,auto,safe,False,True,1.9164616959959209,-0.45,-0.4,0.56,False,
-0.450_-0.400_0.560,L,lower,6,auto,safe,False,True,3.0,-0.45,-0.4,0.56,False,
-0.450_-0.400_0.560,L,lower,7,auto,safe,False,True,2.6668179273010093,-0.45,-0.4,0.56,False,
-0.450_-0.450_0.560,L,lower,0,auto,safe,False,True,2.926543354816298,-0.45,-0.45,0.56,False,
-0.450_-0.450_0.560,L,lower,1,auto,safe,False,True,2.429065658030848,-0.45,-0.45,0.56,False,
-0.450_-0.450_0.560,L,lower,2,auto,safe,False,True,1.1688900378087874,-0.45,-0.45,0.56,True,figures/-0p450_-0p450_0p560_L_ik2_safe_BEST.png
-0.450_-0.450_0.560,L,lower,3,auto,safe,False,True,2.8477180669847404,-0.45,-0.45,0.56,False,
-0.450_-0.450_0.560,L,lower,4,auto,safe,False,True,1.8877393907435056,-0.45,-0.45,0.56,False,
-0.450_-0.450_0.560,L,lower,5,auto,safe,False,True,2.4098780076804704,-0.45,-0.45,0.56,False,
-0.450_-0.450_0.560,L,lower,6,auto,safe,False,True,2.5563716500934355,-0.45,-0.45,0.56,False,
-0.450_-0.450_0.560,L,lower,7,auto,safe,False,True,2.664265186911164,-0.45,-0.45,0.56,False,
-0.450_-0.500_0.560,L,lower,0,auto,safe,False,True,2.3607560732775505,-0.45,-0.5,0.56,False,
-0.450_-0.500_0.560,L,lower,1,auto,safe,False,True,2.807301510209867,-0.45,-0.5,0.56,False,
-0.450_-0.500_0.560,L,lower,2,auto,safe,False,True,1.6095710423195997,-0.45,-0.5,0.56,True,figures/-0p450_-0p500_0p560_L_ik2_safe_BEST.png
-0.450_-0.500_0.560,L,lower,3,auto,safe,False,True,2.4545165560219644,-0.45,-0.5,0.56,False,
-0.450_-0.500_0.560,L,lower,4,auto,safe,False,True,2.3462878250186954,-0.45,-0.5,0.56,False,
-0.450_-0.500_0.560,L,lower,5,auto,safe,False,True,2.1879621560753124,-0.45,-0.5,0.56,False,
-0.450_-0.500_0.560,L,lower,6,auto,safe,False,True,2.4330671925666874,-0.45,-0.5,0.56,False,
-0.450_-0.500_0.560,L,lower,7,auto,safe,False,True,2.979077621269144,-0.45,-0.5,0.56,False,
-0.450_-0.550_0.560,L,lower,0,auto,safe,False,True,2.47668305500377,-0.45,-0.55,0.56,False,
-0.450_-0.550_0.560,L,lower,1,auto,safe,False,True,2.3877917084779225,-0.45,-0.55,0.56,False,
-0.450_-0.550_0.560,L,lower,2,auto,safe,False,True,2.1616536107773534,-0.45,-0.55,0.56,False,
-0.450_-0.550_0.560,L,lower,3,auto,safe,False,True,2.5100864600777513,-0.45,-0.55,0.56,False,
-0.450_-0.550_0.560,L,lower,4,auto,safe,False,True,2.4709370744156764,-0.45,-0.55,0.56,False,
-0.450_-0.550_0.560,L,lower,5,auto,safe,False,True,2.1443528141474713,-0.45,-0.55,0.56,True,figures/-0p450_-0p550_0p560_L_ik5_safe_BEST.png
-0.450_-0.550_0.560,L,lower,6,auto,safe,False,True,2.466374601272605,-0.45,-0.55,0.56,False,
-0.450_-0.550_0.560,L,lower,7,auto,safe,False,True,2.6444052981663404,-0.45,-0.55,0.56,False,
-0.450_0.300_0.560,L,upper,0,auto,safe,False,True,1.9692138628512101,-0.45,0.3,0.56,False,
-0.450_0.300_0.560,L,upper,1,auto,safe,False,True,2.2941218202124793,-0.45,0.3,0.56,False,
-0.450_0.300_0.560,L,upper,2,auto,safe,False,True,2.316337290764737,-0.45,0.3,0.56,False,
-0.450_0.300_0.560,L,upper,3,auto,safe,False,True,1.9413177890008442,-0.45,0.3,0.56,False,
-0.450_0.300_0.560,L,upper,4,auto,safe,False,True,1.5440235181968807,-0.45,0.3,0.56,False,
-0.450_0.300_0.560,L,upper,5,auto,safe,False,True,1.2131124066683103,-0.45,0.3,0.56,False,
-0.450_0.300_0.560,L,upper,6,auto,safe,False,True,1.1975777617743044,-0.45,0.3,0.56,True,figures/-0p450_0p300_0p560_L_ik6_safe_BEST.png
-0.450_0.300_0.560,L,upper,7,auto,safe,False,True,1.893682082067656,-0.45,0.3,0.56,False,
-0.450_0.350_0.560,L,upper,0,auto,safe,False,True,1.5582182821011745,-0.45,0.35,0.56,False,
-0.450_0.350_0.560,L,upper,1,auto,safe,False,True,1.7514270249066108,-0.45,0.35,0.56,False,
-0.450_0.350_0.560,L,upper,2,auto,safe,False,True,1.6631308718621103,-0.45,0.35,0.56,False,
-0.450_0.350_0.560,L,upper,3,auto,safe,False,True,1.5892256410008878,-0.45,0.35,0.56,False,
-0.450_0.350_0.560,L,upper,4,auto,safe,False,True,1.1414843370230026,-0.45,0.35,0.56,False,
-0.450_0.350_0.560,L,upper,5,auto,safe,False,True,0.6239178431626473,-0.45,0.35,0.56,True,figures/-0p450_0p350_0p560_L_ik5_safe_BEST.png
-0.450_0.350_0.560,L,upper,6,auto,safe,False,True,1.0285922504550076,-0.45,0.35,0.56,False,
-0.450_0.350_0.560,L,upper,7,auto,safe,False,True,2.3898174831563166,-0.45,0.35,0.56,False,
-0.450_0.400_0.560,L,upper,0,auto,safe,False,True,2.1811845163280643,-0.45,0.4,0.56,False,
-0.450_0.400_0.560,L,upper,1,auto,safe,False,True,1.9334333266073342,-0.45,0.4,0.56,False,
-0.450_0.400_0.560,L,upper,2,auto,safe,False,True,1.008925964132032,-0.45,0.4,0.56,True,figures/-0p450_0p400_0p560_L_ik2_safe_BEST.png
-0.450_0.400_0.560,L,upper,3,auto,safe,False,True,2.339359895025236,-0.45,0.4,0.56,False,
-0.450_0.400_0.560,L,upper,4,auto,safe,False,True,2.075089342627068,-0.45,0.4,0.56,False,
-0.450_0.400_0.560,L,upper,5,auto,safe,False,True,2.074052005742969,-0.45,0.4,0.56,False,
-0.450_0.400_0.560,L,upper,6,auto,safe,False,True,1.401857218948718,-0.45,0.4,0.56,False,
-0.450_0.400_0.560,L,upper,7,auto,safe,False,True,1.4386244681079923,-0.45,0.4,0.56,False,
-0.450_0.450_0.560,L,upper,0,auto,safe,False,True,1.6641510596533806,-0.45,0.45,0.56,False,
-0.450_0.450_0.560,L,upper,1,auto,safe,False,True,1.9306699597113486,-0.45,0.45,0.56,False,
-0.450_0.450_0.560,L,upper,2,auto,safe,False,True,1.8822574017799303,-0.45,0.45,0.56,False,
-0.450_0.450_0.560,L,upper,3,auto,safe,False,True,1.3859700075134846,-0.45,0.45,0.56,False,
-0.450_0.450_0.560,L,upper,4,auto,safe,False,True,1.4150449148554245,-0.45,0.45,0.56,False,
-0.450_0.450_0.560,L,upper,5,auto,safe,False,True,0.933550167142136,-0.45,0.45,0.56,True,figures/-0p450_0p450_0p560_L_ik5_safe_BEST.png
-0.450_0.450_0.560,L,upper,6,auto,safe,False,True,1.5564357587285835,-0.45,0.45,0.56,False,
-0.450_0.450_0.560,L,upper,7,auto,safe,False,True,1.7037209510990015,-0.45,0.45,0.56,False,
-0.450_0.500_0.560,L,upper,0,auto,safe,False,True,2.1113017605883684,-0.45,0.5,0.56,False,
-0.450_0.500_0.560,L,upper,1,auto,safe,False,True,2.2608766726780787,-0.45,0.5,0.56,False,
-0.450_0.500_0.560,L,upper,2,auto,safe,False,True,2.280784703360318,-0.45,0.5,0.56,False,
-0.450_0.500_0.560,L,upper,3,auto,safe,False,True,1.8623161725045971,-0.45,0.5,0.56,False,
-0.450_0.500_0.560,L,upper,4,auto,safe,False,True,1.2462273142345148,-0.45,0.5,0.56,True,figures/-0p450_0p500_0p560_L_ik4_safe_BEST.png
-0.450_0.500_0.560,L,upper,5,auto,safe,False,True,1.876730870763295,-0.45,0.5,0.56,False,
-0.450_0.500_0.560,L,upper,6,auto,safe,False,True,1.6117839139006644,-0.45,0.5,0.56,False,
-0.450_0.500_0.560,L,upper,7,auto,safe,False,True,1.4547817394116946,-0.45,0.5,0.56,False,
-0.450_0.550_0.560,L,upper,0,auto,safe,False,True,1.9617654253490562,-0.45,0.55,0.56,False,
-0.450_0.550_0.560,L,upper,1,auto,safe,False,True,2.4087804982531016,-0.45,0.55,0.56,False,
-0.450_0.550_0.560,L,upper,2,auto,safe,False,True,2.5498382839566425,-0.45,0.55,0.56,False,
-0.450_0.550_0.560,L,upper,3,auto,safe,False,True,1.8935823067842348,-0.45,0.55,0.56,False,
-0.450_0.550_0.560,L,upper,4,auto,safe,False,True,2.41835482717019,-0.45,0.55,0.56,False,
-0.450_0.550_0.560,L,upper,5,auto,safe,False,True,2.114820443234286,-0.45,0.55,0.56,False,
-0.450_0.550_0.560,L,upper,6,auto,safe,False,True,1.9534683273752602,-0.45,0.55,0.56,False,
-0.450_0.550_0.560,L,upper,7,auto,safe,False,True,1.299695384683944,-0.45,0.55,0.56,True,figures/-0p450_0p550_0p560_L_ik7_safe_BEST.png
-0.450_0.600_0.560,L,upper,0,auto,safe,False,True,1.7510461114672857,-0.45,0.6,0.56,False,
-0.450_0.600_0.560,L,upper,1,auto,safe,False,True,1.8882672521225379,-0.45,0.6,0.56,False,
-0.450_0.600_0.560,L,upper,2,auto,safe,False,True,1.4831570705347215,-0.45,0.6,0.56,False,
-0.450_0.600_0.560,L,upper,3,auto,safe,False,True,0.970363384062102,-0.45,0.6,0.56,True,figures/-0p450_0p600_0p560_L_ik3_safe_BEST.png
-0.450_0.600_0.560,L,upper,4,auto,safe,False,True,1.1433577174163763,-0.45,0.6,0.56,False,
-0.450_0.600_0.560,L,upper,5,auto,safe,False,True,1.7620742808981933,-0.45,0.6,0.56,False,
-0.450_0.600_0.560,L,upper,6,auto,safe,False,True,2.7186177947074954,-0.45,0.6,0.56,False,
-0.450_0.600_0.560,L,upper,7,auto,safe,False,True,2.185283556023223,-0.45,0.6,0.56,False,
-0.500_-0.300_0.560,L,lower,0,auto,safe,False,True,2.9749209346549543,-0.5,-0.3,0.56,False,
-0.500_-0.300_0.560,L,lower,1,auto,safe,False,True,1.712385418354779,-0.5,-0.3,0.56,False,
-0.500_-0.300_0.560,L,lower,2,auto,safe,False,True,1.8981439883593318,-0.5,-0.3,0.56,False,
-0.500_-0.300_0.560,L,lower,3,auto,safe,False,True,2.08379783657428,-0.5,-0.3,0.56,False,
-0.500_-0.300_0.560,L,lower,4,auto,safe,False,True,2.0686915853552152,-0.5,-0.3,0.56,False,
-0.500_-0.300_0.560,L,lower,5,auto,safe,False,True,1.4589412308534304,-0.5,-0.3,0.56,True,figures/-0p500_-0p300_0p560_L_ik5_safe_BEST.png
-0.500_-0.300_0.560,L,lower,6,auto,safe,False,True,2.541568277459213,-0.5,-0.3,0.56,False,
-0.500_-0.300_0.560,L,lower,7,auto,safe,False,True,2.2151933762242413,-0.5,-0.3,0.56,False,
-0.500_-0.350_0.560,L,lower,0,auto,safe,False,True,1.9540816590346064,-0.5,-0.35,0.56,False,
-0.500_-0.350_0.560,L,lower,1,auto,safe,False,True,2.341550445418883,-0.5,-0.35,0.56,False,
-0.500_-0.350_0.560,L,lower,2,auto,safe,False,True,2.136729078307608,-0.5,-0.35,0.56,False,
-0.500_-0.350_0.560,L,lower,3,auto,safe,False,True,2.5055858079926576,-0.5,-0.35,0.56,False,
-0.500_-0.350_0.560,L,lower,4,auto,safe,False,True,2.104908295840648,-0.5,-0.35,0.56,False,
-0.500_-0.350_0.560,L,lower,5,auto,safe,False,True,1.8862030893098252,-0.5,-0.35,0.56,True,figures/-0p500_-0p350_0p560_L_ik5_safe_BEST.png
-0.500_-0.350_0.560,L,lower,6,auto,safe,False,True,2.52980390678338,-0.5,-0.35,0.56,False,
-0.500_-0.350_0.560,L,lower,7,auto,safe,False,True,2.4565993223906255,-0.5,-0.35,0.56,False,
-0.500_-0.400_0.560,L,lower,0,auto,safe,False,True,1.7267203556918524,-0.5,-0.4,0.56,False,
-0.500_-0.400_0.560,L,lower,1,auto,safe,False,True,2.374055131955708,-0.5,-0.4,0.56,False,
-0.500_-0.400_0.560,L,lower,2,auto,safe,False,True,1.810736682289932,-0.5,-0.4,0.56,False,
-0.500_-0.400_0.560,L,lower,3,auto,safe,False,True,1.9759818072764854,-0.5,-0.4,0.56,False,
-0.500_-0.400_0.560,L,lower,4,auto,safe,False,True,2.931758020033615,-0.5,-0.4,0.56,False,
-0.500_-0.400_0.560,L,lower,5,auto,safe,False,True,1.7117155544091096,-0.5,-0.4,0.56,True,figures/-0p500_-0p400_0p560_L_ik5_safe_BEST.png
-0.500_-0.400_0.560,L,lower,6,auto,safe,False,True,2.5674684415860205,-0.5,-0.4,0.56,False,
-0.500_-0.400_0.560,L,lower,7,auto,safe,False,True,2.611477055844887,-0.5,-0.4,0.56,False,
-0.500_-0.450_0.560,L,lower,0,auto,safe,False,True,1.7168147880548577,-0.5,-0.45,0.56,False,
-0.500_-0.450_0.560,L,lower,1,auto,safe,False,True,2.3519801839119587,-0.5,-0.45,0.56,False,
-0.500_-0.450_0.560,L,lower,2,auto,safe,False,True,1.7144883671992064,-0.5,-0.45,0.56,True,figures/-0p500_-0p450_0p560_L_ik2_safe_BEST.png
-0.500_-0.450_0.560,L,lower,3,auto,safe,False,True,2.4651482072599133,-0.5,-0.45,0.56,False,
-0.500_-0.450_0.560,L,lower,4,auto,safe,False,True,1.8380109343716171,-0.5,-0.45,0.56,False,
-0.500_-0.450_0.560,L,lower,5,auto,safe,False,True,2.5447389115561743,-0.5,-0.45,0.56,False,
-0.500_-0.450_0.560,L,lower,6,auto,safe,False,True,2.5236961938958204,-0.5,-0.45,0.56,False,
-0.500_-0.450_0.560,L,lower,7,auto,safe,False,True,2.6076141643804114,-0.5,-0.45,0.56,False,
-0.500_-0.500_0.560,L,lower,0,auto,safe,False,True,1.7610485924230286,-0.5,-0.5,0.56,False,
-0.500_-0.500_0.560,L,lower,1,auto,safe,False,True,2.510420736066828,-0.5,-0.5,0.56,False,
-0.500_-0.500_0.560,L,lower,2,auto,safe,False,True,2.0938411566182893,-0.5,-0.5,0.56,False,
-0.500_-0.500_0.560,L,lower,3,auto,safe,False,True,2.8043054227222814,-0.5,-0.5,0.56,False,
-0.500_-0.500_0.560,L,lower,4,auto,safe,False,True,2.4171897661034514,-0.5,-0.5,0.56,False,
-0.500_-0.500_0.560,L,lower,5,auto,safe,False,True,0.8096962346081011,-0.5,-0.5,0.56,True,figures/-0p500_-0p500_0p560_L_ik5_safe_BEST.png
-0.500_-0.500_0.560,L,lower,6,auto,safe,False,True,1.900941784916553,-0.5,-0.5,0.56,False,
-0.500_-0.500_0.560,L,lower,7,auto,safe,False,True,1.9462106598473117,-0.5,-0.5,0.56,False,
-0.500_-0.550_0.560,L,lower,0,auto,safe,False,True,2.251669653478615,-0.5,-0.55,0.56,False,
-0.500_-0.550_0.560,L,lower,1,auto,safe,False,True,2.288678959720891,-0.5,-0.55,0.56,False,
-0.500_-0.550_0.560,L,lower,2,auto,safe,False,True,2.2393592300548697,-0.5,-0.55,0.56,True,figures/-0p500_-0p550_0p560_L_ik2_safe_BEST.png
-0.500_0.300_0.560,L,upper,0,auto,safe,False,True,0.9883397142977621,-0.5,0.3,0.56,True,figures/-0p500_0p300_0p560_L_ik0_safe_BEST.png
-0.500_0.300_0.560,L,upper,1,auto,safe,False,True,1.8478169792340196,-0.5,0.3,0.56,False,
-0.500_0.300_0.560,L,upper,2,auto,safe,False,True,2.054905006851101,-0.5,0.3,0.56,False,
-0.500_0.300_0.560,L,upper,3,auto,safe,False,True,2.5541138162965797,-0.5,0.3,0.56,False,
-0.500_0.300_0.560,L,upper,4,auto,safe,False,True,1.7499619048490334,-0.5,0.3,0.56,False,
-0.500_0.300_0.560,L,upper,5,auto,safe,False,True,2.425804724099262,-0.5,0.3,0.56,False,
-0.500_0.300_0.560,L,upper,6,auto,safe,False,True,1.8775418757394151,-0.5,0.3,0.56,False,
-0.500_0.300_0.560,L,upper,7,auto,safe,False,True,1.3068091176607437,-0.5,0.3,0.56,False,
-0.500_0.350_0.560,L,upper,0,auto,safe,False,True,1.154966202507297,-0.5,0.35,0.56,False,
-0.500_0.350_0.560,L,upper,1,auto,safe,False,True,1.2598246519953076,-0.5,0.35,0.56,False,
-0.500_0.350_0.560,L,upper,2,auto,safe,False,True,2.2185906304984737,-0.5,0.35,0.56,False,
-0.500_0.350_0.560,L,upper,3,auto,safe,False,True,1.2750959568278022,-0.5,0.35,0.56,False,
-0.500_0.350_0.560,L,upper,4,auto,safe,False,True,2.4051176427270726,-0.5,0.35,0.56,False,
-0.500_0.350_0.560,L,upper,5,auto,safe,False,True,1.6299474150641278,-0.5,0.35,0.56,False,
-0.500_0.350_0.560,L,upper,6,auto,safe,False,True,0.7807606762277342,-0.5,0.35,0.56,True,figures/-0p500_0p350_0p560_L_ik6_safe_BEST.png
-0.500_0.350_0.560,L,upper,7,auto,safe,False,True,1.4646671975631604,-0.5,0.35,0.56,False,
-0.500_0.400_0.560,L,upper,0,auto,safe,False,True,2.5389270945953535,-0.5,0.4,0.56,False,
-0.500_0.400_0.560,L,upper,1,auto,safe,False,False,,-0.5,0.4,0.56,False,
-0.500_0.400_0.560,L,upper,2,auto,safe,False,True,1.2911744483008425,-0.5,0.4,0.56,False,
-0.500_0.400_0.560,L,upper,3,auto,safe,False,True,1.202220529996472,-0.5,0.4,0.56,True,figures/-0p500_0p400_0p560_L_ik3_safe_BEST.png
-0.500_0.400_0.560,L,upper,4,auto,safe,False,True,2.5516990691346697,-0.5,0.4,0.56,False,
-0.500_0.400_0.560,L,upper,5,auto,safe,False,True,2.4971826670621926,-0.5,0.4,0.56,False,
-0.500_0.400_0.560,L,upper,6,auto,safe,False,True,2.1092702926191604,-0.5,0.4,0.56,False,
-0.500_0.400_0.560,L,upper,7,auto,safe,False,True,1.5637733124401607,-0.5,0.4,0.56,False,
-0.500_0.450_0.560,L,upper,0,auto,safe,False,True,1.2827371639810803,-0.5,0.45,0.56,False,
-0.500_0.450_0.560,L,upper,1,auto,safe,False,True,1.5332123016317072,-0.5,0.45,0.56,False,
-0.500_0.450_0.560,L,upper,2,auto,safe,False,True,1.322822452746731,-0.5,0.45,0.56,False,
-0.500_0.450_0.560,L,upper,3,auto,safe,False,True,1.6234624649642844,-0.5,0.45,0.56,False,
-0.500_0.450_0.560,L,upper,4,auto,safe,False,True,1.2567894865125728,-0.5,0.45,0.56,True,figures/-0p500_0p450_0p560_L_ik4_safe_BEST.png
-0.500_0.450_0.560,L,upper,5,auto,safe,False,True,2.290467573036026,-0.5,0.45,0.56,False,
-0.500_0.450_0.560,L,upper,6,auto,safe,False,True,2.00314211860883,-0.5,0.45,0.56,False,
-0.500_0.450_0.560,L,upper,7,auto,safe,False,True,1.2805395302193698,-0.5,0.45,0.56,False,
-0.500_0.500_0.560,L,upper,0,auto,safe,False,True,1.4655196448544183,-0.5,0.5,0.56,False,
-0.500_0.500_0.560,L,upper,1,auto,safe,False,True,2.1798351168978947,-0.5,0.5,0.56,False,
-0.500_0.500_0.560,L,upper,2,auto,safe,False,True,2.581827438904879,-0.5,0.5,0.56,False,
-0.500_0.500_0.560,L,upper,3,auto,safe,False,True,0.987966945378548,-0.5,0.5,0.56,True,figures/-0p500_0p500_0p560_L_ik3_safe_BEST.png
-0.500_0.500_0.560,L,upper,4,auto,safe,False,True,1.6417477755953587,-0.5,0.5,0.56,False,
-0.500_0.500_0.560,L,upper,5,auto,safe,False,True,1.2569079602369395,-0.5,0.5,0.56,False,
-0.500_0.500_0.560,L,upper,6,auto,safe,False,True,1.0704058109716814,-0.5,0.5,0.56,False,
-0.500_0.500_0.560,L,upper,7,auto,safe,False,True,1.6668108087901152,-0.5,0.5,0.56,False,
-0.500_0.550_0.560,L,upper,0,auto,safe,False,True,2.2559354291731166,-0.5,0.55,0.56,False,
-0.500_0.550_0.560,L,upper,1,auto,safe,False,True,2.4143405510238436,-0.5,0.55,0.56,False,
-0.500_0.550_0.560,L,upper,2,auto,safe,False,True,1.7461845829949838,-0.5,0.55,0.56,False,
-0.500_0.550_0.560,L,upper,3,auto,safe,False,True,2.668233972092578,-0.5,0.55,0.56,False,
-0.500_0.550_0.560,L,upper,4,auto,safe,False,True,2.095097227527572,-0.5,0.55,0.56,False,
-0.500_0.550_0.560,L,upper,5,auto,safe,False,True,1.5456586854198293,-0.5,0.55,0.56,True,figures/-0p500_0p550_0p560_L_ik5_safe_BEST.png
-0.500_0.550_0.560,L,upper,6,auto,safe,False,True,1.9212940357413486,-0.5,0.55,0.56,False,
-0.500_0.550_0.560,L,upper,7,auto,safe,False,True,1.8685818834325962,-0.5,0.55,0.56,False,
-0.500_0.600_0.560,L,upper,0,auto,safe,False,True,2.1840490100501375,-0.5,0.6,0.56,False,
-0.500_0.600_0.560,L,upper,1,auto,safe,False,True,0.8509925640282967,-0.5,0.6,0.56,True,figures/-0p500_0p600_0p560_L_ik1_safe_BEST.png
-0.500_0.600_0.560,L,upper,2,auto,safe,False,True,1.966376699624489,-0.5,0.6,0.56,False,
-0.500_0.600_0.560,L,upper,3,auto,safe,False,True,2.0846868680599977,-0.5,0.6,0.56,False,
-0.500_0.600_0.560,L,upper,4,auto,safe,False,True,1.9328030126587703,-0.5,0.6,0.56,False,
0.000_-0.300_0.560,L,lower,0,auto,free,True,True,2.2718216548270798,0.0,-0.3,0.56,False,
0.000_-0.300_0.560,L,lower,1,auto,free,True,True,1.9373481001953992,0.0,-0.3,0.56,False,
0.000_-0.300_0.560,L,lower,2,auto,free,True,True,2.795407955668167,0.0,-0.3,0.56,False,
0.000_-0.300_0.560,L,lower,3,auto,free,True,True,3.0243717985442373,0.0,-0.3,0.56,False,
0.000_-0.300_0.560,L,lower,4,auto,free,True,True,2.2930482546939746,0.0,-0.3,0.56,False,
0.000_-0.300_0.560,L,lower,5,auto,free,True,True,2.9364312757085314,0.0,-0.3,0.56,False,
0.000_-0.300_0.560,L,lower,6,auto,free,True,True,2.954462185053817,0.0,-0.3,0.56,False,
0.000_-0.300_0.560,L,lower,7,auto,free,True,True,2.492452743236216,0.0,-0.3,0.56,False,
0.000_-0.300_0.560,L,lower,8,auto,free,True,True,3.9063297135224513,0.0,-0.3,0.56,False,
0.000_-0.300_0.560,L,lower,9,auto,free,True,True,2.6542203091663543,0.0,-0.3,0.56,False,
0.000_-0.300_0.560,L,lower,10,auto,free,True,True,2.720982239468643,0.0,-0.3,0.56,False,
0.000_-0.300_0.560,L,lower,11,auto,free,True,True,2.6529405961412844,0.0,-0.3,0.56,False,
0.000_-0.300_0.560,L,lower,12,auto,free,True,True,2.3956875433246183,0.0,-0.3,0.56,False,
0.000_-0.300_0.560,L,lower,13,auto,free,True,True,3.2047657972372905,0.0,-0.3,0.56,False,
0.000_-0.300_0.560,L,lower,14,auto,free,True,True,2.738420199090623,0.0,-0.3,0.56,False,
0.000_-0.300_0.560,L,lower,15,auto,free,True,True,2.9774771285585198,0.0,-0.3,0.56,False,
0.000_-0.300_0.560,L,lower,16,auto,free,True,True,3.0,0.0,-0.3,0.56,False,
0.000_-0.300_0.560,L,lower,17,auto,free,True,True,3.166595638613953,0.0,-0.3,0.56,False,
0.000_-0.300_0.560,L,lower,18,auto,free,True,True,2.921023591993853,0.0,-0.3,0.56,False,
0.000_-0.300_0.560,L,lower,19,auto,free,True,True,2.922728468832088,0.0,-0.3,0.56,False,
0.000_-0.300_0.560,L,lower,20,auto,free,True,True,3.159043138538623,0.0,-0.3,0.56,False,
0.000_-0.300_0.560,L,lower,21,auto,free,True,True,2.0134079158341747,0.0,-0.3,0.56,False,
0.000_-0.300_0.560,L,lower,22,auto,free,True,True,2.7950934234984244,0.0,-0.3,0.56,False,
0.000_-0.300_0.560,L,lower,23,auto,free,True,True,1.8579420934956261,0.0,-0.3,0.56,True,figures/0p000_-0p300_0p560_L_ik23_free_BEST.png
0.000_-0.300_0.560,L,lower,24,auto,free,True,True,2.8259355632200904,0.0,-0.3,0.56,False,
0.000_-0.300_0.560,L,lower,25,auto,free,True,True,3.0856679813683083,0.0,-0.3,0.56,False,
0.000_-0.300_0.560,R,lower,0,auto,free,True,True,1.2184305894163163,0.0,-0.3,0.56,False,
0.000_-0.300_0.560,R,lower,1,auto,free,True,True,1.0398904412656385,0.0,-0.3,0.56,False,
0.000_-0.300_0.560,R,lower,2,auto,free,True,True,1.0,0.0,-0.3,0.56,False,
0.000_-0.300_0.560,R,lower,3,auto,free,True,True,0.261499034370555,0.0,-0.3,0.56,False,
0.000_-0.300_0.560,R,lower,4,auto,free,True,True,2.0306191190603746,0.0,-0.3,0.56,False,
0.000_-0.300_0.560,R,lower,5,auto,free,True,True,1.406089643016534,0.0,-0.3,0.56,False,
0.000_-0.300_0.560,R,lower,6,auto,free,True,True,0.24465822873650866,0.0,-0.3,0.56,True,figures/0p000_-0p300_0p560_R_ik6_free_BEST.png
0.000_-0.300_0.560,R,lower,7,auto,free,True,True,1.3763967475876249,0.0,-0.3,0.56,False,
0.000_-0.300_0.560,R,lower,8,auto,free,True,True,1.5391724238721647,0.0,-0.3,0.56,False,
0.000_-0.300_0.560,R,lower,9,auto,free,True,True,0.45349968506812344,0.0,-0.3,0.56,False,
0.000_-0.300_0.560,R,lower,10,auto,free,True,True,0.6614635873848607,0.0,-0.3,0.56,False,
0.000_-0.300_0.560,R,lower,11,auto,free,True,True,1.2919112993561808,0.0,-0.3,0.56,False,
0.000_-0.300_0.560,R,lower,12,auto,free,True,True,0.7312279447538339,0.0,-0.3,0.56,False,
0.000_-0.300_0.560,R,lower,13,auto,free,True,True,2.0240264715148633,0.0,-0.3,0.56,False,
0.000_-0.300_0.560,R,lower,14,auto,free,True,True,2.388402921557237,0.0,-0.3,0.56,False,
0.000_-0.300_0.560,R,lower,15,auto,free,True,True,1.1410976806577038,0.0,-0.3,0.56,False,
0.000_-0.300_0.560,R,lower,16,auto,free,True,True,2.4298082010552444,0.0,-0.3,0.56,False,
0.000_-0.300_0.560,R,lower,17,auto,free,True,True,1.4592598046572287,0.0,-0.3,0.56,False,
0.000_-0.300_0.560,R,lower,18,auto,free,True,True,3.053472291059866,0.0,-0.3,0.56,False,
0.000_-0.300_0.560,R,lower,19,auto,free,True,True,2.0604648549928255,0.0,-0.3,0.56,False,
0.000_-0.300_0.560,R,lower,20,auto,free,True,True,2.0416217874877103,0.0,-0.3,0.56,False,
0.000_-0.300_0.560,R,lower,21,auto,free,True,True,1.8075870991640377,0.0,-0.3,0.56,False,
0.000_-0.300_0.560,R,lower,22,auto,free,True,True,3.0,0.0,-0.3,0.56,False,
0.000_-0.300_0.560,R,lower,23,auto,free,True,True,2.6403009754999407,0.0,-0.3,0.56,False,
0.000_-0.300_0.560,R,lower,24,auto,free,True,True,2.4038101378515986,0.0,-0.3,0.56,False,
0.000_-0.300_0.560,R,lower,25,auto,free,True,True,3.0,0.0,-0.3,0.56,False,
0.000_-0.300_0.560,R,lower,26,auto,free,True,True,2.2889056884929055,0.0,-0.3,0.56,False,
0.000_-0.300_0.560,R,lower,27,auto,free,True,True,3.0,0.0,-0.3,0.56,False,
0.000_-0.300_0.560,R,lower,28,auto,free,True,True,2.9466969042376623,0.0,-0.3,0.56,False,
0.000_-0.300_0.560,R,lower,29,auto,free,True,True,3.0,0.0,-0.3,0.56,False,
0.000_-0.350_0.560,L,lower,0,auto,free,True,True,2.4977923222428844,0.0,-0.35,0.56,False,
0.000_-0.350_0.560,L,lower,1,auto,free,True,True,1.9116976065075937,0.0,-0.35,0.56,False,
0.000_-0.350_0.560,L,lower,2,auto,free,True,True,2.792727014275847,0.0,-0.35,0.56,False,
0.000_-0.350_0.560,L,lower,3,auto,free,True,True,2.9685899466831165,0.0,-0.35,0.56,False,
0.000_-0.350_0.560,L,lower,4,auto,free,True,True,2.401832239962488,0.0,-0.35,0.56,False,
0.000_-0.350_0.560,L,lower,5,auto,free,True,True,1.7706577469765978,0.0,-0.35,0.56,False,
0.000_-0.350_0.560,L,lower,6,auto,free,True,True,1.8890299335170697,0.0,-0.35,0.56,False,
0.000_-0.350_0.560,L,lower,7,auto,free,True,True,2.51293539243733,0.0,-0.35,0.56,False,
0.000_-0.350_0.560,L,lower,8,auto,free,True,True,3.2011921364341682,0.0,-0.35,0.56,False,
0.000_-0.350_0.560,L,lower,9,auto,free,True,True,2.5989402694708907,0.0,-0.35,0.56,False,
0.000_-0.350_0.560,L,lower,10,auto,free,True,True,3.1778651395688167,0.0,-0.35,0.56,False,
0.000_-0.350_0.560,L,lower,11,auto,free,True,True,3.14615014251875,0.0,-0.35,0.56,False,
0.000_-0.350_0.560,L,lower,12,auto,free,True,True,2.362378393428531,0.0,-0.35,0.56,False,
0.000_-0.350_0.560,L,lower,13,auto,free,True,True,2.7425201176007494,0.0,-0.35,0.56,False,
0.000_-0.350_0.560,L,lower,14,auto,free,True,True,2.7107431284069667,0.0,-0.35,0.56,False,
0.000_-0.350_0.560,L,lower,15,auto,free,True,True,2.652949719602283,0.0,-0.35,0.56,False,
0.000_-0.350_0.560,L,lower,16,auto,free,True,True,2.9030027028604986,0.0,-0.35,0.56,False,
0.000_-0.350_0.560,L,lower,17,auto,free,True,True,2.9148709914048805,0.0,-0.35,0.56,False,
0.000_-0.350_0.560,L,lower,18,auto,free,True,True,2.840928683543336,0.0,-0.35,0.56,False,
0.000_-0.350_0.560,L,lower,19,auto,free,True,True,1.976694961288207,0.0,-0.35,0.56,False,
0.000_-0.350_0.560,L,lower,20,auto,free,True,True,2.5531038515023154,0.0,-0.35,0.56,False,
0.000_-0.350_0.560,L,lower,21,auto,free,True,True,2.2031117682473833,0.0,-0.35,0.56,False,
0.000_-0.350_0.560,L,lower,22,auto,free,True,True,1.6596213699587778,0.0,-0.35,0.56,True,figures/0p000_-0p350_0p560_L_ik22_free_BEST.png
0.000_-0.350_0.560,L,lower,23,auto,free,True,True,2.0041227597486566,0.0,-0.35,0.56,False,
0.000_-0.350_0.560,L,lower,24,auto,free,True,True,2.9701329618048202,0.0,-0.35,0.56,False,
0.000_-0.350_0.560,R,lower,0,auto,free,True,True,1.4501846517312644,0.0,-0.35,0.56,False,
0.000_-0.350_0.560,R,lower,1,auto,free,True,True,1.2191819398007233,0.0,-0.35,0.56,False,
0.000_-0.350_0.560,R,lower,2,auto,free,True,True,0.7735187159310288,0.0,-0.35,0.56,False,
0.000_-0.350_0.560,R,lower,3,auto,free,True,True,0.2415430959850302,0.0,-0.35,0.56,True,figures/0p000_-0p350_0p560_R_ik3_free_BEST.png
0.000_-0.350_0.560,R,lower,4,auto,free,True,True,1.3803077763356195,0.0,-0.35,0.56,False,
0.000_-0.350_0.560,R,lower,5,auto,free,True,True,1.8294497217392722,0.0,-0.35,0.56,False,
0.000_-0.350_0.560,R,lower,6,auto,free,True,True,0.46017690775648035,0.0,-0.35,0.56,False,
0.000_-0.350_0.560,R,lower,7,auto,free,True,True,1.318102895112824,0.0,-0.35,0.56,False,
0.000_-0.350_0.560,R,lower,8,auto,free,True,True,1.2047783799367968,0.0,-0.35,0.56,False,
0.000_-0.350_0.560,R,lower,9,auto,free,True,True,0.7284722065980072,0.0,-0.35,0.56,False,
0.000_-0.350_0.560,R,lower,10,auto,free,True,True,1.33071505318058,0.0,-0.35,0.56,False,
0.000_-0.350_0.560,R,lower,11,auto,free,True,True,2.4989999999525025,0.0,-0.35,0.56,False,
0.000_-0.350_0.560,R,lower,12,auto,free,True,True,1.0689741356655984,0.0,-0.35,0.56,False,
0.000_-0.350_0.560,R,lower,13,auto,free,True,True,2.7168708271434223,0.0,-0.35,0.56,False,
0.000_-0.350_0.560,R,lower,14,auto,free,True,True,1.5057951065537178,0.0,-0.35,0.56,False,
0.000_-0.350_0.560,R,lower,15,auto,free,True,True,2.235844112157291,0.0,-0.35,0.56,False,
0.000_-0.350_0.560,R,lower,16,auto,free,True,True,2.2342795754116063,0.0,-0.35,0.56,False,
0.000_-0.350_0.560,R,lower,17,auto,free,True,True,2.6540560999893072,0.0,-0.35,0.56,False,
0.000_-0.350_0.560,R,lower,18,auto,free,True,True,1.905646997715483,0.0,-0.35,0.56,False,
0.000_-0.350_0.560,R,lower,19,auto,free,True,True,2.372357370003947,0.0,-0.35,0.56,False,
0.000_-0.350_0.560,R,lower,20,auto,free,True,True,2.383964820535437,0.0,-0.35,0.56,False,
0.000_-0.350_0.560,R,lower,21,auto,free,True,True,2.4003268741233437,0.0,-0.35,0.56,False,
0.000_-0.350_0.560,R,lower,22,auto,free,True,True,3.0,0.0,-0.35,0.56,False,
0.000_-0.350_0.560,R,lower,23,auto,free,True,True,2.6596468376624918,0.0,-0.35,0.56,False,
0.000_-0.350_0.560,R,lower,24,auto,free,True,True,3.0,0.0,-0.35,0.56,False,
0.000_-0.400_0.560,L,lower,0,auto,free,True,True,2.590228202651831,0.0,-0.4,0.56,False,
0.000_-0.400_0.560,L,lower,1,auto,free,True,True,2.7364832516025075,0.0,-0.4,0.56,False,
0.000_-0.400_0.560,L,lower,2,auto,free,True,True,2.4996313648285717,0.0,-0.4,0.56,False,
0.000_-0.400_0.560,L,lower,3,auto,free,True,True,1.9750015717039233,0.0,-0.4,0.56,False,
0.000_-0.400_0.560,L,lower,4,auto,free,True,True,1.81053546091273,0.0,-0.4,0.56,True,figures/0p000_-0p400_0p560_L_ik4_free_BEST.png
0.000_-0.400_0.560,L,lower,5,auto,free,True,True,3.0506521467009966,0.0,-0.4,0.56,False,
0.000_-0.400_0.560,L,lower,6,auto,free,True,True,1.9600795246677933,0.0,-0.4,0.56,False,
0.000_-0.400_0.560,L,lower,7,auto,free,True,True,2.596766507580351,0.0,-0.4,0.56,False,
0.000_-0.400_0.560,L,lower,8,auto,free,True,True,2.7895004706364643,0.0,-0.4,0.56,False,
0.000_-0.400_0.560,L,lower,9,auto,free,True,True,2.397299628127806,0.0,-0.4,0.56,False,
0.000_-0.400_0.560,L,lower,10,auto,free,True,True,2.917723627929102,0.0,-0.4,0.56,False,
0.000_-0.400_0.560,L,lower,11,auto,free,True,True,2.5787708631265196,0.0,-0.4,0.56,False,
0.000_-0.400_0.560,L,lower,12,auto,free,True,True,2.864610760014852,0.0,-0.4,0.56,False,
0.000_-0.400_0.560,L,lower,13,auto,free,True,True,2.505956667474888,0.0,-0.4,0.56,False,
0.000_-0.400_0.560,L,lower,14,auto,free,True,True,3.3352217487837557,0.0,-0.4,0.56,False,
0.000_-0.400_0.560,L,lower,15,auto,free,True,True,2.2430596355784984,0.0,-0.4,0.56,False,
0.000_-0.400_0.560,L,lower,16,auto,free,True,True,2.297796538173753,0.0,-0.4,0.56,False,
0.000_-0.400_0.560,L,lower,17,auto,free,True,True,2.3554670617564097,0.0,-0.4,0.56,False,
0.000_-0.400_0.560,L,lower,18,auto,free,True,True,2.3857750430399847,0.0,-0.4,0.56,False,
0.000_-0.400_0.560,L,lower,19,auto,free,True,True,2.4376222109714565,0.0,-0.4,0.56,False,
0.000_-0.400_0.560,L,lower,20,auto,free,True,True,2.625286004486104,0.0,-0.4,0.56,False,
0.000_-0.400_0.560,R,lower,0,auto,free,True,True,1.8828574244656693,0.0,-0.4,0.56,False,
0.000_-0.400_0.560,R,lower,1,auto,free,True,True,0.44695148118091677,0.0,-0.4,0.56,True,figures/0p000_-0p400_0p560_R_ik1_free_BEST.png
0.000_-0.400_0.560,R,lower,2,auto,free,True,True,1.634803958096482,0.0,-0.4,0.56,False,
0.000_-0.400_0.560,R,lower,3,auto,free,True,True,0.4477157496438209,0.0,-0.4,0.56,False,
0.000_-0.400_0.560,R,lower,4,auto,free,True,True,2.0747088853285653,0.0,-0.4,0.56,False,
0.000_-0.400_0.560,R,lower,5,auto,free,True,True,0.6602520942799499,0.0,-0.4,0.56,False,
0.000_-0.400_0.560,R,lower,6,auto,free,True,True,0.7257183491875643,0.0,-0.4,0.56,False,
0.000_-0.400_0.560,R,lower,7,auto,free,True,True,2.0046894498770835,0.0,-0.4,0.56,False,
0.000_-0.400_0.560,R,lower,8,auto,free,True,True,2.290033885794419,0.0,-0.4,0.56,False,
0.000_-0.400_0.560,R,lower,9,auto,free,True,True,1.0658567887267056,0.0,-0.4,0.56,False,
0.000_-0.400_0.560,R,lower,10,auto,free,True,True,1.921779602954488,0.0,-0.4,0.56,False,
0.000_-0.400_0.560,R,lower,11,auto,free,True,True,1.0906079745168409,0.0,-0.4,0.56,False,
0.000_-0.400_0.560,R,lower,12,auto,free,True,True,1.4592967128938947,0.0,-0.4,0.56,False,
0.000_-0.400_0.560,R,lower,13,auto,free,True,True,2.310047616891785,0.0,-0.4,0.56,False,
0.000_-0.400_0.560,R,lower,14,auto,free,True,True,2.2687617882795323,0.0,-0.4,0.56,False,
0.000_-0.400_0.560,R,lower,15,auto,free,True,True,1.9015271597181997,0.0,-0.4,0.56,False,
0.000_-0.400_0.560,R,lower,16,auto,free,True,True,1.6822979474845972,0.0,-0.4,0.56,False,
0.000_-0.400_0.560,R,lower,17,auto,free,True,True,1.708547989961264,0.0,-0.4,0.56,False,
0.000_-0.400_0.560,R,lower,18,auto,free,True,True,2.3986661318065288,0.0,-0.4,0.56,False,
0.000_-0.400_0.560,R,lower,19,auto,free,True,True,2.143065674654257,0.0,-0.4,0.56,False,
0.000_-0.400_0.560,R,lower,20,auto,free,True,True,2.2288263890938405,0.0,-0.4,0.56,False,
0.000_-0.450_0.560,L,lower,0,auto,free,True,True,2.750078746923895,0.0,-0.45,0.56,False,
0.000_-0.450_0.560,L,lower,1,auto,free,True,True,2.445872247954683,0.0,-0.45,0.56,False,
0.000_-0.450_0.560,L,lower,2,auto,free,True,True,2.48272016355332,0.0,-0.45,0.56,False,
0.000_-0.450_0.560,L,lower,3,auto,free,True,True,2.3424275458146315,0.0,-0.45,0.56,False,
0.000_-0.450_0.560,L,lower,4,auto,free,True,True,3.154460093602685,0.0,-0.45,0.56,False,
0.000_-0.450_0.560,L,lower,5,auto,free,True,True,2.8710872694002703,0.0,-0.45,0.56,False,
0.000_-0.450_0.560,L,lower,6,auto,free,True,True,2.98780714830695,0.0,-0.45,0.56,False,
0.000_-0.450_0.560,L,lower,7,auto,free,True,True,2.9709527967725187,0.0,-0.45,0.56,False,
0.000_-0.450_0.560,L,lower,8,auto,free,True,True,2.2124130833685856,0.0,-0.45,0.56,True,figures/0p000_-0p450_0p560_L_ik8_free_BEST.png
0.000_-0.450_0.560,L,lower,9,auto,free,True,True,2.879297647415587,0.0,-0.45,0.56,False,
0.000_-0.450_0.560,L,lower,10,auto,free,True,True,3.0171618706595345,0.0,-0.45,0.56,False,
0.000_-0.450_0.560,L,lower,11,auto,free,True,True,3.0492431177030257,0.0,-0.45,0.56,False,
0.000_-0.450_0.560,L,lower,12,auto,free,True,True,3.4070213983879354,0.0,-0.45,0.56,False,
0.000_-0.450_0.560,L,lower,13,auto,free,True,True,2.3072349626540305,0.0,-0.45,0.56,False,
0.000_-0.450_0.560,L,lower,14,auto,free,True,True,2.225102756049478,0.0,-0.45,0.56,False,
0.000_-0.450_0.560,L,lower,15,auto,free,True,True,2.592529126025836,0.0,-0.45,0.56,False,
0.000_-0.450_0.560,R,lower,0,auto,free,True,True,1.4192949898415355,0.0,-0.45,0.56,False,
0.000_-0.450_0.560,R,lower,1,auto,free,True,True,1.4384518699371622,0.0,-0.45,0.56,False,
0.000_-0.450_0.560,R,lower,2,auto,free,True,True,1.6992805752486393,0.0,-0.45,0.56,False,
0.000_-0.450_0.560,R,lower,3,auto,free,True,True,0.7190280520212728,0.0,-0.45,0.56,True,figures/0p000_-0p450_0p560_R_ik3_free_BEST.png
0.000_-0.450_0.560,R,lower,4,auto,free,True,True,2.0999371319396984,0.0,-0.45,0.56,False,
0.000_-0.450_0.560,R,lower,5,auto,free,True,True,0.7910349917945312,0.0,-0.45,0.56,False,
0.000_-0.450_0.560,R,lower,6,auto,free,True,True,1.0631584394111693,0.0,-0.45,0.56,False,
0.000_-0.450_0.560,R,lower,7,auto,free,True,True,2.1840686131923697,0.0,-0.45,0.56,False,
0.000_-0.450_0.560,R,lower,8,auto,free,True,True,1.2581460840968228,0.0,-0.45,0.56,False,
0.000_-0.450_0.560,R,lower,9,auto,free,True,True,1.4556267121198299,0.0,-0.45,0.56,False,
0.000_-0.450_0.560,R,lower,10,auto,free,True,True,1.4786909271584658,0.0,-0.45,0.56,False,
0.000_-0.450_0.560,R,lower,11,auto,free,True,True,2.229766452092855,0.0,-0.45,0.56,False,
0.000_-0.450_0.560,R,lower,12,auto,free,True,True,1.897464480127819,0.0,-0.45,0.56,False,
0.000_-0.450_0.560,R,lower,13,auto,free,True,True,2.5093060485337153,0.0,-0.45,0.56,False,
0.000_-0.450_0.560,R,lower,14,auto,free,True,True,1.8025869403338823,0.0,-0.45,0.56,False,
0.000_-0.450_0.560,R,lower,15,auto,free,True,True,2.5147938495386253,0.0,-0.45,0.56,False,
0.000_-0.450_0.560,R,lower,16,auto,free,True,True,2.26215819696824,0.0,-0.45,0.56,False,
0.000_-0.450_0.560,R,lower,17,auto,free,True,True,2.4881344642948564,0.0,-0.45,0.56,False,
0.000_-0.500_0.560,L,lower,0,auto,free,True,True,2.7511571920805684,0.0,-0.5,0.56,True,figures/0p000_-0p500_0p560_L_ik0_free_BEST.png
0.000_-0.500_0.560,L,lower,1,auto,free,True,True,3.1610397685920555,0.0,-0.5,0.56,False,
0.000_-0.500_0.560,L,lower,2,auto,free,True,True,2.830325132993589,0.0,-0.5,0.56,False,
0.000_-0.500_0.560,L,lower,3,auto,free,True,True,2.9811417240824865,0.0,-0.5,0.56,False,
0.000_-0.500_0.560,L,lower,4,auto,free,True,True,3.538779265727719,0.0,-0.5,0.56,False,
0.000_-0.500_0.560,L,lower,5,auto,free,True,True,3.2030840973335923,0.0,-0.5,0.56,False,
0.000_-0.500_0.560,L,lower,6,auto,free,True,True,3.2773192097789714,0.0,-0.5,0.56,False,
0.000_-0.500_0.560,R,lower,0,auto,free,True,True,0.8339568517870011,0.0,-0.5,0.56,False,
0.000_-0.500_0.560,R,lower,1,auto,free,True,True,0.5864168116437689,0.0,-0.5,0.56,True,figures/0p000_-0p500_0p560_R_ik1_free_BEST.png
0.000_-0.500_0.560,R,lower,2,auto,free,True,True,7.0358003990101725,0.0,-0.5,0.56,False,
0.000_-0.500_0.560,R,lower,3,auto,free,True,True,0.7202162633979245,0.0,-0.5,0.56,False,
0.000_-0.500_0.560,R,lower,4,auto,free,True,True,1.727930261465512,0.0,-0.5,0.56,False,
0.000_-0.500_0.560,R,lower,5,auto,free,True,True,1.5674182521862323,0.0,-0.5,0.56,False,
0.000_-0.500_0.560,R,lower,6,auto,free,True,True,1.0604618179965224,0.0,-0.5,0.56,False,
0.000_-0.500_0.560,R,lower,7,auto,free,True,True,2.0431111591937396,0.0,-0.5,0.56,False,
0.000_-0.500_0.560,R,lower,8,auto,free,True,True,1.4848596750093235,0.0,-0.5,0.56,False,
0.000_-0.500_0.560,R,lower,9,auto,free,True,True,1.4529220942334993,0.0,-0.5,0.56,False,
0.000_-0.500_0.560,R,lower,10,auto,free,True,True,1.9359126261807342,0.0,-0.5,0.56,False,
0.000_-0.500_0.560,R,lower,11,auto,free,True,True,1.8934426356791372,0.0,-0.5,0.56,False,
0.000_-0.500_0.560,R,lower,12,auto,free,True,True,1.8938230779544951,0.0,-0.5,0.56,False,
0.000_-0.500_0.560,R,lower,13,auto,free,True,True,1.586370242200112,0.0,-0.5,0.56,False,
0.000_-0.500_0.560,R,lower,14,auto,free,True,True,1.7961167148116768,0.0,-0.5,0.56,False,
0.000_-0.550_0.560,R,lower,0,auto,free,False,True,0.9902523396951124,0.0,-0.55,0.56,True,figures/0p000_-0p550_0p560_R_ik0_free_BEST.png
0.000_-0.550_0.560,R,lower,1,auto,free,False,True,1.1018036577718746,0.0,-0.55,0.56,False,
0.000_-0.550_0.560,R,lower,2,auto,free,False,True,1.267087598951083,0.0,-0.55,0.56,False,
0.000_-0.550_0.560,R,lower,3,auto,free,False,True,1.4502193606386447,0.0,-0.55,0.56,False,
0.000_-0.550_0.560,R,lower,4,auto,free,False,True,1.4266825462129156,0.0,-0.55,0.56,False,
0.000_-0.550_0.560,R,lower,5,auto,free,False,True,1.5511418195247015,0.0,-0.55,0.56,False,
0.000_0.300_0.560,L,upper,0,auto,free,True,True,0.8337043776099555,0.0,0.3,0.56,False,
0.000_0.300_0.560,L,upper,1,auto,free,True,True,1.0373147127285995,0.0,0.3,0.56,False,
0.000_0.300_0.560,L,upper,2,auto,free,True,True,0.6732760571792418,0.0,0.3,0.56,False,
0.000_0.300_0.560,L,upper,3,auto,free,True,True,0.5205821653086955,0.0,0.3,0.56,False,
0.000_0.300_0.560,L,upper,4,auto,free,True,True,2.209472077309518,0.0,0.3,0.56,False,
0.000_0.300_0.560,L,upper,5,auto,free,True,True,1.191626531736326,0.0,0.3,0.56,False,
0.000_0.300_0.560,L,upper,6,auto,free,True,True,0.2446582537999995,0.0,0.3,0.56,True,figures/0p000_0p300_0p560_L_ik6_free_BEST.png
0.000_0.300_0.560,L,upper,7,auto,free,True,True,1.7217179175781565,0.0,0.3,0.56,False,
0.000_0.300_0.560,L,upper,8,auto,free,True,True,1.3334730764329978,0.0,0.3,0.56,False,
0.000_0.300_0.560,L,upper,9,auto,free,True,True,0.45349970839349485,0.0,0.3,0.56,False,
0.000_0.300_0.560,L,upper,10,auto,free,True,True,1.8537034532663887,0.0,0.3,0.56,False,
0.000_0.300_0.560,L,upper,11,auto,free,True,True,2.2979995943231466,0.0,0.3,0.56,False,
0.000_0.300_0.560,L,upper,12,auto,free,True,True,0.7156241859352219,0.0,0.3,0.56,False,
0.000_0.300_0.560,L,upper,13,auto,free,True,True,1.7659841321320395,0.0,0.3,0.56,False,
0.000_0.300_0.560,L,upper,14,auto,free,True,True,1.4655032413374798,0.0,0.3,0.56,False,
0.000_0.300_0.560,L,upper,15,auto,free,True,True,1.5765037277474554,0.0,0.3,0.56,False,
0.000_0.300_0.560,L,upper,16,auto,free,True,True,1.626047671162123,0.0,0.3,0.56,False,
0.000_0.300_0.560,L,upper,17,auto,free,True,True,2.086449626492109,0.0,0.3,0.56,False,
0.000_0.300_0.560,L,upper,18,auto,free,True,True,2.4731979041711094,0.0,0.3,0.56,False,
0.000_0.300_0.560,L,upper,19,auto,free,True,True,2.826192367528736,0.0,0.3,0.56,False,
0.000_0.300_0.560,L,upper,20,auto,free,True,True,1.824412248764009,0.0,0.3,0.56,False,
0.000_0.300_0.560,L,upper,21,auto,free,True,True,1.9101900988991385,0.0,0.3,0.56,False,
0.000_0.300_0.560,L,upper,22,auto,free,True,True,2.975710661605257,0.0,0.3,0.56,False,
0.000_0.300_0.560,L,upper,23,auto,free,True,True,2.1954914466494766,0.0,0.3,0.56,False,
0.000_0.300_0.560,L,upper,24,auto,free,True,True,2.4038101661063873,0.0,0.3,0.56,False,
0.000_0.300_0.560,L,upper,25,auto,free,True,True,3.0,0.0,0.3,0.56,False,
0.000_0.300_0.560,L,upper,26,auto,free,True,True,2.2303729613179875,0.0,0.3,0.56,False,
0.000_0.300_0.560,L,upper,27,auto,free,True,True,2.9880439980791005,0.0,0.3,0.56,False,
0.000_0.300_0.560,L,upper,28,auto,free,True,True,2.966241989087192,0.0,0.3,0.56,False,
0.000_0.300_0.560,L,upper,29,auto,free,True,True,2.951415191058972,0.0,0.3,0.56,False,
0.000_0.300_0.560,R,upper,0,auto,free,True,True,1.834461156547506,0.0,0.3,0.56,False,
0.000_0.300_0.560,R,upper,1,auto,free,True,True,1.937348142856675,0.0,0.3,0.56,False,
0.000_0.300_0.560,R,upper,2,auto,free,True,True,2.795407953314718,0.0,0.3,0.56,False,
0.000_0.300_0.560,R,upper,3,auto,free,True,True,1.148404869885866,0.0,0.3,0.56,True,figures/0p000_0p300_0p560_R_ik3_free_BEST.png
0.000_0.300_0.560,R,upper,4,auto,free,True,True,2.4076555453718256,0.0,0.3,0.56,False,
0.000_0.300_0.560,R,upper,5,auto,free,True,True,2.869824800447503,0.0,0.3,0.56,False,
0.000_0.300_0.560,R,upper,6,auto,free,True,True,2.770531554714954,0.0,0.3,0.56,False,
0.000_0.300_0.560,R,upper,7,auto,free,True,True,2.496157112694542,0.0,0.3,0.56,False,
0.000_0.300_0.560,R,upper,8,auto,free,True,True,3.295594962286324,0.0,0.3,0.56,False,
0.000_0.300_0.560,R,upper,9,auto,free,True,True,2.616760024269777,0.0,0.3,0.56,False,
0.000_0.300_0.560,R,upper,10,auto,free,True,True,2.348840309843518,0.0,0.3,0.56,False,
0.000_0.300_0.560,R,upper,11,auto,free,True,True,3.0778465689737304,0.0,0.3,0.56,False,
0.000_0.300_0.560,R,upper,12,auto,free,True,True,2.9924254631060805,0.0,0.3,0.56,False,
0.000_0.300_0.560,R,upper,13,auto,free,True,True,2.501294115703735,0.0,0.3,0.56,False,
0.000_0.300_0.560,R,upper,14,auto,free,True,True,3.8822099468955464,0.0,0.3,0.56,False,
0.000_0.300_0.560,R,upper,15,auto,free,True,True,2.875968950145584,0.0,0.3,0.56,False,
0.000_0.300_0.560,R,upper,16,auto,free,True,True,2.582892431837216,0.0,0.3,0.56,False,
0.000_0.300_0.560,R,upper,17,auto,free,True,True,3.62951814013568,0.0,0.3,0.56,False,
0.000_0.300_0.560,R,upper,18,auto,free,True,True,2.960550456141256,0.0,0.3,0.56,False,
0.000_0.300_0.560,R,upper,19,auto,free,True,True,2.9389233908045194,0.0,0.3,0.56,False,
0.000_0.300_0.560,R,upper,20,auto,free,True,True,3.0,0.0,0.3,0.56,False,
0.000_0.300_0.560,R,upper,21,auto,free,True,True,2.85635149961636,0.0,0.3,0.56,False,
0.000_0.300_0.560,R,upper,22,auto,free,True,True,2.151133387246043,0.0,0.3,0.56,False,
0.000_0.300_0.560,R,upper,23,auto,free,True,True,2.285700488750517,0.0,0.3,0.56,False,
0.000_0.300_0.560,R,upper,24,auto,free,True,True,2.8150440071984484,0.0,0.3,0.56,False,
0.000_0.300_0.560,R,upper,25,auto,free,True,True,2.8933112878560454,0.0,0.3,0.56,False,
0.000_0.300_0.560,R,upper,26,auto,free,True,True,1.723781354422809,0.0,0.3,0.56,False,
0.000_0.300_0.560,R,upper,27,auto,free,True,True,2.543632415317406,0.0,0.3,0.56,False,
0.000_0.350_0.560,L,upper,0,auto,free,True,True,1.0991849885973042,0.0,0.35,0.56,False,
0.000_0.350_0.560,L,upper,1,auto,free,True,True,1.7229019226881452,0.0,0.35,0.56,False,
0.000_0.350_0.560,L,upper,2,auto,free,True,True,1.1999989203482961,0.0,0.35,0.56,False,
0.000_0.350_0.560,L,upper,3,auto,free,True,True,0.25526768324758065,0.0,0.35,0.56,True,figures/0p000_0p350_0p560_L_ik3_free_BEST.png
0.000_0.350_0.560,L,upper,4,auto,free,True,True,1.3012693948314502,0.0,0.35,0.56,False,
0.000_0.350_0.560,L,upper,5,auto,free,True,True,1.4201757801815753,0.0,0.35,0.56,False,
0.000_0.350_0.560,L,upper,6,auto,free,True,True,0.4506065807958701,0.0,0.35,0.56,False,
0.000_0.350_0.560,L,upper,7,auto,free,True,True,2.4769232451157106,0.0,0.35,0.56,False,
0.000_0.350_0.560,L,upper,8,auto,free,True,True,1.02563542998089,0.0,0.35,0.56,False,
0.000_0.350_0.560,L,upper,9,auto,free,True,True,0.7284722291073811,0.0,0.35,0.56,False,
0.000_0.350_0.560,L,upper,10,auto,free,True,True,0.9451173638484294,0.0,0.35,0.56,False,
0.000_0.350_0.560,L,upper,11,auto,free,True,True,0.817087434749332,0.0,0.35,0.56,False,
0.000_0.350_0.560,L,upper,12,auto,free,True,True,1.0689741581372223,0.0,0.35,0.56,False,
0.000_0.350_0.560,L,upper,13,auto,free,True,True,1.8709336531663951,0.0,0.35,0.56,False,
0.000_0.350_0.560,L,upper,14,auto,free,True,True,2.348776077569158,0.0,0.35,0.56,False,
0.000_0.350_0.560,L,upper,15,auto,free,True,True,1.4640231628968965,0.0,0.35,0.56,False,
0.000_0.350_0.560,L,upper,16,auto,free,True,True,2.6794106287225885,0.0,0.35,0.56,False,
0.000_0.350_0.560,L,upper,17,auto,free,True,True,2.4989999999525025,0.0,0.35,0.56,False,
0.000_0.350_0.560,L,upper,18,auto,free,True,True,1.9056470231434195,0.0,0.35,0.56,False,
0.000_0.350_0.560,L,upper,19,auto,free,True,True,2.9546936521136797,0.0,0.35,0.56,False,
0.000_0.350_0.560,L,upper,20,auto,free,True,True,2.6436322970425756,0.0,0.35,0.56,False,
0.000_0.350_0.560,L,upper,21,auto,free,True,True,2.7915337798380113,0.0,0.35,0.56,False,
0.000_0.350_0.560,L,upper,22,auto,free,True,True,2.1252255547411756,0.0,0.35,0.56,False,
0.000_0.350_0.560,L,upper,23,auto,free,True,True,2.2101930225629474,0.0,0.35,0.56,False,
0.000_0.350_0.560,R,upper,0,auto,free,True,True,2.119673333903855,0.0,0.35,0.56,False,
0.000_0.350_0.560,R,upper,1,auto,free,True,True,1.9116976507919028,0.0,0.35,0.56,False,
0.000_0.350_0.560,R,upper,2,auto,free,True,True,2.7620162447112575,0.0,0.35,0.56,False,
0.000_0.350_0.560,R,upper,3,auto,free,True,True,1.4935771535819566,0.0,0.35,0.56,True,figures/0p000_0p350_0p560_R_ik3_free_BEST.png
0.000_0.350_0.560,R,upper,4,auto,free,True,True,2.4018322580625115,0.0,0.35,0.56,False,
0.000_0.350_0.560,R,upper,5,auto,free,True,True,2.316697712349222,0.0,0.35,0.56,False,
0.000_0.350_0.560,R,upper,6,auto,free,True,True,1.692866734510564,0.0,0.35,0.56,False,
0.000_0.350_0.560,R,upper,7,auto,free,True,True,3.0800533439281423,0.0,0.35,0.56,False,
0.000_0.350_0.560,R,upper,8,auto,free,True,True,3.5813168375077016,0.0,0.35,0.56,False,
0.000_0.350_0.560,R,upper,9,auto,free,True,True,2.1970818924483866,0.0,0.35,0.56,False,
0.000_0.350_0.560,R,upper,10,auto,free,True,True,2.8169330539277224,0.0,0.35,0.56,False,
0.000_0.350_0.560,R,upper,11,auto,free,True,True,2.315652544207422,0.0,0.35,0.56,False,
0.000_0.350_0.560,R,upper,12,auto,free,True,True,3.0058847907123916,0.0,0.35,0.56,False,
0.000_0.350_0.560,R,upper,13,auto,free,True,True,2.276373270075143,0.0,0.35,0.56,False,
0.000_0.350_0.560,R,upper,14,auto,free,True,True,3.069659248313695,0.0,0.35,0.56,False,
0.000_0.350_0.560,R,upper,15,auto,free,True,True,2.4808708987329875,0.0,0.35,0.56,False,
0.000_0.350_0.560,R,upper,16,auto,free,True,True,2.6650204291609603,0.0,0.35,0.56,False,
0.000_0.350_0.560,R,upper,17,auto,free,True,True,3.4565040646864196,0.0,0.35,0.56,False,
0.000_0.350_0.560,R,upper,18,auto,free,True,True,2.2547857692651316,0.0,0.35,0.56,False,
0.000_0.350_0.560,R,upper,19,auto,free,True,True,1.9847087711309113,0.0,0.35,0.56,False,
0.000_0.350_0.560,R,upper,20,auto,free,True,True,2.6383516148901336,0.0,0.35,0.56,False,
0.000_0.350_0.560,R,upper,21,auto,free,True,True,2.1906114499344724,0.0,0.35,0.56,False,
0.000_0.350_0.560,R,upper,22,auto,free,True,True,2.2358299551918677,0.0,0.35,0.56,False,
0.000_0.350_0.560,R,upper,23,auto,free,True,True,2.685698679763738,0.0,0.35,0.56,False,
0.000_0.400_0.560,L,upper,0,auto,free,True,True,1.3711728315635314,0.0,0.4,0.56,False,
0.000_0.400_0.560,L,upper,1,auto,free,True,True,0.30165780515034113,0.0,0.4,0.56,True,figures/0p000_0p400_0p560_L_ik1_free_BEST.png
0.000_0.400_0.560,L,upper,2,auto,free,True,True,1.2101851216852129,0.0,0.4,0.56,False,
0.000_0.400_0.560,L,upper,3,auto,free,True,True,1.3134820620011465,0.0,0.4,0.56,False,
0.000_0.400_0.560,L,upper,4,auto,free,True,True,0.44771577293174714,0.0,0.4,0.56,False,
0.000_0.400_0.560,L,upper,5,auto,free,True,True,0.7983238436964379,0.0,0.4,0.56,False,
0.000_0.400_0.560,L,upper,6,auto,free,True,True,0.8174439227628181,0.0,0.4,0.56,False,
0.000_0.400_0.560,L,upper,7,auto,free,True,True,0.7257183716802187,0.0,0.4,0.56,False,
0.000_0.400_0.560,L,upper,8,auto,free,True,True,2.4752570118229955,0.0,0.4,0.56,False,
0.000_0.400_0.560,L,upper,9,auto,free,True,True,2.1500504408100753,0.0,0.4,0.56,False,
0.000_0.400_0.560,L,upper,10,auto,free,True,True,2.4671277690759257,0.0,0.4,0.56,False,
0.000_0.400_0.560,L,upper,11,auto,free,True,True,1.9364972428411846,0.0,0.4,0.56,False,
0.000_0.400_0.560,L,upper,12,auto,free,True,True,1.176512389701397,0.0,0.4,0.56,False,
0.000_0.400_0.560,L,upper,13,auto,free,True,True,1.4666355159456965,0.0,0.4,0.56,False,
0.000_0.400_0.560,L,upper,14,auto,free,True,True,2.1942270418283014,0.0,0.4,0.56,False,
0.000_0.400_0.560,L,upper,15,auto,free,True,True,2.5999999046325684,0.0,0.4,0.56,False,
0.000_0.400_0.560,L,upper,16,auto,free,True,True,1.8497164810946995,0.0,0.4,0.56,False,
0.000_0.400_0.560,L,upper,17,auto,free,True,True,2.0922494117807218,0.0,0.4,0.56,False,
0.000_0.400_0.560,L,upper,18,auto,free,True,True,2.1728159865323344,0.0,0.4,0.56,False,
0.000_0.400_0.560,L,upper,19,auto,free,True,True,2.504883710951679,0.0,0.4,0.56,False,
0.000_0.400_0.560,L,upper,20,auto,free,True,True,2.8189093685219446,0.0,0.4,0.56,False,
0.000_0.400_0.560,L,upper,21,auto,free,True,True,2.50624177969027,0.0,0.4,0.56,False,
0.000_0.400_0.560,R,upper,0,auto,free,True,True,3.0479677096655293,0.0,0.4,0.56,False,
0.000_0.400_0.560,R,upper,1,auto,free,True,True,1.9646042710644978,0.0,0.4,0.56,True,figures/0p000_0p400_0p560_R_ik1_free_BEST.png
0.000_0.400_0.560,R,upper,2,auto,free,True,True,3.1245677110545755,0.0,0.4,0.56,False,
0.000_0.400_0.560,R,upper,3,auto,free,True,True,2.195249370372717,0.0,0.4,0.56,False,
0.000_0.400_0.560,R,upper,4,auto,free,True,True,2.2970190973042115,0.0,0.4,0.56,False,
0.000_0.400_0.560,R,upper,5,auto,free,True,True,2.2146561125115904,0.0,0.4,0.56,False,
0.000_0.400_0.560,R,upper,6,auto,free,True,True,2.6926874226661504,0.0,0.4,0.56,False,
0.000_0.400_0.560,R,upper,7,auto,free,True,True,2.373862450769794,0.0,0.4,0.56,False,
0.000_0.400_0.560,R,upper,8,auto,free,True,True,3.432204706355811,0.0,0.4,0.56,False,
0.000_0.400_0.560,R,upper,9,auto,free,True,True,2.3259619554628075,0.0,0.4,0.56,False,
0.000_0.400_0.560,R,upper,10,auto,free,True,True,3.007835412450196,0.0,0.4,0.56,False,
0.000_0.400_0.560,R,upper,11,auto,free,True,True,3.3331963308835197,0.0,0.4,0.56,False,
0.000_0.400_0.560,R,upper,12,auto,free,True,True,2.745878643773312,0.0,0.4,0.56,False,
0.000_0.400_0.560,R,upper,13,auto,free,True,True,3.255731757650338,0.0,0.4,0.56,False,
0.000_0.400_0.560,R,upper,14,auto,free,True,True,2.588460593394487,0.0,0.4,0.56,False,
0.000_0.400_0.560,R,upper,15,auto,free,True,True,2.514291032141834,0.0,0.4,0.56,False,
0.000_0.400_0.560,R,upper,16,auto,free,True,True,2.43635826255465,0.0,0.4,0.56,False,
0.000_0.400_0.560,R,upper,17,auto,free,True,True,2.394075294825165,0.0,0.4,0.56,False,
0.000_0.400_0.560,R,upper,18,auto,free,True,True,2.446163118829763,0.0,0.4,0.56,False,
0.000_0.400_0.560,R,upper,19,auto,free,True,True,2.3780745461966006,0.0,0.4,0.56,False,
0.000_0.400_0.560,R,upper,20,auto,free,True,True,2.567203778121015,0.0,0.4,0.56,False,
0.000_0.450_0.560,L,upper,0,auto,free,True,True,0.4745437704733346,0.0,0.45,0.56,True,figures/0p000_0p450_0p560_L_ik0_free_BEST.png
0.000_0.450_0.560,L,upper,1,auto,free,True,True,1.5160390009300486,0.0,0.45,0.56,False,
0.000_0.450_0.560,L,upper,2,auto,free,True,True,1.0690261840536583,0.0,0.45,0.56,False,
0.000_0.450_0.560,L,upper,3,auto,free,True,True,0.7229663916960885,0.0,0.45,0.56,False,
0.000_0.450_0.560,L,upper,4,auto,free,True,True,1.1770298607796263,0.0,0.45,0.56,False,
0.000_0.450_0.560,L,upper,5,auto,free,True,True,1.5064980977329894,0.0,0.45,0.56,False,
0.000_0.450_0.560,L,upper,6,auto,free,True,True,1.0706062499182016,0.0,0.45,0.56,False,
0.000_0.450_0.560,L,upper,7,auto,free,True,True,1.8726682614825412,0.0,0.45,0.56,False,
0.000_0.450_0.560,L,upper,8,auto,free,True,True,1.654242722514875,0.0,0.45,0.56,False,
0.000_0.450_0.560,L,upper,9,auto,free,True,True,1.4634930220360158,0.0,0.45,0.56,False,
0.000_0.450_0.560,L,upper,10,auto,free,True,True,2.463055512125541,0.0,0.45,0.56,False,
0.000_0.450_0.560,L,upper,11,auto,free,True,True,1.5575063651741536,0.0,0.45,0.56,False,
0.000_0.450_0.560,L,upper,12,auto,free,True,True,1.897464505017721,0.0,0.45,0.56,False,
0.000_0.450_0.560,L,upper,13,auto,free,True,True,1.6287373620835706,0.0,0.45,0.56,False,
0.000_0.450_0.560,L,upper,14,auto,free,True,True,2.320686863264166,0.0,0.45,0.56,False,
0.000_0.450_0.560,L,upper,15,auto,free,True,True,2.2856325134978217,0.0,0.45,0.56,False,
0.000_0.450_0.560,L,upper,16,auto,free,True,True,2.251811414737381,0.0,0.45,0.56,False,
0.000_0.450_0.560,L,upper,17,auto,free,True,True,2.4943023373757756,0.0,0.45,0.56,False,
0.000_0.450_0.560,R,upper,0,auto,free,True,True,2.6805829103055387,0.0,0.45,0.56,False,
0.000_0.450_0.560,R,upper,1,auto,free,True,True,2.513909832323729,0.0,0.45,0.56,False,
0.000_0.450_0.560,R,upper,2,auto,free,True,True,2.4574121875179555,0.0,0.45,0.56,False,
0.000_0.450_0.560,R,upper,3,auto,free,True,True,2.9907896033914385,0.0,0.45,0.56,False,
0.000_0.450_0.560,R,upper,4,auto,free,True,True,2.5496211153123585,0.0,0.45,0.56,False,
0.000_0.450_0.560,R,upper,5,auto,free,True,True,2.87108727246333,0.0,0.45,0.56,False,
0.000_0.450_0.560,R,upper,6,auto,free,True,True,3.134215083746203,0.0,0.45,0.56,False,
0.000_0.450_0.560,R,upper,7,auto,free,True,True,3.463093648176427,0.0,0.45,0.56,False,
0.000_0.450_0.560,R,upper,8,auto,free,True,True,3.609832697853023,0.0,0.45,0.56,False,
0.000_0.450_0.560,R,upper,9,auto,free,True,True,2.464095392470385,0.0,0.45,0.56,False,
0.000_0.450_0.560,R,upper,10,auto,free,True,True,2.56107204244109,0.0,0.45,0.56,False,
0.000_0.450_0.560,R,upper,11,auto,free,True,True,2.903160968161167,0.0,0.45,0.56,False,
0.000_0.450_0.560,R,upper,12,auto,free,True,True,2.5440829912242613,0.0,0.45,0.56,False,
0.000_0.450_0.560,R,upper,13,auto,free,True,True,2.4431346851148823,0.0,0.45,0.56,False,
0.000_0.450_0.560,R,upper,14,auto,free,True,True,2.1867346227074744,0.0,0.45,0.56,True,figures/0p000_0p450_0p560_R_ik14_free_BEST.png
0.000_0.500_0.560,L,upper,0,auto,free,True,True,0.8293618627051567,0.0,0.5,0.56,False,
0.000_0.500_0.560,L,upper,1,auto,free,True,True,0.7038137821407471,0.0,0.5,0.56,True,figures/0p000_0p500_0p560_L_ik1_free_BEST.png
0.000_0.500_0.560,L,upper,2,auto,free,True,True,1.58430107918322,0.0,0.5,0.56,False,
0.000_0.500_0.560,L,upper,3,auto,free,True,True,0.881692422171338,0.0,0.5,0.56,False,
0.000_0.500_0.560,L,upper,4,auto,free,True,True,1.1482275300754037,0.0,0.5,0.56,False,
0.000_0.500_0.560,L,upper,5,auto,free,True,True,1.559741246354644,0.0,0.5,0.56,False,
0.000_0.500_0.560,L,upper,6,auto,free,True,True,1.6583497807467762,0.0,0.5,0.56,False,
0.000_0.500_0.560,L,upper,7,auto,free,True,True,1.452922117509439,0.0,0.5,0.56,False,
0.000_0.500_0.560,L,upper,8,auto,free,True,True,1.359075720671206,0.0,0.5,0.56,False,
0.000_0.500_0.560,L,upper,9,auto,free,True,True,1.6990942799288602,0.0,0.5,0.56,False,
0.000_0.500_0.560,L,upper,10,auto,free,True,True,1.8767776309426218,0.0,0.5,0.56,False,
0.000_0.500_0.560,L,upper,11,auto,free,True,True,2.122216211667597,0.0,0.5,0.56,False,
0.000_0.500_0.560,L,upper,12,auto,free,True,True,1.6738741736735139,0.0,0.5,0.56,False,
0.000_0.500_0.560,R,upper,0,auto,free,True,True,3.118839000768382,0.0,0.5,0.56,False,
0.000_0.500_0.560,R,upper,1,auto,free,True,True,3.4759665045418204,0.0,0.5,0.56,False,
0.000_0.500_0.560,R,upper,2,auto,free,True,True,3.0424026382945693,0.0,0.5,0.56,False,
0.000_0.500_0.560,R,upper,3,auto,free,True,True,2.618223879774991,0.0,0.5,0.56,True,figures/0p000_0p500_0p560_R_ik3_free_BEST.png
0.000_0.500_0.560,R,upper,4,auto,free,True,True,3.462450119859122,0.0,0.5,0.56,False,
0.000_0.500_0.560,R,upper,5,auto,free,True,True,3.105497116406349,0.0,0.5,0.56,False,
0.000_0.550_0.560,L,upper,0,auto,free,False,True,1.1041583355805613,0.0,0.55,0.56,False,
0.000_0.550_0.560,L,upper,1,auto,free,False,True,1.0930774401358492,0.0,0.55,0.56,True,figures/0p000_0p550_0p560_L_ik1_free_BEST.png
0.000_0.550_0.560,L,upper,2,auto,free,False,True,1.1873055373100543,0.0,0.55,0.56,False,
0.000_0.550_0.560,L,upper,3,auto,free,False,True,1.4502193838913071,0.0,0.55,0.56,False,
0.000_0.550_0.560,L,upper,4,auto,free,False,True,1.3276164481410901,0.0,0.55,0.56,False,
0.000_0.550_0.560,L,upper,5,auto,free,False,True,1.6550640151899776,0.0,0.55,0.56,False,
0.000_0.600_0.560,L,upper,0,auto,free,False,True,1.7820613863136865,0.0,0.6,0.56,True,figures/0p000_0p600_0p560_L_ik0_free_BEST.png
0.050_-0.300_0.560,L,lower,0,auto,free,True,True,2.3092121681334934,0.05,-0.3,0.56,False,
0.050_-0.300_0.560,L,lower,1,auto,free,True,True,2.4981030186703315,0.05,-0.3,0.56,False,
0.050_-0.300_0.560,L,lower,2,auto,free,True,True,2.8113416523468397,0.05,-0.3,0.56,False,
0.050_-0.300_0.560,L,lower,3,auto,free,True,True,2.487182145621626,0.05,-0.3,0.56,False,
0.050_-0.300_0.560,L,lower,4,auto,free,True,True,2.021918757409274,0.05,-0.3,0.56,False,
0.050_-0.300_0.560,L,lower,5,auto,free,True,True,2.2465893839139937,0.05,-0.3,0.56,False,
0.050_-0.300_0.560,L,lower,6,auto,free,True,True,2.7971489354302905,0.05,-0.3,0.56,False,
0.050_-0.300_0.560,L,lower,7,auto,free,True,True,2.32607782738175,0.05,-0.3,0.56,False,
0.050_-0.300_0.560,L,lower,8,auto,free,True,True,2.5047812580949618,0.05,-0.3,0.56,False,
0.050_-0.300_0.560,L,lower,9,auto,free,True,True,2.184086951507298,0.05,-0.3,0.56,False,
0.050_-0.300_0.560,L,lower,10,auto,free,True,True,1.9985992382826632,0.05,-0.3,0.56,False,
0.050_-0.300_0.560,L,lower,11,auto,free,True,True,3.301757614409633,0.05,-0.3,0.56,False,
0.050_-0.300_0.560,L,lower,12,auto,free,True,True,2.2294127697515544,0.05,-0.3,0.56,False,
0.050_-0.300_0.560,L,lower,13,auto,free,True,True,3.460806148316631,0.05,-0.3,0.56,False,
0.050_-0.300_0.560,L,lower,14,auto,free,True,True,2.1543961821246453,0.05,-0.3,0.56,False,
0.050_-0.300_0.560,L,lower,15,auto,free,True,True,3.114193492538636,0.05,-0.3,0.56,False,
0.050_-0.300_0.560,L,lower,16,auto,free,True,True,2.705500566888374,0.05,-0.3,0.56,False,
0.050_-0.300_0.560,L,lower,17,auto,free,True,True,3.1810434584383103,0.05,-0.3,0.56,False,
0.050_-0.300_0.560,L,lower,18,auto,free,True,True,2.7286336737977974,0.05,-0.3,0.56,False,
0.050_-0.300_0.560,L,lower,19,auto,free,True,True,3.3409561324761885,0.05,-0.3,0.56,False,
0.050_-0.300_0.560,L,lower,20,auto,free,True,True,2.877805364924108,0.05,-0.3,0.56,False,
0.050_-0.300_0.560,L,lower,21,auto,free,True,True,1.9634309229924747,0.05,-0.3,0.56,True,figures/0p050_-0p300_0p560_L_ik21_free_BEST.png
0.050_-0.300_0.560,L,lower,22,auto,free,True,True,2.4625297696992394,0.05,-0.3,0.56,False,
0.050_-0.300_0.560,L,lower,23,auto,free,True,True,2.3719487552167817,0.05,-0.3,0.56,False,
0.050_-0.300_0.560,R,lower,0,auto,free,True,True,1.0,0.05,-0.3,0.56,False,
0.050_-0.300_0.560,R,lower,1,auto,free,True,True,1.0,0.05,-0.3,0.56,False,
0.050_-0.300_0.560,R,lower,2,auto,free,True,True,1.0,0.05,-0.3,0.56,False,
0.050_-0.300_0.560,R,lower,3,auto,free,True,True,1.2357221429300995,0.05,-0.3,0.56,False,
0.050_-0.300_0.560,R,lower,4,auto,free,True,True,1.2602830242560352,0.05,-0.3,0.56,False,
0.050_-0.300_0.560,R,lower,5,auto,free,True,True,2.048989159049587,0.05,-0.3,0.56,False,
0.050_-0.300_0.560,R,lower,6,auto,free,True,True,0.2138635846690447,0.05,-0.3,0.56,False,
0.050_-0.300_0.560,R,lower,7,auto,free,True,True,1.4501129972499336,0.05,-0.3,0.56,False,
0.050_-0.300_0.560,R,lower,8,auto,free,True,True,2.4411067804989153,0.05,-0.3,0.56,False,
0.050_-0.300_0.560,R,lower,9,auto,free,True,True,0.13976444565041987,0.05,-0.3,0.56,True,figures/0p050_-0p300_0p560_R_ik9_free_BEST.png
0.050_-0.300_0.560,R,lower,10,auto,free,True,True,1.0231695544771082,0.05,-0.3,0.56,False,
0.050_-0.300_0.560,R,lower,11,auto,free,True,True,0.9147403325828823,0.05,-0.3,0.56,False,
0.050_-0.300_0.560,R,lower,12,auto,free,True,True,0.341987044370331,0.05,-0.3,0.56,False,
0.050_-0.300_0.560,R,lower,13,auto,free,True,True,1.9634104177338867,0.05,-0.3,0.56,False,
0.050_-0.300_0.560,R,lower,14,auto,free,True,True,0.7634274798677545,0.05,-0.3,0.56,False,
0.050_-0.300_0.560,R,lower,15,auto,free,True,True,0.626802541740854,0.05,-0.3,0.56,False,
0.050_-0.300_0.560,R,lower,16,auto,free,True,True,1.9793600324164438,0.05,-0.3,0.56,False,
0.050_-0.300_0.560,R,lower,17,auto,free,True,True,2.5746181789276843,0.05,-0.3,0.56,False,
0.050_-0.300_0.560,R,lower,18,auto,free,True,True,2.664781097579812,0.05,-0.3,0.56,False,
0.050_-0.300_0.560,R,lower,19,auto,free,True,True,2.3034644481690165,0.05,-0.3,0.56,False,
0.050_-0.300_0.560,R,lower,20,auto,free,True,True,2.153625568557527,0.05,-0.3,0.56,False,
0.050_-0.300_0.560,R,lower,21,auto,free,True,True,3.126039117760695,0.05,-0.3,0.56,False,
0.050_-0.300_0.560,R,lower,22,auto,free,True,True,2.6388740618293816,0.05,-0.3,0.56,False,
0.050_-0.300_0.560,R,lower,23,auto,free,True,True,2.796120861662832,0.05,-0.3,0.56,False,
0.050_-0.300_0.560,R,lower,24,auto,free,True,True,2.2997148490388413,0.05,-0.3,0.56,False,
0.050_-0.300_0.560,R,lower,25,auto,free,True,True,2.983351858852944,0.05,-0.3,0.56,False,
0.050_-0.300_0.560,R,lower,26,auto,free,True,True,2.997165306027658,0.05,-0.3,0.56,False,
0.050_-0.300_0.560,R,lower,27,auto,free,True,True,2.227434443182625,0.05,-0.3,0.56,False,
0.050_-0.300_0.560,R,lower,28,auto,free,True,True,3.0,0.05,-0.3,0.56,False,
0.050_-0.300_0.560,R,lower,29,auto,free,True,True,2.091766467462727,0.05,-0.3,0.56,False,
0.050_-0.300_0.560,R,lower,30,auto,free,True,True,2.6486671438131917,0.05,-0.3,0.56,False,
0.050_-0.300_0.560,R,lower,31,auto,free,True,True,3.0,0.05,-0.3,0.56,False,
0.050_-0.300_0.560,R,lower,32,auto,free,True,True,2.594936474257954,0.05,-0.3,0.56,False,
0.050_-0.300_0.560,R,lower,33,auto,free,True,True,3.0,0.05,-0.3,0.56,False,
0.050_-0.300_0.560,R,lower,34,auto,free,True,True,3.0,0.05,-0.3,0.56,False,
0.050_-0.300_0.560,R,lower,35,auto,free,True,True,3.0,0.05,-0.3,0.56,False,
0.050_-0.300_0.560,R,lower,36,auto,free,True,True,1.0,0.05,-0.3,0.56,False,
0.050_-0.300_0.560,R,lower,37,auto,free,True,True,1.0,0.05,-0.3,0.56,False,
0.050_-0.300_0.560,R,lower,38,auto,free,True,True,1.0,0.05,-0.3,0.56,False,
0.050_-0.350_0.560,L,lower,0,auto,free,True,True,2.5832460128896457,0.05,-0.35,0.56,False,
0.050_-0.350_0.560,L,lower,1,auto,free,True,True,2.073007837774793,0.05,-0.35,0.56,False,
0.050_-0.350_0.560,L,lower,2,auto,free,True,True,2.386989556672122,0.05,-0.35,0.56,False,
0.050_-0.350_0.560,L,lower,3,auto,free,True,True,1.9052780966549674,0.05,-0.35,0.56,True,figures/0p050_-0p350_0p560_L_ik3_free_BEST.png
0.050_-0.350_0.560,L,lower,4,auto,free,True,True,3.3929458075704426,0.05,-0.35,0.56,False,
0.050_-0.350_0.560,L,lower,5,auto,free,True,True,2.4801349251026528,0.05,-0.35,0.56,False,
0.050_-0.350_0.560,L,lower,6,auto,free,True,True,2.6337904481321885,0.05,-0.35,0.56,False,
0.050_-0.350_0.560,L,lower,7,auto,free,True,True,2.319631416294057,0.05,-0.35,0.56,False,
0.050_-0.350_0.560,L,lower,8,auto,free,True,True,2.2551018113149097,0.05,-0.35,0.56,False,
0.050_-0.350_0.560,L,lower,9,auto,free,True,True,2.8239964492138663,0.05,-0.35,0.56,False,
0.050_-0.350_0.560,L,lower,10,auto,free,True,True,2.2393956372984296,0.05,-0.35,0.56,False,
0.050_-0.350_0.560,L,lower,11,auto,free,True,True,2.4617345269505475,0.05,-0.35,0.56,False,
0.050_-0.350_0.560,L,lower,12,auto,free,True,True,2.660371907737863,0.05,-0.35,0.56,False,
0.050_-0.350_0.560,L,lower,13,auto,free,True,True,2.795405783168655,0.05,-0.35,0.56,False,
0.050_-0.350_0.560,L,lower,14,auto,free,True,True,3.131661012235755,0.05,-0.35,0.56,False,
0.050_-0.350_0.560,L,lower,15,auto,free,True,True,2.806846839098688,0.05,-0.35,0.56,False,
0.050_-0.350_0.560,L,lower,16,auto,free,True,True,3.079511402973937,0.05,-0.35,0.56,False,
0.050_-0.350_0.560,L,lower,17,auto,free,True,True,2.942005532880052,0.05,-0.35,0.56,False,
0.050_-0.350_0.560,L,lower,18,auto,free,True,True,2.7808112481228213,0.05,-0.35,0.56,False,
0.050_-0.350_0.560,L,lower,19,auto,free,True,True,2.500956763464292,0.05,-0.35,0.56,False,
0.050_-0.350_0.560,L,lower,20,auto,free,True,True,1.939528935166019,0.05,-0.35,0.56,False,
0.050_-0.350_0.560,R,lower,0,auto,free,True,True,1.2045480426621764,0.05,-0.35,0.56,False,
0.050_-0.350_0.560,R,lower,1,auto,free,True,True,0.831330958662265,0.05,-0.35,0.56,False,
0.050_-0.350_0.560,R,lower,2,auto,free,True,True,1.2548902118080223,0.05,-0.35,0.56,False,
0.050_-0.350_0.560,R,lower,3,auto,free,True,True,1.8871207466565758,0.05,-0.35,0.56,False,
0.050_-0.350_0.560,R,lower,4,auto,free,True,True,2.0210229138831233,0.05,-0.35,0.56,False,
0.050_-0.350_0.560,R,lower,5,auto,free,True,True,1.4216025410470974,0.05,-0.35,0.56,False,
0.050_-0.350_0.560,R,lower,6,auto,free,True,True,0.18930920947130656,0.05,-0.35,0.56,True,figures/0p050_-0p350_0p560_R_ik6_free_BEST.png
0.050_-0.350_0.560,R,lower,7,auto,free,True,True,1.2536897108085732,0.05,-0.35,0.56,False,
0.050_-0.350_0.560,R,lower,8,auto,free,True,True,0.837757558220426,0.05,-0.35,0.56,False,
0.050_-0.350_0.560,R,lower,9,auto,free,True,True,0.3392203967669749,0.05,-0.35,0.56,False,
0.050_-0.350_0.560,R,lower,10,auto,free,True,True,2.2003513612604553,0.05,-0.35,0.56,False,
0.050_-0.350_0.560,R,lower,11,auto,free,True,True,1.0263241631540048,0.05,-0.35,0.56,False,
0.050_-0.350_0.560,R,lower,12,auto,free,True,True,0.6237392194081401,0.05,-0.35,0.56,False,
0.050_-0.350_0.560,R,lower,13,auto,free,True,True,2.5999999046325684,0.05,-0.35,0.56,False,
0.050_-0.350_0.560,R,lower,14,auto,free,True,True,2.3837778135561978,0.05,-0.35,0.56,False,
0.050_-0.350_0.560,R,lower,15,auto,free,True,True,0.9640384107464688,0.05,-0.35,0.56,False,
0.050_-0.350_0.560,R,lower,16,auto,free,True,True,2.2958412041133345,0.05,-0.35,0.56,False,
0.050_-0.350_0.560,R,lower,17,auto,free,True,True,1.2351865904162649,0.05,-0.35,0.56,False,
0.050_-0.350_0.560,R,lower,18,auto,free,True,True,1.3579444173365962,0.05,-0.35,0.56,False,
0.050_-0.350_0.560,R,lower,19,auto,free,True,True,2.634232964073924,0.05,-0.35,0.56,False,
0.050_-0.350_0.560,R,lower,20,auto,free,True,True,1.4021455746022002,0.05,-0.35,0.56,False,
0.050_-0.350_0.560,R,lower,21,auto,free,True,True,1.7783357123567405,0.05,-0.35,0.56,False,
0.050_-0.350_0.560,R,lower,22,auto,free,True,True,3.0,0.05,-0.35,0.56,False,
0.050_-0.350_0.560,R,lower,23,auto,free,True,True,2.990355404678785,0.05,-0.35,0.56,False,
0.050_-0.350_0.560,R,lower,24,auto,free,True,True,2.2128510239247525,0.05,-0.35,0.56,False,
0.050_-0.350_0.560,R,lower,25,auto,free,True,True,3.0,0.05,-0.35,0.56,False,
0.050_-0.350_0.560,R,lower,26,auto,free,True,True,2.0943757544045436,0.05,-0.35,0.56,False,
0.050_-0.350_0.560,R,lower,27,auto,free,True,True,2.6449191402464294,0.05,-0.35,0.56,False,
0.050_-0.350_0.560,R,lower,28,auto,free,True,True,3.0,0.05,-0.35,0.56,False,
0.050_-0.350_0.560,R,lower,29,auto,free,True,True,2.603403690661213,0.05,-0.35,0.56,False,
0.050_-0.400_0.560,L,lower,0,auto,free,True,True,2.462993599351883,0.05,-0.4,0.56,False,
0.050_-0.400_0.560,L,lower,1,auto,free,True,True,2.171335354956536,0.05,-0.4,0.56,False,
0.050_-0.400_0.560,L,lower,2,auto,free,True,True,2.5082756175055008,0.05,-0.4,0.56,False,
0.050_-0.400_0.560,L,lower,3,auto,free,True,True,2.756935863194573,0.05,-0.4,0.56,False,
0.050_-0.400_0.560,L,lower,4,auto,free,True,True,3.269581461250967,0.05,-0.4,0.56,False,
0.050_-0.400_0.560,L,lower,5,auto,free,True,True,3.154935903663227,0.05,-0.4,0.56,False,
0.050_-0.400_0.560,L,lower,6,auto,free,True,True,1.9958960666769157,0.05,-0.4,0.56,True,figures/0p050_-0p400_0p560_L_ik6_free_BEST.png
0.050_-0.400_0.560,L,lower,7,auto,free,True,True,3.3327060062238143,0.05,-0.4,0.56,False,
0.050_-0.400_0.560,L,lower,8,auto,free,True,True,2.2337552577694395,0.05,-0.4,0.56,False,
0.050_-0.400_0.560,L,lower,9,auto,free,True,True,2.264525182781556,0.05,-0.4,0.56,False,
0.050_-0.400_0.560,L,lower,10,auto,free,True,True,3.269212357154667,0.05,-0.4,0.56,False,
0.050_-0.400_0.560,L,lower,11,auto,free,True,True,3.1403041356424857,0.05,-0.4,0.56,False,
0.050_-0.400_0.560,L,lower,12,auto,free,True,True,3.0294295860641434,0.05,-0.4,0.56,False,
0.050_-0.400_0.560,L,lower,13,auto,free,True,True,2.537756137221417,0.05,-0.4,0.56,False,
0.050_-0.400_0.560,L,lower,14,auto,free,True,True,2.834365310782637,0.05,-0.4,0.56,False,
0.050_-0.400_0.560,L,lower,15,auto,free,True,True,2.552413732908204,0.05,-0.4,0.56,False,
0.050_-0.400_0.560,L,lower,16,auto,free,True,True,2.170878762767514,0.05,-0.4,0.56,False,
0.050_-0.400_0.560,L,lower,17,auto,free,True,True,2.4409758206969725,0.05,-0.4,0.56,False,
0.050_-0.400_0.560,R,lower,0,auto,free,True,True,0.7770027624438032,0.05,-0.4,0.56,False,
0.050_-0.400_0.560,R,lower,1,auto,free,True,True,1.012290872300973,0.05,-0.4,0.56,False,
0.050_-0.400_0.560,R,lower,2,auto,free,True,True,0.731200226439177,0.05,-0.4,0.56,False,
0.050_-0.400_0.560,R,lower,3,auto,free,True,True,1.6593613155671354,0.05,-0.4,0.56,False,
0.050_-0.400_0.560,R,lower,4,auto,free,True,True,1.7462384154548691,0.05,-0.4,0.56,False,
0.050_-0.400_0.560,R,lower,5,auto,free,True,True,1.1370888850563978,0.05,-0.4,0.56,False,
0.050_-0.400_0.560,R,lower,6,auto,free,True,True,0.33645543737895656,0.05,-0.4,0.56,True,figures/0p050_-0p400_0p560_R_ik6_free_BEST.png
0.050_-0.400_0.560,R,lower,7,auto,free,True,True,0.6679590990856483,0.05,-0.4,0.56,False,
0.050_-0.400_0.560,R,lower,8,auto,free,True,True,2.4989999999525025,0.05,-0.4,0.56,False,
0.050_-0.400_0.560,R,lower,9,auto,free,True,True,0.6210662804186122,0.05,-0.4,0.56,False,
0.050_-0.400_0.560,R,lower,10,auto,free,True,True,1.9096328813253913,0.05,-0.4,0.56,False,
0.050_-0.400_0.560,R,lower,11,auto,free,True,True,1.632640286688116,0.05,-0.4,0.56,False,
0.050_-0.400_0.560,R,lower,12,auto,free,True,True,0.9631247359183832,0.05,-0.4,0.56,False,
0.050_-0.400_0.560,R,lower,13,auto,free,True,True,2.1471617561596794,0.05,-0.4,0.56,False,
0.050_-0.400_0.560,R,lower,14,auto,free,True,True,1.1340578999054856,0.05,-0.4,0.56,False,
0.050_-0.400_0.560,R,lower,15,auto,free,True,True,1.3530046887621845,0.05,-0.4,0.56,False,
0.050_-0.400_0.560,R,lower,16,auto,free,True,True,2.529139445038029,0.05,-0.4,0.56,False,
0.050_-0.400_0.560,R,lower,17,auto,free,True,True,1.7066496704265997,0.05,-0.4,0.56,False,
0.050_-0.400_0.560,R,lower,18,auto,free,True,True,1.7781538029393322,0.05,-0.4,0.56,False,
0.050_-0.400_0.560,R,lower,19,auto,free,True,True,2.2097515242383556,0.05,-0.4,0.56,False,
0.050_-0.400_0.560,R,lower,20,auto,free,True,True,1.694166565740149,0.05,-0.4,0.56,False,
0.050_-0.400_0.560,R,lower,21,auto,free,True,True,2.208809690223452,0.05,-0.4,0.56,False,
0.050_-0.400_0.560,R,lower,22,auto,free,True,True,3.0,0.05,-0.4,0.56,False,
0.050_-0.400_0.560,R,lower,23,auto,free,True,True,2.088705744006402,0.05,-0.4,0.56,False,
0.050_-0.400_0.560,R,lower,24,auto,free,True,True,2.6412457028609895,0.05,-0.4,0.56,False,
0.050_-0.400_0.560,R,lower,25,auto,free,True,True,2.752334202702291,0.05,-0.4,0.56,False,
0.050_-0.400_0.560,R,lower,26,auto,free,True,True,2.590539466230362,0.05,-0.4,0.56,False,
0.050_-0.450_0.560,L,lower,0,auto,free,True,True,2.803230055580647,0.05,-0.45,0.56,False,
0.050_-0.450_0.560,L,lower,1,auto,free,True,True,2.5665526388436444,0.05,-0.45,0.56,False,
0.050_-0.450_0.560,L,lower,2,auto,free,True,True,2.4885923384949287,0.05,-0.45,0.56,False,
0.050_-0.450_0.560,L,lower,3,auto,free,True,True,2.436976893104851,0.05,-0.45,0.56,True,figures/0p050_-0p450_0p560_L_ik3_free_BEST.png
0.050_-0.450_0.560,L,lower,4,auto,free,True,True,3.3723735166778894,0.05,-0.45,0.56,False,
0.050_-0.450_0.560,L,lower,5,auto,free,True,True,3.1132932567706098,0.05,-0.45,0.56,False,
0.050_-0.450_0.560,L,lower,6,auto,free,True,True,2.770932586082778,0.05,-0.45,0.56,False,
0.050_-0.450_0.560,L,lower,7,auto,free,True,True,3.4477295100189975,0.05,-0.45,0.56,False,
0.050_-0.450_0.560,L,lower,8,auto,free,True,True,2.849645568142659,0.05,-0.45,0.56,False,
0.050_-0.450_0.560,R,lower,0,auto,free,True,True,0.5657728065225327,0.05,-0.45,0.56,False,
0.050_-0.450_0.560,R,lower,1,auto,free,True,True,0.8807527859296473,0.05,-0.45,0.56,False,
0.050_-0.450_0.560,R,lower,2,auto,free,True,True,0.7499217913297691,0.05,-0.45,0.56,False,
0.050_-0.450_0.560,R,lower,3,auto,free,True,True,0.4003559054436634,0.05,-0.45,0.56,True,figures/0p050_-0p450_0p560_R_ik3_free_BEST.png
0.050_-0.450_0.560,R,lower,4,auto,free,True,True,1.11683976502839,0.05,-0.45,0.56,False,
0.050_-0.450_0.560,R,lower,5,auto,free,True,True,1.234325929330125,0.05,-0.45,0.56,False,
0.050_-0.450_0.560,R,lower,6,auto,free,True,True,0.6183945707093015,0.05,-0.45,0.56,False,
0.050_-0.450_0.560,R,lower,7,auto,free,True,True,1.3505509651547307,0.05,-0.45,0.56,False,
0.050_-0.450_0.560,R,lower,8,auto,free,True,True,1.318902413340045,0.05,-0.45,0.56,False,
0.050_-0.450_0.560,R,lower,9,auto,free,True,True,0.9842789165144428,0.05,-0.45,0.56,False,
0.050_-0.450_0.560,R,lower,10,auto,free,True,True,1.394698102978834,0.05,-0.45,0.56,False,
0.050_-0.450_0.560,R,lower,11,auto,free,True,True,2.4989999999525025,0.05,-0.45,0.56,False,
0.050_-0.450_0.560,R,lower,12,auto,free,True,True,1.348191742911726,0.05,-0.45,0.56,False,
0.050_-0.450_0.560,R,lower,13,auto,free,True,True,2.3657348484384473,0.05,-0.45,0.56,False,
0.050_-0.450_0.560,R,lower,14,auto,free,True,True,2.1523081416224583,0.05,-0.45,0.56,False,
0.050_-0.450_0.560,R,lower,15,auto,free,True,True,1.7694345157798401,0.05,-0.45,0.56,False,
0.050_-0.450_0.560,R,lower,16,auto,free,True,True,2.421682702413758,0.05,-0.45,0.56,False,
0.050_-0.450_0.560,R,lower,17,auto,free,True,True,1.62623812480465,0.05,-0.45,0.56,False,
0.050_-0.450_0.560,R,lower,18,auto,free,True,True,2.204828947969469,0.05,-0.45,0.56,False,
0.050_-0.450_0.560,R,lower,19,auto,free,True,True,1.9673165100024737,0.05,-0.45,0.56,False,
0.050_-0.450_0.560,R,lower,20,auto,free,True,True,2.098877747624023,0.05,-0.45,0.56,False,
0.050_-0.450_0.560,R,lower,21,auto,free,True,True,2.748161314297911,0.05,-0.45,0.56,False,
0.050_-0.450_0.560,R,lower,22,auto,free,True,True,2.7400904289119934,0.05,-0.45,0.56,False,
0.050_-0.450_0.560,R,lower,23,auto,free,True,True,2.872560481121472,0.05,-0.45,0.56,False,
0.050_-0.500_0.560,R,lower,0,auto,free,True,True,1.085258482187447,0.05,-0.5,0.56,False,
0.050_-0.500_0.560,R,lower,1,auto,free,True,True,1.038340672501191,0.05,-0.5,0.56,False,
0.050_-0.500_0.560,R,lower,2,auto,free,True,True,0.6060295874805313,0.05,-0.5,0.56,True,figures/0p050_-0p500_0p560_R_ik2_free_BEST.png
0.050_-0.500_0.560,R,lower,3,auto,free,True,True,0.6157240867594922,0.05,-0.5,0.56,False,
0.050_-0.500_0.560,R,lower,4,auto,free,True,True,1.2326522240892634,0.05,-0.5,0.56,False,
0.050_-0.500_0.560,R,lower,5,auto,free,True,True,0.6620113521131468,0.05,-0.5,0.56,False,
0.050_-0.500_0.560,R,lower,6,auto,free,True,True,0.9797354542985794,0.05,-0.5,0.56,False,
0.050_-0.500_0.560,R,lower,7,auto,free,True,True,1.5439547187508404,0.05,-0.5,0.56,False,
0.050_-0.500_0.560,R,lower,8,auto,free,True,True,1.526567729414524,0.05,-0.5,0.56,False,
0.050_-0.500_0.560,R,lower,9,auto,free,True,True,1.3452819290149869,0.05,-0.5,0.56,False,
0.050_-0.500_0.560,R,lower,10,auto,free,True,True,2.2552231459319505,0.05,-0.5,0.56,False,
0.050_-0.500_0.560,R,lower,11,auto,free,True,True,1.4077573167160382,0.05,-0.5,0.56,False,
0.050_-0.500_0.560,R,lower,12,auto,free,True,True,1.7744521197148444,0.05,-0.5,0.56,False,
0.050_-0.500_0.560,R,lower,13,auto,free,True,True,2.3049851620811537,0.05,-0.5,0.56,False,
0.050_-0.500_0.560,R,lower,14,auto,free,True,True,1.7332300191981314,0.05,-0.5,0.56,False,
0.050_-0.500_0.560,R,lower,15,auto,free,True,True,2.2425500567939496,0.05,-0.5,0.56,False,
0.050_-0.500_0.560,R,lower,16,auto,free,True,True,2.2900596153973423,0.05,-0.5,0.56,False,
0.050_-0.500_0.560,R,lower,17,auto,free,True,True,2.2038564941031247,0.05,-0.5,0.56,False,
0.050_-0.550_0.560,R,lower,0,auto,safe,False,True,2.441879837436782,0.05,-0.55,0.56,False,
0.050_-0.550_0.560,R,lower,1,auto,safe,False,True,2.0579161067635483,0.05,-0.55,0.56,True,figures/0p050_-0p550_0p560_R_ik1_safe_BEST.png
0.050_-0.600_0.560,R,lower,0,auto,free,False,True,1.0965189405749365,0.05,-0.6,0.56,False,
0.050_-0.600_0.560,R,lower,1,auto,free,False,True,1.015466284809417,0.05,-0.6,0.56,True,figures/0p050_-0p600_0p560_R_ik1_free_BEST.png
0.050_-0.600_0.560,R,lower,2,auto,free,False,True,1.0379886316975848,0.05,-0.6,0.56,False,
0.050_0.300_0.560,L,upper,0,auto,free,True,True,0.7902890398009514,0.05,0.3,0.56,False,
0.050_0.300_0.560,L,upper,1,auto,free,True,True,0.708659773821517,0.05,0.3,0.56,False,
0.050_0.300_0.560,L,upper,2,auto,free,True,True,1.6634830615430969,0.05,0.3,0.56,False,
0.050_0.300_0.560,L,upper,3,auto,free,True,True,0.37673755221699556,0.05,0.3,0.56,True,figures/0p050_0p300_0p560_L_ik3_free_BEST.png
0.050_0.300_0.560,L,upper,4,auto,free,True,True,1.3589680493713503,0.05,0.3,0.56,False,
0.050_0.300_0.560,L,upper,5,auto,free,True,True,1.6329635147324946,0.05,0.3,0.56,False,
0.050_0.300_0.560,L,upper,6,auto,free,True,True,0.5740744727678813,0.05,0.3,0.56,False,
0.050_0.300_0.560,L,upper,7,auto,free,True,True,1.2593051243912083,0.05,0.3,0.56,False,
0.050_0.300_0.560,L,upper,8,auto,free,True,True,2.197855997678496,0.05,0.3,0.56,False,
0.050_0.300_0.560,L,upper,9,auto,free,True,True,0.8464895781129829,0.05,0.3,0.56,False,
0.050_0.300_0.560,L,upper,10,auto,free,True,True,1.19295741554475,0.05,0.3,0.56,False,
0.050_0.300_0.560,L,upper,11,auto,free,True,True,1.681740538772476,0.05,0.3,0.56,False,
0.050_0.300_0.560,L,upper,12,auto,free,True,True,1.1904807435305043,0.05,0.3,0.56,False,
0.050_0.300_0.560,L,upper,13,auto,free,True,True,2.22163264621887,0.05,0.3,0.56,False,
0.050_0.300_0.560,L,upper,14,auto,free,True,True,2.5145462581577647,0.05,0.3,0.56,False,
0.050_0.300_0.560,L,upper,15,auto,free,True,True,1.6031987096739093,0.05,0.3,0.56,False,
0.050_0.300_0.560,L,upper,16,auto,free,True,True,2.7511960067806163,0.05,0.3,0.56,False,
0.050_0.300_0.560,L,upper,17,auto,free,True,True,1.6337219014504516,0.05,0.3,0.56,False,
0.050_0.300_0.560,L,upper,18,auto,free,True,True,2.0952517775489676,0.05,0.3,0.56,False,
0.050_0.300_0.560,L,upper,19,auto,free,True,True,2.8275216210811993,0.05,0.3,0.56,False,
0.050_0.300_0.560,L,upper,20,auto,free,True,True,1.781496460940577,0.05,0.3,0.56,False,
0.050_0.300_0.560,L,upper,21,auto,free,True,True,2.8984055502136554,0.05,0.3,0.56,False,
0.050_0.300_0.560,L,upper,22,auto,free,True,True,2.820969555089571,0.05,0.3,0.56,False,
0.050_0.300_0.560,L,upper,23,auto,free,True,True,2.7826043675050958,0.05,0.3,0.56,False,
0.050_0.300_0.560,R,upper,0,auto,free,True,True,2.988077579257096,0.05,0.3,0.56,False,
0.050_0.300_0.560,R,upper,1,auto,free,True,True,2.0422364998123683,0.05,0.3,0.56,False,
0.050_0.300_0.560,R,upper,2,auto,free,True,True,2.957722523268925,0.05,0.3,0.56,False,
0.050_0.300_0.560,R,upper,3,auto,free,True,True,1.4847943069165521,0.05,0.3,0.56,True,figures/0p050_0p300_0p560_R_ik3_free_BEST.png
0.050_0.300_0.560,R,upper,4,auto,free,True,True,2.530127935740282,0.05,0.3,0.56,False,
0.050_0.300_0.560,R,upper,5,auto,free,True,True,2.6087860505172102,0.05,0.3,0.56,False,
0.050_0.300_0.560,R,upper,6,auto,free,True,True,2.2532393180417416,0.05,0.3,0.56,False,
0.050_0.300_0.560,R,upper,7,auto,free,True,True,3.5280583351698622,0.05,0.3,0.56,False,
0.050_0.300_0.560,R,upper,8,auto,free,True,True,2.3709221973250973,0.05,0.3,0.56,False,
0.050_0.300_0.560,R,upper,9,auto,free,True,True,2.4073764598437286,0.05,0.3,0.56,False,
0.050_0.300_0.560,R,upper,10,auto,free,True,True,2.371357859028957,0.05,0.3,0.56,False,
0.050_0.300_0.560,R,upper,11,auto,free,True,True,2.1385299286371318,0.05,0.3,0.56,False,
0.050_0.300_0.560,R,upper,12,auto,free,True,True,2.271572451806472,0.05,0.3,0.56,False,
0.050_0.300_0.560,R,upper,13,auto,free,True,True,2.429514842581445,0.05,0.3,0.56,False,
0.050_0.300_0.560,R,upper,14,auto,free,True,True,3.14014295086623,0.05,0.3,0.56,False,
0.050_0.300_0.560,R,upper,15,auto,free,True,True,2.553173439769404,0.05,0.3,0.56,False,
0.050_0.300_0.560,R,upper,16,auto,free,True,True,3.312079852096697,0.05,0.3,0.56,False,
0.050_0.300_0.560,R,upper,17,auto,free,True,True,2.9715760046071793,0.05,0.3,0.56,False,
0.050_0.300_0.560,R,upper,18,auto,free,True,True,3.0,0.05,0.3,0.56,False,
0.050_0.300_0.560,R,upper,19,auto,free,True,True,2.7198270077644082,0.05,0.3,0.56,False,
0.050_0.300_0.560,R,upper,20,auto,free,True,True,3.0,0.05,0.3,0.56,False,
0.050_0.300_0.560,R,upper,21,auto,free,True,True,3.1406899310552125,0.05,0.3,0.56,False,
0.050_0.300_0.560,R,upper,22,auto,free,True,True,3.329146169323603,0.05,0.3,0.56,False,
0.050_0.300_0.560,R,upper,23,auto,free,True,True,3.0,0.05,0.3,0.56,False,
0.050_0.300_0.560,R,upper,24,auto,free,True,True,2.4862414595613354,0.05,0.3,0.56,False,
0.050_0.300_0.560,R,upper,25,auto,free,True,True,2.59060187724627,0.05,0.3,0.56,False,
0.050_0.300_0.560,R,upper,26,auto,free,True,True,1.956748896372502,0.05,0.3,0.56,False,
0.050_0.300_0.560,R,upper,27,auto,free,True,True,3.0395441913074563,0.05,0.3,0.56,False,
0.050_0.300_0.560,R,upper,28,auto,free,True,True,2.505794629135059,0.05,0.3,0.56,False,
0.050_0.300_0.560,R,upper,29,auto,free,True,True,2.8609465599037542,0.05,0.3,0.56,False,
0.050_0.300_0.560,R,upper,30,auto,free,True,True,2.4397860666267284,0.05,0.3,0.56,False,
0.050_0.300_0.560,R,upper,31,auto,free,True,True,1.8800168838569842,0.05,0.3,0.56,False,
0.050_0.300_0.560,R,upper,32,auto,free,True,True,2.950961237235363,0.05,0.3,0.56,False,
0.050_0.350_0.560,L,upper,0,auto,free,True,True,1.0040115221367958,0.05,0.35,0.56,False,
0.050_0.350_0.560,L,upper,1,auto,free,True,True,1.1715757573764463,0.05,0.35,0.56,False,
0.050_0.350_0.560,L,upper,2,auto,free,True,True,0.9125067710478294,0.05,0.35,0.56,False,
0.050_0.350_0.560,L,upper,3,auto,free,True,True,1.734580127772262,0.05,0.35,0.56,False,
0.050_0.350_0.560,L,upper,4,auto,free,True,True,0.6365406854300566,0.05,0.35,0.56,False,
0.050_0.350_0.560,L,upper,5,auto,free,True,True,1.6311978603992463,0.05,0.35,0.56,False,
0.050_0.350_0.560,L,upper,6,auto,free,True,True,0.5710529871761834,0.05,0.35,0.56,True,figures/0p050_0p350_0p560_L_ik6_free_BEST.png
0.050_0.350_0.560,L,upper,7,auto,free,True,True,1.4509751281505427,0.05,0.35,0.56,False,
0.050_0.350_0.560,L,upper,8,auto,free,True,True,2.1941401809685153,0.05,0.35,0.56,False,
0.050_0.350_0.560,L,upper,9,auto,free,True,True,0.8436524160489434,0.05,0.35,0.56,False,
0.050_0.350_0.560,L,upper,10,auto,free,True,True,1.3652923107529138,0.05,0.35,0.56,False,
0.050_0.350_0.560,L,upper,11,auto,free,True,True,1.3826417239523234,0.05,0.35,0.56,False,
0.050_0.350_0.560,L,upper,12,auto,free,True,True,1.186109691151819,0.05,0.35,0.56,False,
0.050_0.350_0.560,L,upper,13,auto,free,True,True,1.2356852009270356,0.05,0.35,0.56,False,
0.050_0.350_0.560,L,upper,14,auto,free,True,True,1.775115177330492,0.05,0.35,0.56,False,
0.050_0.350_0.560,L,upper,15,auto,free,True,True,1.5984928350860954,0.05,0.35,0.56,False,
0.050_0.350_0.560,L,upper,16,auto,free,True,True,2.39574870103538,0.05,0.35,0.56,False,
0.050_0.350_0.560,L,upper,17,auto,free,True,True,1.3111920490352185,0.05,0.35,0.56,False,
0.050_0.350_0.560,L,upper,18,auto,free,True,True,2.0913296944834374,0.05,0.35,0.56,False,
0.050_0.350_0.560,L,upper,19,auto,free,True,True,2.3362146516471363,0.05,0.35,0.56,False,
0.050_0.350_0.560,L,upper,20,auto,free,True,True,1.8419940639778616,0.05,0.35,0.56,False,
0.050_0.350_0.560,R,upper,0,auto,free,True,True,2.9730235022425635,0.05,0.35,0.56,False,
0.050_0.350_0.560,R,upper,1,auto,free,True,True,2.049661198112227,0.05,0.35,0.56,False,
0.050_0.350_0.560,R,upper,2,auto,free,True,True,2.8617427865156513,0.05,0.35,0.56,False,
0.050_0.350_0.560,R,upper,3,auto,free,True,True,2.908627285353064,0.05,0.35,0.56,False,
0.050_0.350_0.560,R,upper,4,auto,free,True,True,2.2768395667522685,0.05,0.35,0.56,False,
0.050_0.350_0.560,R,upper,5,auto,free,True,True,2.434609628896834,0.05,0.35,0.56,False,
0.050_0.350_0.560,R,upper,6,auto,free,True,True,2.388473759571073,0.05,0.35,0.56,False,
0.050_0.350_0.560,R,upper,7,auto,free,True,True,2.502664274282917,0.05,0.35,0.56,False,
0.050_0.350_0.560,R,upper,8,auto,free,True,True,2.370250511805264,0.05,0.35,0.56,False,
0.050_0.350_0.560,R,upper,9,auto,free,True,True,2.976932736412258,0.05,0.35,0.56,False,
0.050_0.350_0.560,R,upper,10,auto,free,True,True,2.9449349548986676,0.05,0.35,0.56,False,
0.050_0.350_0.560,R,upper,11,auto,free,True,True,2.929123799550461,0.05,0.35,0.56,False,
0.050_0.350_0.560,R,upper,12,auto,free,True,True,2.2045293054708432,0.05,0.35,0.56,False,
0.050_0.350_0.560,R,upper,13,auto,free,True,True,3.452158911438678,0.05,0.35,0.56,False,
0.050_0.350_0.560,R,upper,14,auto,free,True,True,3.236643404742453,0.05,0.35,0.56,False,
0.050_0.350_0.560,R,upper,15,auto,free,True,True,3.0529533531507504,0.05,0.35,0.56,False,
0.050_0.350_0.560,R,upper,16,auto,free,True,True,3.516839313919011,0.05,0.35,0.56,False,
0.050_0.350_0.560,R,upper,17,auto,free,True,True,3.80422852544206,0.05,0.35,0.56,False,
0.050_0.350_0.560,R,upper,18,auto,free,True,True,2.9784166591443624,0.05,0.35,0.56,False,
0.050_0.350_0.560,R,upper,19,auto,free,True,True,3.164228654245032,0.05,0.35,0.56,False,
0.050_0.350_0.560,R,upper,20,auto,free,True,True,3.1760612966194524,0.05,0.35,0.56,False,
0.050_0.350_0.560,R,upper,21,auto,free,True,True,2.4947522928530295,0.05,0.35,0.56,False,
0.050_0.350_0.560,R,upper,22,auto,free,True,True,2.4953654363954056,0.05,0.35,0.56,False,
0.050_0.350_0.560,R,upper,23,auto,free,True,True,2.4648394923600287,0.05,0.35,0.56,False,
0.050_0.350_0.560,R,upper,24,auto,free,True,True,1.9321569893418915,0.05,0.35,0.56,True,figures/0p050_0p350_0p560_R_ik24_free_BEST.png
0.050_0.350_0.560,R,upper,25,auto,free,True,True,2.400596424137942,0.05,0.35,0.56,False,
0.050_0.350_0.560,R,upper,26,auto,free,True,True,2.8595546226627544,0.05,0.35,0.56,False,
0.050_0.350_0.560,R,upper,27,auto,free,True,True,2.4198311863456663,0.05,0.35,0.56,False,
0.050_0.350_0.560,R,upper,28,auto,free,True,True,2.006307805221338,0.05,0.35,0.56,False,
0.050_0.350_0.560,R,upper,29,auto,free,True,True,2.031994837279237,0.05,0.35,0.56,False,
0.050_0.400_0.560,L,upper,0,auto,free,True,True,0.8784333818331709,0.05,0.4,0.56,False,
0.050_0.400_0.560,L,upper,1,auto,free,True,True,1.20963815165076,0.05,0.4,0.56,False,
0.050_0.400_0.560,L,upper,2,auto,free,True,True,0.6589080419031523,0.05,0.4,0.56,False,
0.050_0.400_0.560,L,upper,3,auto,free,True,True,0.5680343817186215,0.05,0.4,0.56,True,figures/0p050_0p400_0p560_L_ik3_free_BEST.png
0.050_0.400_0.560,L,upper,4,auto,free,True,True,2.055131958219076,0.05,0.4,0.56,False,
0.050_0.400_0.560,L,upper,5,auto,free,True,True,0.81024534276483,0.05,0.4,0.56,False,
0.050_0.400_0.560,L,upper,6,auto,free,True,True,0.8408177787114184,0.05,0.4,0.56,False,
0.050_0.400_0.560,L,upper,7,auto,free,True,True,1.5474991000377525,0.05,0.4,0.56,False,
0.050_0.400_0.560,L,upper,8,auto,free,True,True,2.290705798304728,0.05,0.4,0.56,False,
0.050_0.400_0.560,L,upper,9,auto,free,True,True,1.1895620153894804,0.05,0.4,0.56,False,
0.050_0.400_0.560,L,upper,10,auto,free,True,True,1.4986558448404708,0.05,0.4,0.56,False,
0.050_0.400_0.560,L,upper,11,auto,free,True,True,1.7110685699217143,0.05,0.4,0.56,False,
0.050_0.400_0.560,L,upper,12,auto,free,True,True,2.0910659772160036,0.05,0.4,0.56,False,
0.050_0.400_0.560,L,upper,13,auto,free,True,True,1.7458379391798418,0.05,0.4,0.56,False,
0.050_0.400_0.560,L,upper,14,auto,free,True,True,2.29278419942862,0.05,0.4,0.56,False,
0.050_0.400_0.560,L,upper,15,auto,free,True,True,2.0874722718169605,0.05,0.4,0.56,False,
0.050_0.400_0.560,L,upper,16,auto,free,True,True,2.6261352317852444,0.05,0.4,0.56,False,
0.050_0.400_0.560,L,upper,17,auto,free,True,True,2.079781326414696,0.05,0.4,0.56,False,
0.050_0.400_0.560,R,upper,0,auto,free,True,True,2.898290655337062,0.05,0.4,0.56,False,
0.050_0.400_0.560,R,upper,1,auto,free,True,True,2.2064828749741547,0.05,0.4,0.56,False,
0.050_0.400_0.560,R,upper,2,auto,free,True,True,2.8668534009925777,0.05,0.4,0.56,False,
0.050_0.400_0.560,R,upper,3,auto,free,True,True,2.8235901782058486,0.05,0.4,0.56,False,
0.050_0.400_0.560,R,upper,4,auto,free,True,True,2.7293057334340407,0.05,0.4,0.56,False,
0.050_0.400_0.560,R,upper,5,auto,free,True,True,3.8200814744669023,0.05,0.4,0.56,False,
0.050_0.400_0.560,R,upper,6,auto,free,True,True,2.4123415755286666,0.05,0.4,0.56,False,
0.050_0.400_0.560,R,upper,7,auto,free,True,True,2.6577556146821233,0.05,0.4,0.56,False,
0.050_0.400_0.560,R,upper,8,auto,free,True,True,3.068156766753969,0.05,0.4,0.56,False,
0.050_0.400_0.560,R,upper,9,auto,free,True,True,2.3115225480410486,0.05,0.4,0.56,False,
0.050_0.400_0.560,R,upper,10,auto,free,True,True,2.6466794776096476,0.05,0.4,0.56,False,
0.050_0.400_0.560,R,upper,11,auto,free,True,True,3.899641926935616,0.05,0.4,0.56,False,
0.050_0.400_0.560,R,upper,12,auto,free,True,True,2.457544040556698,0.05,0.4,0.56,False,
0.050_0.400_0.560,R,upper,13,auto,free,True,True,3.072010786383048,0.05,0.4,0.56,False,
0.050_0.400_0.560,R,upper,14,auto,free,True,True,3.1173978011840022,0.05,0.4,0.56,False,
0.050_0.400_0.560,R,upper,15,auto,free,True,True,3.0963376898328,0.05,0.4,0.56,False,
0.050_0.400_0.560,R,upper,16,auto,free,True,True,3.2269864678179276,0.05,0.4,0.56,False,
0.050_0.400_0.560,R,upper,17,auto,free,True,True,3.406093981922502,0.05,0.4,0.56,False,
0.050_0.400_0.560,R,upper,18,auto,free,True,True,3.1402459473726063,0.05,0.4,0.56,False,
0.050_0.400_0.560,R,upper,19,auto,free,True,True,2.6308969293243614,0.05,0.4,0.56,False,
0.050_0.400_0.560,R,upper,20,auto,free,True,True,2.6571358296597936,0.05,0.4,0.56,False,
0.050_0.400_0.560,R,upper,21,auto,free,True,True,1.7316164490395363,0.05,0.4,0.56,True,figures/0p050_0p400_0p560_R_ik21_free_BEST.png
0.050_0.400_0.560,R,upper,22,auto,free,True,True,2.6983159244201573,0.05,0.4,0.56,False,
0.050_0.450_0.560,L,upper,0,auto,free,True,True,1.2150209906149076,0.05,0.45,0.56,False,
0.050_0.450_0.560,L,upper,1,auto,free,True,True,1.3165527678103888,0.05,0.45,0.56,False,
0.050_0.450_0.560,L,upper,2,auto,free,True,True,0.6489135424663566,0.05,0.45,0.56,True,figures/0p050_0p450_0p560_L_ik2_free_BEST.png
0.050_0.450_0.560,L,upper,3,auto,free,True,True,0.8379856648401351,0.05,0.45,0.56,False,
0.050_0.450_0.560,L,upper,4,auto,free,True,True,0.67587859680875,0.05,0.45,0.56,False,
0.050_0.450_0.560,L,upper,5,auto,free,True,True,1.6837583631423274,0.05,0.45,0.56,False,
0.050_0.450_0.560,L,upper,6,auto,free,True,True,1.1806535756553367,0.05,0.45,0.56,False,
0.050_0.450_0.560,L,upper,7,auto,free,True,True,1.4276848582030246,0.05,0.45,0.56,False,
0.050_0.450_0.560,L,upper,8,auto,free,True,True,1.8679148850602014,0.05,0.45,0.56,False,
0.050_0.450_0.560,L,upper,9,auto,free,True,True,1.5915073367504047,0.05,0.45,0.56,False,
0.050_0.450_0.560,L,upper,10,auto,free,True,True,1.856332781315391,0.05,0.45,0.56,False,
0.050_0.450_0.560,L,upper,11,auto,free,True,True,1.902629754762107,0.05,0.45,0.56,False,
0.050_0.450_0.560,L,upper,12,auto,free,True,True,2.0260873048091863,0.05,0.45,0.56,False,
0.050_0.450_0.560,L,upper,13,auto,free,True,True,2.251441302834276,0.05,0.45,0.56,False,
0.050_0.450_0.560,L,upper,14,auto,free,True,True,1.9092387313230053,0.05,0.45,0.56,False,
0.050_0.450_0.560,R,upper,0,auto,free,True,True,2.2992583814361174,0.05,0.45,0.56,False,
0.050_0.450_0.560,R,upper,1,auto,free,True,True,3.3387709879970533,0.05,0.45,0.56,False,
0.050_0.450_0.560,R,upper,2,auto,free,True,True,2.6194093452191596,0.05,0.45,0.56,False,
0.050_0.450_0.560,R,upper,3,auto,free,True,True,2.9919949250957956,0.05,0.45,0.56,False,
0.050_0.450_0.560,R,upper,4,auto,free,True,True,2.217776088700159,0.05,0.45,0.56,True,figures/0p050_0p450_0p560_R_ik4_free_BEST.png
0.050_0.450_0.560,R,upper,5,auto,free,True,True,3.1332665852842623,0.05,0.45,0.56,False,
0.050_0.450_0.560,R,upper,6,auto,free,True,True,2.3836180693892333,0.05,0.45,0.56,False,
0.050_0.450_0.560,R,upper,7,auto,free,True,True,3.177932800383786,0.05,0.45,0.56,False,
0.050_0.450_0.560,R,upper,8,auto,free,True,True,2.8412345955128346,0.05,0.45,0.56,False,
0.050_0.450_0.560,R,upper,9,auto,free,True,True,3.065704804025396,0.05,0.45,0.56,False,
0.050_0.450_0.560,R,upper,10,auto,free,True,True,3.4475336462633974,0.05,0.45,0.56,False,
0.050_0.450_0.560,R,upper,11,auto,free,True,True,3.2132340931775256,0.05,0.45,0.56,False,
0.050_0.450_0.560,R,upper,12,auto,free,True,True,2.8720888924085513,0.05,0.45,0.56,False,
0.050_0.450_0.560,R,upper,13,auto,free,True,True,3.1118816360827353,0.05,0.45,0.56,False,
0.050_0.450_0.560,R,upper,14,auto,free,True,True,3.1238694639224476,0.05,0.45,0.56,False,
0.050_0.450_0.560,R,upper,15,auto,free,True,True,2.5847799998014946,0.05,0.45,0.56,False,
0.050_0.450_0.560,R,upper,16,auto,free,True,True,2.7325723762194603,0.05,0.45,0.56,False,
0.050_0.450_0.560,R,upper,17,auto,free,True,True,2.9367940492408007,0.05,0.45,0.56,False,
0.050_0.450_0.560,R,upper,18,auto,free,True,True,3.1021689134715267,0.05,0.45,0.56,False,
0.050_0.450_0.560,R,upper,19,auto,free,True,True,2.35566185003666,0.05,0.45,0.56,False,
0.050_0.450_0.560,R,upper,20,auto,free,True,True,2.913426425621559,0.05,0.45,0.56,False,
0.050_0.500_0.560,L,upper,0,auto,free,True,True,0.928881894266901,0.05,0.5,0.56,False,
0.050_0.500_0.560,L,upper,1,auto,free,True,True,1.0320616775599816,0.05,0.5,0.56,False,
0.050_0.500_0.560,L,upper,2,auto,free,True,True,0.9046757784843127,0.05,0.5,0.56,True,figures/0p050_0p500_0p560_L_ik2_free_BEST.png
0.050_0.500_0.560,L,upper,3,auto,free,True,True,1.1779291667827427,0.05,0.5,0.56,False,
0.050_0.500_0.560,L,upper,4,auto,free,True,True,1.2018710742971608,0.05,0.5,0.56,False,
0.050_0.500_0.560,L,upper,5,auto,free,True,True,1.3828724940806623,0.05,0.5,0.56,False,
0.050_0.500_0.560,L,upper,6,auto,free,True,True,1.5888426515211433,0.05,0.5,0.56,False,
0.050_0.500_0.560,L,upper,7,auto,free,True,True,1.7913173662366706,0.05,0.5,0.56,False,
0.050_0.500_0.560,L,upper,8,auto,free,True,True,1.5355318762940489,0.05,0.5,0.56,False,
0.050_0.500_0.560,R,upper,0,auto,free,True,True,3.0637879286701786,0.05,0.5,0.56,False,
0.050_0.500_0.560,R,upper,1,auto,free,True,True,2.630589559935422,0.05,0.5,0.56,False,
0.050_0.500_0.560,R,upper,2,auto,free,True,True,3.217181098112955,0.05,0.5,0.56,False,
0.050_0.500_0.560,R,upper,3,auto,free,True,True,3.1112626497997695,0.05,0.5,0.56,False,
0.050_0.500_0.560,R,upper,4,auto,free,True,True,2.4977454312764107,0.05,0.5,0.56,True,figures/0p050_0p500_0p560_R_ik4_free_BEST.png
0.050_0.500_0.560,R,upper,5,auto,free,True,True,3.232872360252018,0.05,0.5,0.56,False,
0.050_0.500_0.560,R,upper,6,auto,free,True,True,3.0665876757822144,0.05,0.5,0.56,False,
0.050_0.500_0.560,R,upper,7,auto,free,True,True,2.542703967616151,0.05,0.5,0.56,False,
0.050_0.500_0.560,R,upper,8,auto,free,True,True,3.2335844900758253,0.05,0.5,0.56,False,
0.050_0.500_0.560,R,upper,9,auto,free,True,True,2.900924435185245,0.05,0.5,0.56,False,
0.050_0.500_0.560,R,upper,10,auto,free,True,True,2.8798737139653765,0.05,0.5,0.56,False,
0.050_0.500_0.560,R,upper,11,auto,free,True,True,3.0565032414503914,0.05,0.5,0.56,False,
0.050_0.500_0.560,R,upper,12,auto,free,True,True,3.0871163464788545,0.05,0.5,0.56,False,
0.050_0.500_0.560,R,upper,13,auto,free,True,True,2.7103502577649277,0.05,0.5,0.56,False,
0.050_0.500_0.560,R,upper,14,auto,free,True,True,2.5096853627895186,0.05,0.5,0.56,False,
0.100_-0.300_0.560,L,lower,0,auto,free,True,True,2.3639254439535895,0.1,-0.3,0.56,False,
0.100_-0.300_0.560,L,lower,1,auto,free,True,True,2.7088056719712856,0.1,-0.3,0.56,False,
0.100_-0.300_0.560,L,lower,2,auto,free,True,True,2.344736854783484,0.1,-0.3,0.56,False,
0.100_-0.300_0.560,L,lower,3,auto,free,True,True,1.759947178489302,0.1,-0.3,0.56,True,figures/0p100_-0p300_0p560_L_ik3_free_BEST.png
0.100_-0.300_0.560,L,lower,4,auto,free,True,True,2.1193024964779723,0.1,-0.3,0.56,False,
0.100_-0.300_0.560,L,lower,5,auto,free,True,True,2.850624474931321,0.1,-0.3,0.56,False,
0.100_-0.300_0.560,L,lower,6,auto,free,True,True,1.8165469838271155,0.1,-0.3,0.56,False,
0.100_-0.300_0.560,L,lower,7,auto,free,True,True,3.5037747585192784,0.1,-0.3,0.56,False,
0.100_-0.300_0.560,L,lower,8,auto,free,True,True,1.9982933909779617,0.1,-0.3,0.56,False,
0.100_-0.300_0.560,L,lower,9,auto,free,True,True,2.620508533134711,0.1,-0.3,0.56,False,
0.100_-0.300_0.560,L,lower,10,auto,free,True,True,3.1768275409077047,0.1,-0.3,0.56,False,
0.100_-0.300_0.560,L,lower,11,auto,free,True,True,2.3282017975705798,0.1,-0.3,0.56,False,
0.100_-0.300_0.560,L,lower,12,auto,free,True,True,2.589126319835626,0.1,-0.3,0.56,False,
0.100_-0.300_0.560,L,lower,13,auto,free,True,True,2.5537024720196086,0.1,-0.3,0.56,False,
0.100_-0.300_0.560,L,lower,14,auto,free,True,True,2.9017747321159786,0.1,-0.3,0.56,False,
0.100_-0.300_0.560,R,lower,0,auto,free,True,True,1.0,0.1,-0.3,0.56,False,
0.100_-0.300_0.560,R,lower,1,auto,free,True,True,1.0,0.1,-0.3,0.56,False,
0.100_-0.300_0.560,R,lower,2,auto,free,True,True,1.0,0.1,-0.3,0.56,False,
0.100_-0.300_0.560,R,lower,3,auto,free,True,True,0.6474313002701337,0.1,-0.3,0.56,False,
0.100_-0.300_0.560,R,lower,4,auto,free,True,True,1.864334175074844,0.1,-0.3,0.56,False,
0.100_-0.300_0.560,R,lower,5,auto,free,True,True,0.4889716951041243,0.1,-0.3,0.56,False,
0.100_-0.300_0.560,R,lower,6,auto,free,True,True,0.1980561552026343,0.1,-0.3,0.56,False,
0.100_-0.300_0.560,R,lower,7,auto,free,True,True,1.543522499080067,0.1,-0.3,0.56,False,
0.100_-0.300_0.560,R,lower,8,auto,free,True,True,0.7189325188049023,0.1,-0.3,0.56,False,
0.100_-0.300_0.560,R,lower,9,auto,free,True,True,0.1378999859895802,0.1,-0.3,0.56,True,figures/0p100_-0p300_0p560_R_ik9_free_BEST.png
0.100_-0.300_0.560,R,lower,10,auto,free,True,True,0.9692991190266229,0.1,-0.3,0.56,False,
0.100_-0.300_0.560,R,lower,11,auto,free,True,True,1.0079626842363822,0.1,-0.3,0.56,False,
0.100_-0.300_0.560,R,lower,12,auto,free,True,True,0.23571258966638942,0.1,-0.3,0.56,False,
0.100_-0.300_0.560,R,lower,13,auto,free,True,True,2.3632463927272376,0.1,-0.3,0.56,False,
0.100_-0.300_0.560,R,lower,14,auto,free,True,True,1.7434124217947895,0.1,-0.3,0.56,False,
0.100_-0.300_0.560,R,lower,15,auto,free,True,True,0.5590177725962979,0.1,-0.3,0.56,False,
0.100_-0.300_0.560,R,lower,16,auto,free,True,True,1.8080819673678552,0.1,-0.3,0.56,False,
0.100_-0.300_0.560,R,lower,17,auto,free,True,True,1.91747663128836,0.1,-0.3,0.56,False,
0.100_-0.300_0.560,R,lower,18,auto,free,True,True,2.377263074021121,0.1,-0.3,0.56,False,
0.100_-0.300_0.560,R,lower,19,auto,free,True,True,2.128089174867045,0.1,-0.3,0.56,False,
0.100_-0.300_0.560,R,lower,20,auto,free,True,True,1.6113698504337588,0.1,-0.3,0.56,False,
0.100_-0.300_0.560,R,lower,21,auto,free,True,True,2.935152955337278,0.1,-0.3,0.56,False,
0.100_-0.300_0.560,R,lower,22,auto,free,True,True,2.471030341001664,0.1,-0.3,0.56,False,
0.100_-0.300_0.560,R,lower,23,auto,free,True,True,1.7896074287622885,0.1,-0.3,0.56,False,
0.100_-0.300_0.560,R,lower,24,auto,free,True,True,2.334894701821257,0.1,-0.3,0.56,False,
0.100_-0.300_0.560,R,lower,25,auto,free,True,True,2.8297381338637875,0.1,-0.3,0.56,False,
0.100_-0.300_0.560,R,lower,26,auto,free,True,True,2.2410108196696448,0.1,-0.3,0.56,False,
0.100_-0.300_0.560,R,lower,27,auto,free,True,True,1.9142752187286256,0.1,-0.3,0.56,False,
0.100_-0.300_0.560,R,lower,28,auto,free,True,True,2.8822237698080144,0.1,-0.3,0.56,False,
0.100_-0.300_0.560,R,lower,29,auto,free,True,True,2.9789749273417874,0.1,-0.3,0.56,False,
0.100_-0.300_0.560,R,lower,30,auto,free,True,True,2.458827672783758,0.1,-0.3,0.56,False,
0.100_-0.300_0.560,R,lower,31,auto,free,True,True,3.0,0.1,-0.3,0.56,False,
0.100_-0.300_0.560,R,lower,32,auto,free,True,True,2.421859975455349,0.1,-0.3,0.56,False,
0.100_-0.300_0.560,R,lower,33,auto,free,True,True,2.5345772967011357,0.1,-0.3,0.56,False,
0.100_-0.300_0.560,R,lower,34,auto,free,True,True,2.8485219521873746,0.1,-0.3,0.56,False,
0.100_-0.300_0.560,R,lower,35,auto,free,True,True,2.820328572499444,0.1,-0.3,0.56,False,
0.100_-0.300_0.560,R,lower,36,auto,free,True,True,3.0,0.1,-0.3,0.56,False,
0.100_-0.300_0.560,R,lower,37,auto,free,True,True,2.999513547796706,0.1,-0.3,0.56,False,
0.100_-0.300_0.560,R,lower,38,auto,free,True,True,2.9999984242205007,0.1,-0.3,0.56,False,
0.100_-0.300_0.560,R,lower,39,auto,free,True,True,0.9007993060171446,0.1,-0.3,0.56,False,
0.100_-0.300_0.560,R,lower,40,auto,free,True,True,1.4027096143810318,0.1,-0.3,0.56,False,
0.100_-0.300_0.560,R,lower,41,auto,free,True,True,0.9144363452962732,0.1,-0.3,0.56,False,
0.100_-0.350_0.560,L,lower,0,auto,free,True,True,1.941817564675104,0.1,-0.35,0.56,True,figures/0p100_-0p350_0p560_L_ik0_free_BEST.png
0.100_-0.350_0.560,L,lower,1,auto,free,True,True,2.2599790930955432,0.1,-0.35,0.56,False,
0.100_-0.350_0.560,L,lower,2,auto,free,True,True,2.5772818261520323,0.1,-0.35,0.56,False,
0.100_-0.350_0.560,L,lower,3,auto,free,True,True,2.1208205612066573,0.1,-0.35,0.56,False,
0.100_-0.350_0.560,L,lower,4,auto,free,True,True,3.2578530687000535,0.1,-0.35,0.56,False,
0.100_-0.350_0.560,L,lower,5,auto,free,True,True,2.9226379954190866,0.1,-0.35,0.56,False,
0.100_-0.350_0.560,L,lower,6,auto,free,True,True,2.822216477971908,0.1,-0.35,0.56,False,
0.100_-0.350_0.560,L,lower,7,auto,free,True,True,2.100135071300377,0.1,-0.35,0.56,False,
0.100_-0.350_0.560,L,lower,8,auto,free,True,True,2.21640760448031,0.1,-0.35,0.56,False,
0.100_-0.350_0.560,L,lower,9,auto,free,True,True,2.8034254957413696,0.1,-0.35,0.56,False,
0.100_-0.350_0.560,L,lower,10,auto,free,True,True,3.5196022456963396,0.1,-0.35,0.56,False,
0.100_-0.350_0.560,L,lower,11,auto,free,True,True,2.5801572404534716,0.1,-0.35,0.56,False,
0.100_-0.350_0.560,R,lower,0,auto,free,True,True,0.8706524138069063,0.1,-0.35,0.56,False,
0.100_-0.350_0.560,R,lower,1,auto,free,True,True,0.7360333188398189,0.1,-0.35,0.56,False,
0.100_-0.350_0.560,R,lower,2,auto,free,True,True,0.8018464095230244,0.1,-0.35,0.56,False,
0.100_-0.350_0.560,R,lower,3,auto,free,True,True,1.3874475106527133,0.1,-0.35,0.56,False,
0.100_-0.350_0.560,R,lower,4,auto,free,True,True,1.5485158709180546,0.1,-0.35,0.56,False,
0.100_-0.350_0.560,R,lower,5,auto,free,True,True,1.5676539779690557,0.1,-0.35,0.56,False,
0.100_-0.350_0.560,R,lower,6,auto,free,True,True,0.1722848024111655,0.1,-0.35,0.56,True,figures/0p100_-0p350_0p560_R_ik6_free_BEST.png
0.100_-0.350_0.560,R,lower,7,auto,free,True,True,1.7171748761530914,0.1,-0.35,0.56,False,
0.100_-0.350_0.560,R,lower,8,auto,free,True,True,0.9026423226989775,0.1,-0.35,0.56,False,
0.100_-0.350_0.560,R,lower,9,auto,free,True,True,0.23307491008336845,0.1,-0.35,0.56,False,
0.100_-0.350_0.560,R,lower,10,auto,free,True,True,0.8827952987997931,0.1,-0.35,0.56,False,
0.100_-0.350_0.560,R,lower,11,auto,free,True,True,2.480256487245753,0.1,-0.35,0.56,False,
0.100_-0.350_0.560,R,lower,12,auto,free,True,True,0.5256689169011626,0.1,-0.35,0.56,False,
0.100_-0.350_0.560,R,lower,13,auto,free,True,True,0.684954578578884,0.1,-0.35,0.56,False,
0.100_-0.350_0.560,R,lower,14,auto,free,True,True,1.8553367282452728,0.1,-0.35,0.56,False,
0.100_-0.350_0.560,R,lower,15,auto,free,True,True,0.8761743138165561,0.1,-0.35,0.56,False,
0.100_-0.350_0.560,R,lower,16,auto,free,True,True,2.120481136805552,0.1,-0.35,0.56,False,
0.100_-0.350_0.560,R,lower,17,auto,free,True,True,2.2529364916067576,0.1,-0.35,0.56,False,
0.100_-0.350_0.560,R,lower,18,auto,free,True,True,1.5130183724383315,0.1,-0.35,0.56,False,
0.100_-0.350_0.560,R,lower,19,auto,free,True,True,2.4652800142577806,0.1,-0.35,0.56,False,
0.100_-0.350_0.560,R,lower,20,auto,free,True,True,2.0400086053455957,0.1,-0.35,0.56,False,
0.100_-0.350_0.560,R,lower,21,auto,free,True,True,2.8735030356294953,0.1,-0.35,0.56,False,
0.100_-0.350_0.560,R,lower,22,auto,free,True,True,2.8266645951546057,0.1,-0.35,0.56,False,
0.100_-0.350_0.560,R,lower,23,auto,free,True,True,2.310394871891475,0.1,-0.35,0.56,False,
0.100_-0.350_0.560,R,lower,24,auto,free,True,True,2.099602635557404,0.1,-0.35,0.56,False,
0.100_-0.350_0.560,R,lower,25,auto,free,True,True,3.0,0.1,-0.35,0.56,False,
0.100_-0.350_0.560,R,lower,26,auto,free,True,True,2.0110716273072704,0.1,-0.35,0.56,False,
0.100_-0.350_0.560,R,lower,27,auto,free,True,True,2.452067996753013,0.1,-0.35,0.56,False,
0.100_-0.350_0.560,R,lower,28,auto,free,True,True,3.0,0.1,-0.35,0.56,False,
0.100_-0.350_0.560,R,lower,29,auto,free,True,True,2.437174213547349,0.1,-0.35,0.56,False,
0.100_-0.350_0.560,R,lower,30,auto,free,True,True,2.8355223962469425,0.1,-0.35,0.56,False,
0.100_-0.350_0.560,R,lower,31,auto,free,True,True,3.0,0.1,-0.35,0.56,False,
0.100_-0.350_0.560,R,lower,32,auto,free,True,True,2.8208421695032837,0.1,-0.35,0.56,False,
0.100_-0.400_0.560,L,lower,0,auto,free,True,True,2.3762995264240327,0.1,-0.4,0.56,True,figures/0p100_-0p400_0p560_L_ik0_free_BEST.png
0.100_-0.400_0.560,L,lower,1,auto,free,True,True,2.43985299456543,0.1,-0.4,0.56,False,
0.100_-0.400_0.560,L,lower,2,auto,free,True,True,3.739118740792013,0.1,-0.4,0.56,False,
0.100_-0.400_0.560,L,lower,3,auto,free,True,True,2.7970827263796627,0.1,-0.4,0.56,False,
0.100_-0.400_0.560,L,lower,4,auto,free,True,True,3.5151731038277525,0.1,-0.4,0.56,False,
0.100_-0.400_0.560,L,lower,5,auto,free,True,True,2.576790872248506,0.1,-0.4,0.56,False,
0.100_-0.400_0.560,L,lower,6,auto,free,True,True,2.493406932200754,0.1,-0.4,0.56,False,
0.100_-0.400_0.560,L,lower,7,auto,free,True,True,3.2936151074351665,0.1,-0.4,0.56,False,
0.100_-0.400_0.560,L,lower,8,auto,free,True,True,3.0428763731398556,0.1,-0.4,0.56,False,
0.100_-0.400_0.560,R,lower,0,auto,free,True,True,1.6132767253530376,0.1,-0.4,0.56,False,
0.100_-0.400_0.560,R,lower,1,auto,free,True,True,1.1229928325202412,0.1,-0.4,0.56,False,
0.100_-0.400_0.560,R,lower,2,auto,free,True,True,1.6942428464937962,0.1,-0.4,0.56,False,
0.100_-0.400_0.560,R,lower,3,auto,free,True,True,0.22818560099335805,0.1,-0.4,0.56,True,figures/0p100_-0p400_0p560_R_ik3_free_BEST.png
0.100_-0.400_0.560,R,lower,4,auto,free,True,True,1.1328817916930989,0.1,-0.4,0.56,False,
0.100_-0.400_0.560,R,lower,5,auto,free,True,True,0.6535313502084692,0.1,-0.4,0.56,False,
0.100_-0.400_0.560,R,lower,6,auto,free,True,True,0.23061391818237498,0.1,-0.4,0.56,False,
0.100_-0.400_0.560,R,lower,7,auto,free,True,True,1.4794090511554332,0.1,-0.4,0.56,False,
0.100_-0.400_0.560,R,lower,8,auto,free,True,True,2.2174975759195283,0.1,-0.4,0.56,False,
0.100_-0.400_0.560,R,lower,9,auto,free,True,True,0.5230807813634919,0.1,-0.4,0.56,False,
0.100_-0.400_0.560,R,lower,10,auto,free,True,True,0.8632091787684102,0.1,-0.4,0.56,False,
0.100_-0.400_0.560,R,lower,11,auto,free,True,True,2.314189402730788,0.1,-0.4,0.56,False,
0.100_-0.400_0.560,R,lower,12,auto,free,True,True,0.8707951907772875,0.1,-0.4,0.56,False,
0.100_-0.400_0.560,R,lower,13,auto,free,True,True,2.051189551908658,0.1,-0.4,0.56,False,
0.100_-0.400_0.560,R,lower,14,auto,free,True,True,1.098650705566302,0.1,-0.4,0.56,False,
0.100_-0.400_0.560,R,lower,15,auto,free,True,True,1.263802817330863,0.1,-0.4,0.56,False,
0.100_-0.400_0.560,R,lower,16,auto,free,True,True,2.4621112204660625,0.1,-0.4,0.56,False,
0.100_-0.400_0.560,R,lower,17,auto,free,True,True,1.2484963632030595,0.1,-0.4,0.56,False,
0.100_-0.400_0.560,R,lower,18,auto,free,True,True,1.680345439376821,0.1,-0.4,0.56,False,
0.100_-0.400_0.560,R,lower,19,auto,free,True,True,2.8351641106230585,0.1,-0.4,0.56,False,
0.100_-0.400_0.560,R,lower,20,auto,free,True,True,1.5927033509517956,0.1,-0.4,0.56,False,
0.100_-0.400_0.560,R,lower,21,auto,free,True,True,2.0946496969784154,0.1,-0.4,0.56,False,
0.100_-0.400_0.560,R,lower,22,auto,free,True,True,3.0,0.1,-0.4,0.56,False,
0.100_-0.400_0.560,R,lower,23,auto,free,True,True,2.009697451365822,0.1,-0.4,0.56,False,
0.100_-0.400_0.560,R,lower,24,auto,free,True,True,2.4454114059145473,0.1,-0.4,0.56,False,
0.100_-0.400_0.560,R,lower,25,auto,free,True,True,3.0,0.1,-0.4,0.56,False,
0.100_-0.400_0.560,R,lower,26,auto,free,True,True,2.427876306039604,0.1,-0.4,0.56,False,
0.100_-0.400_0.560,R,lower,27,auto,free,True,True,2.7773808866473173,0.1,-0.4,0.56,False,
0.100_-0.400_0.560,R,lower,28,auto,free,True,True,3.0,0.1,-0.4,0.56,False,
0.100_-0.400_0.560,R,lower,29,auto,free,True,True,2.823142206112623,0.1,-0.4,0.56,False,
0.100_-0.450_0.560,R,lower,0,auto,free,True,True,0.44200426935631154,0.1,-0.45,0.56,False,
0.100_-0.450_0.560,R,lower,1,auto,free,True,True,1.3742488965860602,0.1,-0.45,0.56,False,
0.100_-0.450_0.560,R,lower,2,auto,free,True,True,0.9783865300423527,0.1,-0.45,0.56,False,
0.100_-0.450_0.560,R,lower,3,auto,free,True,True,0.22780256167425916,0.1,-0.45,0.56,True,figures/0p100_-0p450_0p560_R_ik3_free_BEST.png
0.100_-0.450_0.560,R,lower,4,auto,free,True,True,2.066110462172421,0.1,-0.45,0.56,False,
0.100_-0.450_0.560,R,lower,5,auto,free,True,True,2.180929498337676,0.1,-0.45,0.56,False,
0.100_-0.450_0.560,R,lower,6,auto,free,True,True,0.5204931967596971,0.1,-0.45,0.56,False,
0.100_-0.450_0.560,R,lower,7,auto,free,True,True,2.359041950807579,0.1,-0.45,0.56,False,
0.100_-0.450_0.560,R,lower,8,auto,free,True,True,2.580332569597962,0.1,-0.45,0.56,False,
0.100_-0.450_0.560,R,lower,9,auto,free,True,True,0.8681377434179431,0.1,-0.45,0.56,False,
0.100_-0.450_0.560,R,lower,10,auto,free,True,True,1.7576742309837523,0.1,-0.45,0.56,False,
0.100_-0.450_0.560,R,lower,11,auto,free,True,True,1.5275688180162241,0.1,-0.45,0.56,False,
0.100_-0.450_0.560,R,lower,12,auto,free,True,True,1.2586183003248121,0.1,-0.45,0.56,False,
0.100_-0.450_0.560,R,lower,13,auto,free,True,True,1.9437110309071026,0.1,-0.45,0.56,False,
0.100_-0.450_0.560,R,lower,14,auto,free,True,True,1.0448937092731867,0.1,-0.45,0.56,False,
0.100_-0.450_0.560,R,lower,15,auto,free,True,True,1.6754270503265474,0.1,-0.45,0.56,False,
0.100_-0.450_0.560,R,lower,16,auto,free,True,True,1.8382166783514169,0.1,-0.45,0.56,False,
0.100_-0.450_0.560,R,lower,17,auto,free,True,True,1.6186129341563338,0.1,-0.45,0.56,False,
0.100_-0.450_0.560,R,lower,18,auto,free,True,True,2.0451048969626413,0.1,-0.45,0.56,False,
0.100_-0.450_0.560,R,lower,19,auto,free,True,True,2.9279514280762613,0.1,-0.45,0.56,False,
0.100_-0.450_0.560,R,lower,20,auto,free,True,True,1.9900301239475988,0.1,-0.45,0.56,False,
0.100_-0.450_0.560,R,lower,21,auto,free,True,True,2.438829962567251,0.1,-0.45,0.56,False,
0.100_-0.450_0.560,R,lower,22,auto,free,True,True,2.0763019161192364,0.1,-0.45,0.56,False,
0.100_-0.450_0.560,R,lower,23,auto,free,True,True,2.3469290106035,0.1,-0.45,0.56,False,
0.100_-0.500_0.560,R,lower,0,auto,free,False,True,0.7651801552799757,0.1,-0.5,0.56,False,
0.100_-0.500_0.560,R,lower,1,auto,free,False,True,1.1639870026308807,0.1,-0.5,0.56,False,
0.100_-0.500_0.560,R,lower,2,auto,free,False,True,0.5470191055021769,0.1,-0.5,0.56,False,
0.100_-0.500_0.560,R,lower,3,auto,free,False,True,0.517906159975285,0.1,-0.5,0.56,True,figures/0p100_-0p500_0p560_R_ik3_free_BEST.png
0.100_-0.500_0.560,R,lower,4,auto,free,False,True,0.8878274781174311,0.1,-0.5,0.56,False,
0.100_-0.500_0.560,R,lower,5,auto,free,False,True,1.661573788583945,0.1,-0.5,0.56,False,
0.100_-0.500_0.560,R,lower,6,auto,free,False,True,0.8655038743397321,0.1,-0.5,0.56,False,
0.100_-0.500_0.560,R,lower,7,auto,free,False,True,1.1677282929577315,0.1,-0.5,0.56,False,
0.100_-0.500_0.560,R,lower,8,auto,free,False,True,1.4630287608355848,0.1,-0.5,0.56,False,
0.100_-0.500_0.560,R,lower,9,auto,free,False,True,1.2545538155459133,0.1,-0.5,0.56,False,
0.100_-0.500_0.560,R,lower,10,auto,free,False,True,1.7666723100496338,0.1,-0.5,0.56,False,
0.100_-0.500_0.560,R,lower,11,auto,free,False,True,1.2549805902436768,0.1,-0.5,0.56,False,
0.100_-0.500_0.560,R,lower,12,auto,free,False,True,1.670560629211879,0.1,-0.5,0.56,False,
0.100_-0.500_0.560,R,lower,13,auto,free,False,True,2.053188646150107,0.1,-0.5,0.56,False,
0.100_-0.500_0.560,R,lower,14,auto,free,False,True,2.184920365990237,0.1,-0.5,0.56,False,
0.100_-0.500_0.560,R,lower,15,auto,free,False,True,2.0849354805918363,0.1,-0.5,0.56,False,
0.100_-0.500_0.560,R,lower,16,auto,free,False,True,2.521552203988496,0.1,-0.5,0.56,False,
0.100_-0.500_0.560,R,lower,17,auto,free,False,True,2.4295181412025224,0.1,-0.5,0.56,False,
0.100_-0.500_0.560,R,lower,18,auto,free,False,True,2.4208829467885273,0.1,-0.5,0.56,False,
0.100_-0.500_0.560,R,lower,19,auto,free,False,True,2.571659708973667,0.1,-0.5,0.56,False,
0.100_-0.500_0.560,R,lower,20,auto,free,False,True,2.4305940000576536,0.1,-0.5,0.56,False,
0.100_-0.550_0.560,R,lower,0,auto,safe,False,True,1.9637272276269542,0.1,-0.55,0.56,False,
0.100_-0.550_0.560,R,lower,1,auto,safe,False,True,1.3969464667904763,0.1,-0.55,0.56,True,figures/0p100_-0p550_0p560_R_ik1_safe_BEST.png
0.100_-0.550_0.560,R,lower,2,auto,safe,False,True,1.8672534459916927,0.1,-0.55,0.56,False,
0.100_-0.550_0.560,R,lower,3,auto,safe,False,True,1.7376473985180536,0.1,-0.55,0.56,False,
0.100_-0.600_0.560,R,lower,0,auto,safe,False,True,2.151786447694674,0.1,-0.6,0.56,False,
0.100_-0.600_0.560,R,lower,1,auto,safe,False,True,1.9317774665662215,0.1,-0.6,0.56,False,
0.100_-0.600_0.560,R,lower,2,auto,safe,False,True,1.7033683400894635,0.1,-0.6,0.56,False,
0.100_-0.600_0.560,R,lower,3,auto,safe,False,True,1.2879949360165934,0.1,-0.6,0.56,True,figures/0p100_-0p600_0p560_R_ik3_safe_BEST.png
0.100_0.300_0.560,L,upper,0,auto,free,True,True,1.378775111842968,0.1,0.3,0.56,False,
0.100_0.300_0.560,L,upper,1,auto,free,True,True,1.049120501928541,0.1,0.3,0.56,False,
0.100_0.300_0.560,L,upper,2,auto,free,True,True,1.1194435717376487,0.1,0.3,0.56,False,
0.100_0.300_0.560,L,upper,3,auto,free,True,True,0.9605278997020719,0.1,0.3,0.56,False,
0.100_0.300_0.560,L,upper,4,auto,free,True,True,2.1112204081112065,0.1,0.3,0.56,False,
0.100_0.300_0.560,L,upper,5,auto,free,True,True,1.7750839272999008,0.1,0.3,0.56,False,
0.100_0.300_0.560,L,upper,6,auto,free,True,True,0.7093777995046735,0.1,0.3,0.56,True,figures/0p100_0p300_0p560_L_ik6_free_BEST.png
0.100_0.300_0.560,L,upper,7,auto,free,True,True,2.384683226356965,0.1,0.3,0.56,False,
0.100_0.300_0.560,L,upper,8,auto,free,True,True,1.809241035551997,0.1,0.3,0.56,False,
0.100_0.300_0.560,L,upper,9,auto,free,True,True,0.9787271239570923,0.1,0.3,0.56,False,
0.100_0.300_0.560,L,upper,10,auto,free,True,True,1.7334069164216248,0.1,0.3,0.56,False,
0.100_0.300_0.560,L,upper,11,auto,free,True,True,0.9379754273740377,0.1,0.3,0.56,False,
0.100_0.300_0.560,L,upper,12,auto,free,True,True,1.3313028023862872,0.1,0.3,0.56,False,
0.100_0.300_0.560,L,upper,13,auto,free,True,True,1.451345990079826,0.1,0.3,0.56,False,
0.100_0.300_0.560,L,upper,14,auto,free,True,True,1.4257791848322525,0.1,0.3,0.56,False,
0.100_0.300_0.560,L,upper,15,auto,free,True,True,2.744817145620438,0.1,0.3,0.56,False,
0.100_0.300_0.560,L,upper,16,auto,free,True,True,2.5378141393270335,0.1,0.3,0.56,False,
0.100_0.300_0.560,L,upper,17,auto,free,True,True,1.8142041756347298,0.1,0.3,0.56,False,
0.100_0.300_0.560,L,upper,18,auto,free,True,True,2.4942331547501526,0.1,0.3,0.56,False,
0.100_0.300_0.560,L,upper,19,auto,free,True,True,2.4478007622793876,0.1,0.3,0.56,False,
0.100_0.300_0.560,L,upper,20,auto,free,True,True,2.437907766573611,0.1,0.3,0.56,False,
0.100_0.300_0.560,R,upper,0,auto,free,True,True,2.4737529484133525,0.1,0.3,0.56,False,
0.100_0.300_0.560,R,upper,1,auto,free,True,True,2.617525387943351,0.1,0.3,0.56,False,
0.100_0.300_0.560,R,upper,2,auto,free,True,True,2.5999999046325684,0.1,0.3,0.56,False,
0.100_0.300_0.560,R,upper,3,auto,free,True,True,2.561446677270329,0.1,0.3,0.56,False,
0.100_0.300_0.560,R,upper,4,auto,free,True,True,2.5346720321550293,0.1,0.3,0.56,False,
0.100_0.300_0.560,R,upper,5,auto,free,True,True,3.341593245495658,0.1,0.3,0.56,False,
0.100_0.300_0.560,R,upper,6,auto,free,True,True,2.41186370697229,0.1,0.3,0.56,False,
0.100_0.300_0.560,R,upper,7,auto,free,True,True,2.571942893690462,0.1,0.3,0.56,False,
0.100_0.300_0.560,R,upper,8,auto,free,True,True,2.4988723801141326,0.1,0.3,0.56,False,
0.100_0.300_0.560,R,upper,9,auto,free,True,True,2.0065031915551566,0.1,0.3,0.56,False,
0.100_0.300_0.560,R,upper,10,auto,free,True,True,2.5342893039141527,0.1,0.3,0.56,False,
0.100_0.300_0.560,R,upper,11,auto,free,True,True,3.3533146402277856,0.1,0.3,0.56,False,
0.100_0.300_0.560,R,upper,12,auto,free,True,True,2.52367580733183,0.1,0.3,0.56,False,
0.100_0.300_0.560,R,upper,13,auto,free,True,True,2.6002112919494733,0.1,0.3,0.56,False,
0.100_0.300_0.560,R,upper,14,auto,free,True,True,3.5140278919144325,0.1,0.3,0.56,False,
0.100_0.300_0.560,R,upper,15,auto,free,True,True,3.0,0.1,0.3,0.56,False,
0.100_0.300_0.560,R,upper,16,auto,free,True,True,3.3140676967412617,0.1,0.3,0.56,False,
0.100_0.300_0.560,R,upper,17,auto,free,True,True,2.0230968850337208,0.1,0.3,0.56,False,
0.100_0.300_0.560,R,upper,18,auto,free,True,True,2.3561339103713133,0.1,0.3,0.56,False,
0.100_0.300_0.560,R,upper,19,auto,free,True,True,3.0,0.1,0.3,0.56,False,
0.100_0.300_0.560,R,upper,20,auto,free,True,True,3.0,0.1,0.3,0.56,False,
0.100_0.300_0.560,R,upper,21,auto,free,True,True,3.021156307007425,0.1,0.3,0.56,False,
0.100_0.300_0.560,R,upper,22,auto,free,True,True,3.0,0.1,0.3,0.56,False,
0.100_0.300_0.560,R,upper,23,auto,free,True,True,3.672304676138493,0.1,0.3,0.56,False,
0.100_0.300_0.560,R,upper,24,auto,free,True,True,2.013373299151869,0.1,0.3,0.56,False,
0.100_0.300_0.560,R,upper,25,auto,free,True,True,2.6298057392641185,0.1,0.3,0.56,False,
0.100_0.300_0.560,R,upper,26,auto,free,True,True,2.3734600862339432,0.1,0.3,0.56,False,
0.100_0.300_0.560,R,upper,27,auto,free,True,True,2.9524179001012447,0.1,0.3,0.56,False,
0.100_0.300_0.560,R,upper,28,auto,free,True,True,3.3590837943134364,0.1,0.3,0.56,False,
0.100_0.300_0.560,R,upper,29,auto,free,True,True,2.8589246329476676,0.1,0.3,0.56,False,
0.100_0.300_0.560,R,upper,30,auto,free,True,True,2.1115126202925643,0.1,0.3,0.56,False,
0.100_0.300_0.560,R,upper,31,auto,free,True,True,1.9475164469089776,0.1,0.3,0.56,False,
0.100_0.300_0.560,R,upper,32,auto,free,True,True,1.675689514403802,0.1,0.3,0.56,False,
0.100_0.300_0.560,R,upper,33,auto,free,True,True,0.9743940506377737,0.1,0.3,0.56,True,figures/0p100_0p300_0p560_R_ik33_free_BEST.png
0.100_0.300_0.560,R,upper,34,auto,free,True,True,2.7789088640599706,0.1,0.3,0.56,False,
0.100_0.300_0.560,R,upper,35,auto,free,True,True,2.4989999999525025,0.1,0.3,0.56,False,
0.100_0.350_0.560,L,upper,0,auto,free,True,True,1.2046615463070927,0.1,0.35,0.56,False,
0.100_0.350_0.560,L,upper,1,auto,free,True,True,0.7866061338149088,0.1,0.35,0.56,False,
0.100_0.350_0.560,L,upper,2,auto,free,True,True,1.4100678347657176,0.1,0.35,0.56,False,
0.100_0.350_0.560,L,upper,3,auto,free,True,True,0.7062310383933514,0.1,0.35,0.56,True,figures/0p100_0p350_0p560_L_ik3_free_BEST.png
0.100_0.350_0.560,L,upper,4,auto,free,True,True,1.3284575123757425,0.1,0.35,0.56,False,
0.100_0.350_0.560,L,upper,5,auto,free,True,True,0.8795161406798457,0.1,0.35,0.56,False,
0.100_0.350_0.560,L,upper,6,auto,free,True,True,0.9758105316943886,0.1,0.35,0.56,False,
0.100_0.350_0.560,L,upper,7,auto,free,True,True,2.1712875562664675,0.1,0.35,0.56,False,
0.100_0.350_0.560,L,upper,8,auto,free,True,True,1.0843691832430424,0.1,0.35,0.56,False,
0.100_0.350_0.560,L,upper,9,auto,free,True,True,1.3277391666770215,0.1,0.35,0.56,False,
0.100_0.350_0.560,L,upper,10,auto,free,True,True,2.0623536334191614,0.1,0.35,0.56,False,
0.100_0.350_0.560,L,upper,11,auto,free,True,True,2.414569879643783,0.1,0.35,0.56,False,
0.100_0.350_0.560,L,upper,12,auto,free,True,True,1.7899124081205735,0.1,0.35,0.56,False,
0.100_0.350_0.560,L,upper,13,auto,free,True,True,2.013035063545104,0.1,0.35,0.56,False,
0.100_0.350_0.560,L,upper,14,auto,free,True,True,2.5522513073079147,0.1,0.35,0.56,False,
0.100_0.350_0.560,R,upper,0,auto,free,True,True,2.732354057006373,0.1,0.35,0.56,False,
0.100_0.350_0.560,R,upper,1,auto,free,True,True,2.7405404010448917,0.1,0.35,0.56,False,
0.100_0.350_0.560,R,upper,2,auto,free,True,True,3.2009663680351155,0.1,0.35,0.56,False,
0.100_0.350_0.560,R,upper,3,auto,free,True,True,2.249949663849603,0.1,0.35,0.56,False,
0.100_0.350_0.560,R,upper,4,auto,free,True,True,3.147472380574757,0.1,0.35,0.56,False,
0.100_0.350_0.560,R,upper,5,auto,free,True,True,2.7222246670197734,0.1,0.35,0.56,False,
0.100_0.350_0.560,R,upper,6,auto,free,True,True,2.1445246787448853,0.1,0.35,0.56,False,
0.100_0.350_0.560,R,upper,7,auto,free,True,True,2.5399410056300975,0.1,0.35,0.56,False,
0.100_0.350_0.560,R,upper,8,auto,free,True,True,2.7140090105076156,0.1,0.35,0.56,False,
0.100_0.350_0.560,R,upper,9,auto,free,True,True,2.710137833855111,0.1,0.35,0.56,False,
0.100_0.350_0.560,R,upper,10,auto,free,True,True,3.3648746393229283,0.1,0.35,0.56,False,
0.100_0.350_0.560,R,upper,11,auto,free,True,True,2.274523772951346,0.1,0.35,0.56,False,
0.100_0.350_0.560,R,upper,12,auto,free,True,True,3.090853798104975,0.1,0.35,0.56,False,
0.100_0.350_0.560,R,upper,13,auto,free,True,True,3.150882491686727,0.1,0.35,0.56,False,
0.100_0.350_0.560,R,upper,14,auto,free,True,True,3.0,0.1,0.35,0.56,False,
0.100_0.350_0.560,R,upper,15,auto,free,True,True,2.53750712333124,0.1,0.35,0.56,False,
0.100_0.350_0.560,R,upper,16,auto,free,True,True,2.93048208049252,0.1,0.35,0.56,False,
0.100_0.350_0.560,R,upper,17,auto,free,True,True,3.2379954916983285,0.1,0.35,0.56,False,
0.100_0.350_0.560,R,upper,18,auto,free,True,True,3.0468828155289307,0.1,0.35,0.56,False,
0.100_0.350_0.560,R,upper,19,auto,free,True,True,3.3132668690356635,0.1,0.35,0.56,False,
0.100_0.350_0.560,R,upper,20,auto,free,True,True,3.6636727090837606,0.1,0.35,0.56,False,
0.100_0.350_0.560,R,upper,21,auto,free,True,True,2.183425789601422,0.1,0.35,0.56,False,
0.100_0.350_0.560,R,upper,22,auto,free,True,True,2.126592150389664,0.1,0.35,0.56,False,
0.100_0.350_0.560,R,upper,23,auto,free,True,True,2.2273677781793753,0.1,0.35,0.56,False,
0.100_0.350_0.560,R,upper,24,auto,free,True,True,2.5383239465551073,0.1,0.35,0.56,False,
0.100_0.350_0.560,R,upper,25,auto,free,True,True,2.4810068589577043,0.1,0.35,0.56,False,
0.100_0.350_0.560,R,upper,26,auto,free,True,True,3.2651614697658813,0.1,0.35,0.56,False,
0.100_0.350_0.560,R,upper,27,auto,free,True,True,1.7337747645490795,0.1,0.35,0.56,False,
0.100_0.350_0.560,R,upper,28,auto,free,True,True,3.4977751689191647,0.1,0.35,0.56,False,
0.100_0.350_0.560,R,upper,29,auto,free,True,True,3.0439355517502533,0.1,0.35,0.56,False,
0.100_0.350_0.560,R,upper,30,auto,free,True,True,1.6812177266824158,0.1,0.35,0.56,True,figures/0p100_0p350_0p560_R_ik30_free_BEST.png
0.100_0.350_0.560,R,upper,31,auto,free,True,True,3.450033501941066,0.1,0.35,0.56,False,
0.100_0.350_0.560,R,upper,32,auto,free,True,True,2.218255741190293,0.1,0.35,0.56,False,
0.100_0.400_0.560,L,upper,0,auto,free,True,True,1.4119250681694604,0.1,0.4,0.56,False,
0.100_0.400_0.560,L,upper,1,auto,free,True,True,0.758653977523094,0.1,0.4,0.56,True,figures/0p100_0p400_0p560_L_ik1_free_BEST.png
0.100_0.400_0.560,L,upper,2,auto,free,True,True,1.4364285750209729,0.1,0.4,0.56,False,
0.100_0.400_0.560,L,upper,3,auto,free,True,True,1.4502596318237622,0.1,0.4,0.56,False,
0.100_0.400_0.560,L,upper,4,auto,free,True,True,0.972897066289216,0.1,0.4,0.56,False,
0.100_0.400_0.560,L,upper,5,auto,free,True,True,1.3552325800716385,0.1,0.4,0.56,False,
0.100_0.400_0.560,L,upper,6,auto,free,True,True,1.1140982450741754,0.1,0.4,0.56,False,
0.100_0.400_0.560,L,upper,7,auto,free,True,True,1.3249896920128572,0.1,0.4,0.56,False,
0.100_0.400_0.560,L,upper,8,auto,free,True,True,1.7078838211104637,0.1,0.4,0.56,False,
0.100_0.400_0.560,L,upper,9,auto,free,True,True,1.976230697177156,0.1,0.4,0.56,False,
0.100_0.400_0.560,L,upper,10,auto,free,True,True,1.7959085683965366,0.1,0.4,0.56,False,
0.100_0.400_0.560,L,upper,11,auto,free,True,True,2.1250335575958688,0.1,0.4,0.56,False,
0.100_0.400_0.560,L,upper,12,auto,free,True,True,1.9984879267912166,0.1,0.4,0.56,False,
0.100_0.400_0.560,R,upper,0,auto,free,True,True,2.5999999046325684,0.1,0.4,0.56,False,
0.100_0.400_0.560,R,upper,1,auto,free,True,True,2.130925516780736,0.1,0.4,0.56,False,
0.100_0.400_0.560,R,upper,2,auto,free,True,True,2.7299030581331234,0.1,0.4,0.56,False,
0.100_0.400_0.560,R,upper,3,auto,free,True,True,2.7048463040681736,0.1,0.4,0.56,False,
0.100_0.400_0.560,R,upper,4,auto,free,True,True,2.3063637928375655,0.1,0.4,0.56,False,
0.100_0.400_0.560,R,upper,5,auto,free,True,True,3.7852065831324735,0.1,0.4,0.56,False,
0.100_0.400_0.560,R,upper,6,auto,free,True,True,2.5867167492888683,0.1,0.4,0.56,False,
0.100_0.400_0.560,R,upper,7,auto,free,True,True,2.7821436347953643,0.1,0.4,0.56,False,
0.100_0.400_0.560,R,upper,8,auto,free,True,True,3.5373037841966197,0.1,0.4,0.56,False,
0.100_0.400_0.560,R,upper,9,auto,free,True,True,3.050986811580991,0.1,0.4,0.56,False,
0.100_0.400_0.560,R,upper,10,auto,free,True,True,3.0724022730968485,0.1,0.4,0.56,False,
0.100_0.400_0.560,R,upper,11,auto,free,True,True,2.699587350177095,0.1,0.4,0.56,False,
0.100_0.400_0.560,R,upper,12,auto,free,True,True,2.686281150909716,0.1,0.4,0.56,False,
0.100_0.400_0.560,R,upper,13,auto,free,True,True,2.656081146789375,0.1,0.4,0.56,False,
0.100_0.400_0.560,R,upper,14,auto,free,True,True,3.7565282913383937,0.1,0.4,0.56,False,
0.100_0.400_0.560,R,upper,15,auto,free,True,True,2.4887394625114734,0.1,0.4,0.56,False,
0.100_0.400_0.560,R,upper,16,auto,free,True,True,3.4193082175218015,0.1,0.4,0.56,False,
0.100_0.400_0.560,R,upper,17,auto,free,True,True,3.6256521247957147,0.1,0.4,0.56,False,
0.100_0.400_0.560,R,upper,18,auto,free,True,True,2.073250352856343,0.1,0.4,0.56,False,
0.100_0.400_0.560,R,upper,19,auto,free,True,True,2.571204316473161,0.1,0.4,0.56,False,
0.100_0.400_0.560,R,upper,20,auto,free,True,True,3.16592651993345,0.1,0.4,0.56,False,
0.100_0.400_0.560,R,upper,21,auto,free,True,True,2.7748885015613967,0.1,0.4,0.56,False,
0.100_0.400_0.560,R,upper,22,auto,free,True,True,2.224821674611655,0.1,0.4,0.56,False,
0.100_0.400_0.560,R,upper,23,auto,free,True,True,1.960174962576112,0.1,0.4,0.56,True,figures/0p100_0p400_0p560_R_ik23_free_BEST.png
0.100_0.400_0.560,R,upper,24,auto,free,True,True,2.5374668786236483,0.1,0.4,0.56,False,
0.100_0.400_0.560,R,upper,25,auto,free,True,True,2.0189287153878985,0.1,0.4,0.56,False,
0.100_0.400_0.560,R,upper,26,auto,free,True,True,3.1973153838914277,0.1,0.4,0.56,False,
0.100_0.450_0.560,L,upper,0,auto,free,True,True,1.568615339882541,0.1,0.45,0.56,False,
0.100_0.450_0.560,L,upper,1,auto,free,True,True,0.9055587227621342,0.1,0.45,0.56,True,figures/0p100_0p450_0p560_L_ik1_free_BEST.png
0.100_0.450_0.560,L,upper,2,auto,free,True,True,1.196329481620412,0.1,0.45,0.56,False,
0.100_0.450_0.560,L,upper,3,auto,free,True,True,1.3222433649711298,0.1,0.45,0.56,False,
0.100_0.450_0.560,L,upper,4,auto,free,True,True,1.47527139102616,0.1,0.45,0.56,False,
0.100_0.450_0.560,L,upper,5,auto,free,True,True,1.3532921614717517,0.1,0.45,0.56,False,
0.100_0.450_0.560,L,upper,6,auto,free,True,True,1.7462693431577607,0.1,0.45,0.56,False,
0.100_0.450_0.560,L,upper,7,auto,free,True,True,1.7254249383881204,0.1,0.45,0.56,False,
0.100_0.450_0.560,L,upper,8,auto,free,True,True,1.8107041885839454,0.1,0.45,0.56,False,
0.100_0.450_0.560,R,upper,0,auto,free,True,True,2.917624694072696,0.1,0.45,0.56,False,
0.100_0.450_0.560,R,upper,1,auto,free,True,True,2.3365141997112002,0.1,0.45,0.56,False,
0.100_0.450_0.560,R,upper,2,auto,free,True,True,3.7726722577160263,0.1,0.45,0.56,False,
0.100_0.450_0.560,R,upper,3,auto,free,True,True,2.5700766559601576,0.1,0.45,0.56,False,
0.100_0.450_0.560,R,upper,4,auto,free,True,True,2.432006700518338,0.1,0.45,0.56,False,
0.100_0.450_0.560,R,upper,5,auto,free,True,True,3.8465582901432906,0.1,0.45,0.56,False,
0.100_0.450_0.560,R,upper,6,auto,free,True,True,2.7376104938155628,0.1,0.45,0.56,False,
0.100_0.450_0.560,R,upper,7,auto,free,True,True,3.043832930544199,0.1,0.45,0.56,False,
0.100_0.450_0.560,R,upper,8,auto,free,True,True,2.702421065910368,0.1,0.45,0.56,False,
0.100_0.450_0.560,R,upper,9,auto,free,True,True,2.774528190147966,0.1,0.45,0.56,False,
0.100_0.450_0.560,R,upper,10,auto,free,True,True,2.6879096898498283,0.1,0.45,0.56,False,
0.100_0.450_0.560,R,upper,11,auto,free,True,True,3.1634437603464898,0.1,0.45,0.56,False,
0.100_0.450_0.560,R,upper,12,auto,free,True,True,2.938976539580006,0.1,0.45,0.56,False,
0.100_0.450_0.560,R,upper,13,auto,free,True,True,2.769422167196111,0.1,0.45,0.56,False,
0.100_0.450_0.560,R,upper,14,auto,free,True,True,3.73927883638828,0.1,0.45,0.56,False,
0.100_0.450_0.560,R,upper,15,auto,free,True,True,2.914841054254178,0.1,0.45,0.56,False,
0.100_0.450_0.560,R,upper,16,auto,free,True,True,3.447941578796118,0.1,0.45,0.56,False,
0.100_0.450_0.560,R,upper,17,auto,free,True,True,2.839066320193761,0.1,0.45,0.56,False,
0.100_0.450_0.560,R,upper,18,auto,free,True,True,2.077802888810786,0.1,0.45,0.56,False,
0.100_0.450_0.560,R,upper,19,auto,free,True,True,2.405565925028396,0.1,0.45,0.56,False,
0.100_0.450_0.560,R,upper,20,auto,free,True,True,3.2534701193698856,0.1,0.45,0.56,False,
0.100_0.450_0.560,R,upper,21,auto,free,True,True,2.04213041636868,0.1,0.45,0.56,True,figures/0p100_0p450_0p560_R_ik21_free_BEST.png
0.100_0.450_0.560,R,upper,22,auto,free,True,True,3.417227022324962,0.1,0.45,0.56,False,
0.100_0.450_0.560,R,upper,23,auto,free,True,True,3.286585606294235,0.1,0.45,0.56,False,
0.100_0.500_0.560,R,upper,0,auto,free,True,True,2.441718610214611,0.1,0.5,0.56,False,
0.100_0.500_0.560,R,upper,1,auto,free,True,True,3.525321961533905,0.1,0.5,0.56,False,
0.100_0.500_0.560,R,upper,2,auto,free,True,True,3.615039845925814,0.1,0.5,0.56,False,
0.100_0.500_0.560,R,upper,3,auto,free,True,True,2.6696838916093726,0.1,0.5,0.56,False,
0.100_0.500_0.560,R,upper,4,auto,free,True,True,3.1083898436492703,0.1,0.5,0.56,False,
0.100_0.500_0.560,R,upper,5,auto,free,True,True,2.254184619699842,0.1,0.5,0.56,True,figures/0p100_0p500_0p560_R_ik5_free_BEST.png
0.100_0.500_0.560,R,upper,6,auto,free,True,True,3.0691373654361342,0.1,0.5,0.56,False,
0.100_0.500_0.560,R,upper,7,auto,free,True,True,3.0349394559088143,0.1,0.5,0.56,False,
0.100_0.500_0.560,R,upper,8,auto,free,True,True,2.6053746238102917,0.1,0.5,0.56,False,
0.100_0.500_0.560,R,upper,9,auto,free,True,True,3.0759897827936635,0.1,0.5,0.56,False,
0.100_0.500_0.560,R,upper,10,auto,free,True,True,2.8259008625583517,0.1,0.5,0.56,False,
0.100_0.500_0.560,R,upper,11,auto,free,True,True,3.4795049861845477,0.1,0.5,0.56,False,
0.100_0.500_0.560,R,upper,12,auto,free,True,True,2.5236534690258834,0.1,0.5,0.56,False,
0.100_0.500_0.560,R,upper,13,auto,free,True,True,2.687748888719411,0.1,0.5,0.56,False,
0.100_0.500_0.560,R,upper,14,auto,free,True,True,2.8498523430254097,0.1,0.5,0.56,False,
0.100_0.500_0.560,R,upper,15,auto,free,True,True,2.403307905294599,0.1,0.5,0.56,False,
0.100_0.500_0.560,R,upper,16,auto,free,True,True,2.427091975288124,0.1,0.5,0.56,False,
0.100_0.500_0.560,R,upper,17,auto,free,True,True,2.4952507447393284,0.1,0.5,0.56,False,
0.100_0.550_0.560,R,upper,0,auto,free,False,True,2.794866518599374,0.1,0.55,0.56,False,
0.100_0.550_0.560,R,upper,1,auto,free,False,True,3.208159514074704,0.1,0.55,0.56,False,
0.100_0.550_0.560,R,upper,2,auto,free,False,True,2.8674987888145242,0.1,0.55,0.56,False,
0.100_0.550_0.560,R,upper,3,auto,free,False,True,2.71559170266679,0.1,0.55,0.56,True,figures/0p100_0p550_0p560_R_ik3_free_BEST.png
0.100_0.550_0.560,R,upper,4,auto,free,False,True,2.7911464746272223,0.1,0.55,0.56,False,
0.100_0.550_0.560,R,upper,5,auto,free,False,True,3.2894862087042083,0.1,0.55,0.56,False,
0.100_0.550_0.560,R,upper,6,auto,free,False,True,3.016566641010777,0.1,0.55,0.56,False,
0.100_0.550_0.560,R,upper,7,auto,free,False,True,2.875700269115441,0.1,0.55,0.56,False,
0.100_0.550_0.560,R,upper,8,auto,free,False,True,3.4573575037791384,0.1,0.55,0.56,False,
0.100_0.550_0.560,R,upper,9,auto,free,False,True,2.951764223802159,0.1,0.55,0.56,False,
0.100_0.550_0.560,R,upper,10,auto,free,False,True,3.5276538453346618,0.1,0.55,0.56,False,
0.100_0.550_0.560,R,upper,11,auto,free,False,True,3.184959492651884,0.1,0.55,0.56,False,
0.150_-0.300_0.560,L,lower,0,auto,free,True,True,2.285422693545673,0.15,-0.3,0.56,False,
0.150_-0.300_0.560,L,lower,1,auto,free,True,True,2.543809890160102,0.15,-0.3,0.56,False,
0.150_-0.300_0.560,L,lower,2,auto,free,True,True,2.4094215158916485,0.15,-0.3,0.56,False,
0.150_-0.300_0.560,L,lower,3,auto,free,True,True,1.871644043051215,0.15,-0.3,0.56,True,figures/0p150_-0p300_0p560_L_ik3_free_BEST.png
0.150_-0.300_0.560,L,lower,4,auto,free,True,True,2.712734089176645,0.15,-0.3,0.56,False,
0.150_-0.300_0.560,L,lower,5,auto,free,True,True,2.111980484557761,0.15,-0.3,0.56,False,
0.150_-0.300_0.560,L,lower,6,auto,free,True,True,2.8437960270534752,0.15,-0.3,0.56,False,
0.150_-0.300_0.560,L,lower,7,auto,free,True,True,2.52096896533605,0.15,-0.3,0.56,False,
0.150_-0.300_0.560,L,lower,8,auto,free,True,True,2.7628923993793024,0.15,-0.3,0.56,False,
0.150_-0.300_0.560,R,lower,0,auto,free,True,True,1.6305410592289655,0.15,-0.3,0.56,False,
0.150_-0.300_0.560,R,lower,1,auto,free,True,True,1.2804741227571013,0.15,-0.3,0.56,False,
0.150_-0.300_0.560,R,lower,2,auto,free,True,True,1.665289044501831,0.15,-0.3,0.56,False,
0.150_-0.300_0.560,R,lower,3,auto,free,True,True,0.44694227835719813,0.15,-0.3,0.56,False,
0.150_-0.300_0.560,R,lower,4,auto,free,True,True,1.0,0.15,-0.3,0.56,False,
0.150_-0.300_0.560,R,lower,5,auto,free,True,True,0.8749874947944529,0.15,-0.3,0.56,False,
0.150_-0.300_0.560,R,lower,6,auto,free,True,True,0.284789673223548,0.15,-0.3,0.56,False,
0.150_-0.300_0.560,R,lower,7,auto,free,True,True,1.0,0.15,-0.3,0.56,False,
0.150_-0.300_0.560,R,lower,8,auto,free,True,True,1.0204528111592275,0.15,-0.3,0.56,False,
0.150_-0.300_0.560,R,lower,9,auto,free,True,True,0.29827631995062687,0.15,-0.3,0.56,False,
0.150_-0.300_0.560,R,lower,10,auto,free,True,True,0.9514900196766352,0.15,-0.3,0.56,False,
0.150_-0.300_0.560,R,lower,11,auto,free,True,True,2.465543590444035,0.15,-0.3,0.56,False,
0.150_-0.300_0.560,R,lower,12,auto,free,True,True,0.2541916502734085,0.15,-0.3,0.56,True,figures/0p150_-0p300_0p560_R_ik12_free_BEST.png
0.150_-0.300_0.560,R,lower,13,auto,free,True,True,1.0422090354637858,0.15,-0.3,0.56,False,
0.150_-0.300_0.560,R,lower,14,auto,free,True,True,0.7250865969305771,0.15,-0.3,0.56,False,
0.150_-0.300_0.560,R,lower,15,auto,free,True,True,0.4384259266747037,0.15,-0.3,0.56,False,
0.150_-0.300_0.560,R,lower,16,auto,free,True,True,1.6064874995918157,0.15,-0.3,0.56,False,
0.150_-0.300_0.560,R,lower,17,auto,free,True,True,1.9371661939827036,0.15,-0.3,0.56,False,
0.150_-0.300_0.560,R,lower,18,auto,free,True,True,2.4981439104419003,0.15,-0.3,0.56,False,
0.150_-0.300_0.560,R,lower,19,auto,free,True,True,1.9300375924476532,0.15,-0.3,0.56,False,
0.150_-0.300_0.560,R,lower,20,auto,free,True,True,1.8297753524277942,0.15,-0.3,0.56,False,
0.150_-0.300_0.560,R,lower,21,auto,free,True,True,2.454397458513864,0.15,-0.3,0.56,False,
0.150_-0.300_0.560,R,lower,22,auto,free,True,True,2.0887037796531756,0.15,-0.3,0.56,False,
0.150_-0.300_0.560,R,lower,23,auto,free,True,True,1.5455057098773906,0.15,-0.3,0.56,False,
0.150_-0.300_0.560,R,lower,24,auto,free,True,True,2.9296331328902037,0.15,-0.3,0.56,False,
0.150_-0.300_0.560,R,lower,25,auto,free,True,True,2.6510047564775943,0.15,-0.3,0.56,False,
0.150_-0.300_0.560,R,lower,26,auto,free,True,True,2.5999999046325684,0.15,-0.3,0.56,False,
0.150_-0.300_0.560,R,lower,27,auto,free,True,True,2.037704200444902,0.15,-0.3,0.56,False,
0.150_-0.300_0.560,R,lower,28,auto,free,True,True,3.0,0.15,-0.3,0.56,False,
0.150_-0.300_0.560,R,lower,29,auto,free,True,True,2.440036026817215,0.15,-0.3,0.56,False,
0.150_-0.300_0.560,R,lower,30,auto,free,True,True,2.2963413584288794,0.15,-0.3,0.56,False,
0.150_-0.300_0.560,R,lower,31,auto,free,True,True,2.945762967709818,0.15,-0.3,0.56,False,
0.150_-0.300_0.560,R,lower,32,auto,free,True,True,1.859839619042369,0.15,-0.3,0.56,False,
0.150_-0.300_0.560,R,lower,33,auto,free,True,True,2.4538749465183978,0.15,-0.3,0.56,False,
0.150_-0.300_0.560,R,lower,34,auto,free,True,True,3.0,0.15,-0.3,0.56,False,
0.150_-0.300_0.560,R,lower,35,auto,free,True,True,2.6677899022775056,0.15,-0.3,0.56,False,
0.150_-0.300_0.560,R,lower,36,auto,free,True,True,2.6611669633747534,0.15,-0.3,0.56,False,
0.150_-0.300_0.560,R,lower,37,auto,free,True,True,3.0,0.15,-0.3,0.56,False,
0.150_-0.300_0.560,R,lower,38,auto,free,True,True,2.9798937042775195,0.15,-0.3,0.56,False,
0.150_-0.300_0.560,R,lower,39,auto,free,True,True,3.0,0.15,-0.3,0.56,False,
0.150_-0.300_0.560,R,lower,40,auto,free,True,True,3.0,0.15,-0.3,0.56,False,
0.150_-0.300_0.560,R,lower,41,auto,free,True,True,3.0,0.15,-0.3,0.56,False,
0.150_-0.300_0.560,R,lower,42,auto,free,True,True,0.9145950289076383,0.15,-0.3,0.56,False,
0.150_-0.300_0.560,R,lower,43,auto,free,True,True,1.023644417407265,0.15,-0.3,0.56,False,
0.150_-0.300_0.560,R,lower,44,auto,free,True,True,1.0,0.15,-0.3,0.56,False,
0.150_-0.350_0.560,L,lower,0,auto,free,True,True,2.3696742330403255,0.15,-0.35,0.56,False,
0.150_-0.350_0.560,L,lower,1,auto,free,True,True,2.253987496856233,0.15,-0.35,0.56,True,figures/0p150_-0p350_0p560_L_ik1_free_BEST.png
0.150_-0.350_0.560,L,lower,2,auto,free,True,True,2.565249168360399,0.15,-0.35,0.56,False,
0.150_-0.350_0.560,L,lower,3,auto,free,True,True,2.371772007146761,0.15,-0.35,0.56,False,
0.150_-0.350_0.560,L,lower,4,auto,free,True,True,2.306414299966176,0.15,-0.35,0.56,False,
0.150_-0.350_0.560,L,lower,5,auto,free,True,True,2.4792595354301006,0.15,-0.35,0.56,False,
0.150_-0.350_0.560,R,lower,0,auto,free,True,True,0.8534877732075081,0.15,-0.35,0.56,False,
0.150_-0.350_0.560,R,lower,1,auto,free,True,True,0.8038385068910117,0.15,-0.35,0.56,False,
0.150_-0.350_0.560,R,lower,2,auto,free,True,True,0.82611071363063,0.15,-0.35,0.56,False,
0.150_-0.350_0.560,R,lower,3,auto,free,True,True,0.306611427519873,0.15,-0.35,0.56,False,
0.150_-0.350_0.560,R,lower,4,auto,free,True,True,1.1645016906724273,0.15,-0.35,0.56,False,
0.150_-0.350_0.560,R,lower,5,auto,free,True,True,2.2721018998515254,0.15,-0.35,0.56,False,
0.150_-0.350_0.560,R,lower,6,auto,free,True,True,0.2959749262747353,0.15,-0.35,0.56,False,
0.150_-0.350_0.560,R,lower,7,auto,free,True,True,1.5554850787271488,0.15,-0.35,0.56,False,
0.150_-0.350_0.560,R,lower,8,auto,free,True,True,0.4926233657540191,0.15,-0.35,0.56,False,
0.150_-0.350_0.560,R,lower,9,auto,free,True,True,0.2518164810942376,0.15,-0.35,0.56,True,figures/0p150_-0p350_0p560_R_ik9_free_BEST.png
0.150_-0.350_0.560,R,lower,10,auto,free,True,True,0.9817198806077383,0.15,-0.35,0.56,False,
0.150_-0.350_0.560,R,lower,11,auto,free,True,True,1.9262007679224638,0.15,-0.35,0.56,False,
0.150_-0.350_0.560,R,lower,12,auto,free,True,True,0.4316173157669745,0.15,-0.35,0.56,False,
0.150_-0.350_0.560,R,lower,13,auto,free,True,True,1.2872071129888725,0.15,-0.35,0.56,False,
0.150_-0.350_0.560,R,lower,14,auto,free,True,True,2.0590130765173194,0.15,-0.35,0.56,False,
0.150_-0.350_0.560,R,lower,15,auto,free,True,True,0.7933159949108659,0.15,-0.35,0.56,False,
0.150_-0.350_0.560,R,lower,16,auto,free,True,True,1.9226933271013333,0.15,-0.35,0.56,False,
0.150_-0.350_0.560,R,lower,17,auto,free,True,True,2.0622426303194867,0.15,-0.35,0.56,False,
0.150_-0.350_0.560,R,lower,18,auto,free,True,True,2.179344869839656,0.15,-0.35,0.56,False,
0.150_-0.350_0.560,R,lower,19,auto,free,True,True,2.2768139247408117,0.15,-0.35,0.56,False,
0.150_-0.350_0.560,R,lower,20,auto,free,True,True,1.7187204085196193,0.15,-0.35,0.56,False,
0.150_-0.350_0.560,R,lower,21,auto,free,True,True,2.159827939454825,0.15,-0.35,0.56,False,
0.150_-0.350_0.560,R,lower,22,auto,free,True,True,2.250912757867668,0.15,-0.35,0.56,False,
0.150_-0.350_0.560,R,lower,23,auto,free,True,True,2.4848680573175783,0.15,-0.35,0.56,False,
0.150_-0.350_0.560,R,lower,24,auto,free,True,True,2.0411785176181905,0.15,-0.35,0.56,False,
0.150_-0.350_0.560,R,lower,25,auto,free,True,True,3.0,0.15,-0.35,0.56,False,
0.150_-0.350_0.560,R,lower,26,auto,free,True,True,1.611371179406401,0.15,-0.35,0.56,False,
0.150_-0.350_0.560,R,lower,27,auto,free,True,True,2.439995963722827,0.15,-0.35,0.56,False,
0.150_-0.350_0.560,R,lower,28,auto,free,True,True,3.0,0.15,-0.35,0.56,False,
0.150_-0.350_0.560,R,lower,29,auto,free,True,True,2.3072863889900495,0.15,-0.35,0.56,False,
0.150_-0.350_0.560,R,lower,30,auto,free,True,True,3.0,0.15,-0.35,0.56,False,
0.150_-0.350_0.560,R,lower,31,auto,free,True,True,2.9999575909708085,0.15,-0.35,0.56,False,
0.150_-0.350_0.560,R,lower,32,auto,free,True,True,2.6693270350289264,0.15,-0.35,0.56,False,
0.150_-0.350_0.560,R,lower,33,auto,free,True,True,2.999750185207689,0.15,-0.35,0.56,False,
0.150_-0.350_0.560,R,lower,34,auto,free,True,True,3.0,0.15,-0.35,0.56,False,
0.150_-0.350_0.560,R,lower,35,auto,free,True,True,2.9807970242450166,0.15,-0.35,0.56,False,
0.150_-0.400_0.560,R,lower,0,auto,free,False,True,0.6404546128519164,0.15,-0.4,0.56,False,
0.150_-0.400_0.560,R,lower,1,auto,free,False,True,1.0,0.15,-0.4,0.56,False,
0.150_-0.400_0.560,R,lower,2,auto,free,False,True,0.9989533831996114,0.15,-0.4,0.56,False,
0.150_-0.400_0.560,R,lower,3,auto,free,False,True,0.29367283667154753,0.15,-0.4,0.56,False,
0.150_-0.400_0.560,R,lower,4,auto,free,False,True,2.249996775506097,0.15,-0.4,0.56,False,
0.150_-0.400_0.560,R,lower,5,auto,free,False,True,1.1614424749569543,0.15,-0.4,0.56,False,
0.150_-0.400_0.560,R,lower,6,auto,free,False,True,0.24944104336559114,0.15,-0.4,0.56,True,figures/0p150_-0p400_0p560_R_ik6_free_BEST.png
0.150_-0.400_0.560,R,lower,7,auto,free,False,True,1.3613613187181945,0.15,-0.4,0.56,False,
0.150_-0.400_0.560,R,lower,8,auto,free,False,True,1.550264685017625,0.15,-0.4,0.56,False,
0.150_-0.400_0.560,R,lower,9,auto,free,False,True,0.429125618731518,0.15,-0.4,0.56,False,
0.150_-0.400_0.560,R,lower,10,auto,free,False,True,1.2812726730507868,0.15,-0.4,0.56,False,
0.150_-0.400_0.560,R,lower,11,auto,free,False,True,1.2139257793322775,0.15,-0.4,0.56,False,
0.150_-0.400_0.560,R,lower,12,auto,free,False,True,0.7868798049115071,0.15,-0.4,0.56,False,
0.150_-0.400_0.560,R,lower,13,auto,free,False,True,1.9185497503093607,0.15,-0.4,0.56,False,
0.150_-0.400_0.560,R,lower,14,auto,free,False,True,1.186108703734425,0.15,-0.4,0.56,False,
0.150_-0.400_0.560,R,lower,15,auto,free,False,True,1.191771934170949,0.15,-0.4,0.56,False,
0.150_-0.400_0.560,R,lower,16,auto,free,False,True,2.267569079390113,0.15,-0.4,0.56,False,
0.150_-0.400_0.560,R,lower,17,auto,free,False,True,1.1494879275146965,0.15,-0.4,0.56,False,
0.150_-0.400_0.560,R,lower,18,auto,free,False,True,1.6533994036345652,0.15,-0.4,0.56,False,
0.150_-0.400_0.560,R,lower,19,auto,free,False,True,2.644196801294001,0.15,-0.4,0.56,False,
0.150_-0.400_0.560,R,lower,20,auto,free,False,True,1.5078443640962023,0.15,-0.4,0.56,False,
0.150_-0.400_0.560,R,lower,21,auto,free,False,True,2.0535200780095084,0.15,-0.4,0.56,False,
0.150_-0.400_0.560,R,lower,22,auto,free,False,True,3.0,0.15,-0.4,0.56,False,
0.150_-0.400_0.560,R,lower,23,auto,free,False,True,1.9005746768291911,0.15,-0.4,0.56,False,
0.150_-0.400_0.560,R,lower,24,auto,free,False,True,2.5999999046325684,0.15,-0.4,0.56,False,
0.150_-0.400_0.560,R,lower,25,auto,free,False,True,2.8157479658687206,0.15,-0.4,0.56,False,
0.150_-0.400_0.560,R,lower,26,auto,free,False,True,2.3165127087742907,0.15,-0.4,0.56,False,
0.150_-0.400_0.560,R,lower,27,auto,free,False,True,2.592199059882041,0.15,-0.4,0.56,False,
0.150_-0.400_0.560,R,lower,28,auto,free,False,True,3.0,0.15,-0.4,0.56,False,
0.150_-0.400_0.560,R,lower,29,auto,free,False,True,2.712961173419643,0.15,-0.4,0.56,False,
0.150_-0.400_0.560,R,lower,30,auto,free,False,True,3.0,0.15,-0.4,0.56,False,
0.150_-0.400_0.560,R,lower,31,auto,free,False,True,3.0,0.15,-0.4,0.56,False,
0.150_-0.400_0.560,R,lower,32,auto,free,False,True,2.9817019428823412,0.15,-0.4,0.56,False,
0.150_-0.450_0.560,R,lower,0,auto,safe,False,True,1.7382592928038552,0.15,-0.45,0.56,False,
0.150_-0.450_0.560,R,lower,1,auto,safe,False,True,1.553704085896706,0.15,-0.45,0.56,False,
0.150_-0.450_0.560,R,lower,2,auto,safe,False,True,2.504043632501373,0.15,-0.45,0.56,False,
0.150_-0.450_0.560,R,lower,3,auto,safe,False,True,1.826015434305403,0.15,-0.45,0.56,False,
0.150_-0.450_0.560,R,lower,4,auto,safe,False,True,1.3031099730240316,0.15,-0.45,0.56,True,figures/0p150_-0p450_0p560_R_ik4_safe_BEST.png
0.150_-0.450_0.560,R,lower,5,auto,safe,False,True,2.326430881945118,0.15,-0.45,0.56,False,
0.150_-0.450_0.560,R,lower,6,auto,safe,False,True,1.8074178905762301,0.15,-0.45,0.56,False,
0.150_-0.500_0.560,R,lower,0,auto,safe,False,True,1.462083662524913,0.15,-0.5,0.56,False,
0.150_-0.500_0.560,R,lower,1,auto,safe,False,True,2.3677090224322077,0.15,-0.5,0.56,False,
0.150_-0.500_0.560,R,lower,2,auto,safe,False,True,1.736950118715586,0.15,-0.5,0.56,False,
0.150_-0.500_0.560,R,lower,3,auto,safe,False,True,1.8344738457544407,0.15,-0.5,0.56,False,
0.150_-0.500_0.560,R,lower,4,auto,safe,False,True,1.831972831863557,0.15,-0.5,0.56,False,
0.150_-0.500_0.560,R,lower,5,auto,safe,False,True,1.1907105856583051,0.15,-0.5,0.56,True,figures/0p150_-0p500_0p560_R_ik5_safe_BEST.png
0.150_-0.500_0.560,R,lower,6,auto,safe,False,True,2.3576366596979024,0.15,-0.5,0.56,False,
0.150_-0.550_0.560,R,lower,0,auto,safe,False,True,1.505911972282368,0.15,-0.55,0.56,False,
0.150_-0.550_0.560,R,lower,1,auto,safe,False,True,1.005979401115166,0.15,-0.55,0.56,True,figures/0p150_-0p550_0p560_R_ik1_safe_BEST.png
0.150_-0.550_0.560,R,lower,2,auto,safe,False,True,2.041696172784867,0.15,-0.55,0.56,False,
0.150_-0.550_0.560,R,lower,3,auto,safe,False,True,1.840470231406519,0.15,-0.55,0.56,False,
0.150_-0.550_0.560,R,lower,4,auto,safe,False,True,1.5814801536782792,0.15,-0.55,0.56,False,
0.150_-0.550_0.560,R,lower,5,auto,safe,False,True,1.4303213383762161,0.15,-0.55,0.56,False,
0.150_-0.550_0.560,R,lower,6,auto,safe,False,True,1.7915677547978008,0.15,-0.55,0.56,False,
0.150_-0.600_0.560,R,lower,0,auto,safe,False,True,1.9675773342528475,0.15,-0.6,0.56,False,
0.150_-0.600_0.560,R,lower,1,auto,safe,False,True,1.837373355433812,0.15,-0.6,0.56,False,
0.150_-0.600_0.560,R,lower,2,auto,safe,False,True,1.936888130615916,0.15,-0.6,0.56,False,
0.150_-0.600_0.560,R,lower,3,auto,safe,False,True,1.3546006635845997,0.15,-0.6,0.56,False,
0.150_-0.600_0.560,R,lower,4,auto,safe,False,True,2.111334625660659,0.15,-0.6,0.56,False,
0.150_-0.600_0.560,R,lower,5,auto,safe,False,True,1.8102207128737766,0.15,-0.6,0.56,False,
0.150_-0.600_0.560,R,lower,6,auto,safe,False,True,2.0380035379644625,0.15,-0.6,0.56,False,
0.150_-0.600_0.560,R,lower,7,auto,safe,False,True,1.0847054874593178,0.15,-0.6,0.56,True,figures/0p150_-0p600_0p560_R_ik7_safe_BEST.png
0.150_0.300_0.560,L,upper,0,auto,free,True,True,1.4195174486049722,0.15,0.3,0.56,False,
0.150_0.300_0.560,L,upper,1,auto,free,True,True,1.1577173354384152,0.15,0.3,0.56,False,
0.150_0.300_0.560,L,upper,2,auto,free,True,True,1.2777792998235122,0.15,0.3,0.56,False,
0.150_0.300_0.560,L,upper,3,auto,free,True,True,0.8695620708594904,0.15,0.3,0.56,True,figures/0p150_0p300_0p560_L_ik3_free_BEST.png
0.150_0.300_0.560,L,upper,4,auto,free,True,True,1.668945007109707,0.15,0.3,0.56,False,
0.150_0.300_0.560,L,upper,5,auto,free,True,True,1.7118083760097993,0.15,0.3,0.56,False,
0.150_0.300_0.560,L,upper,6,auto,free,True,True,1.141832902500828,0.15,0.3,0.56,False,
0.150_0.300_0.560,L,upper,7,auto,free,True,True,1.2644659772224418,0.15,0.3,0.56,False,
0.150_0.300_0.560,L,upper,8,auto,free,True,True,1.9438803261501896,0.15,0.3,0.56,False,
0.150_0.300_0.560,L,upper,9,auto,free,True,True,1.7016224152447106,0.15,0.3,0.56,False,
0.150_0.300_0.560,L,upper,10,auto,free,True,True,1.9037872604498474,0.15,0.3,0.56,False,
0.150_0.300_0.560,L,upper,11,auto,free,True,True,1.5564676715035475,0.15,0.3,0.56,False,
0.150_0.300_0.560,L,upper,12,auto,free,True,True,2.018307520784068,0.15,0.3,0.56,False,
0.150_0.300_0.560,L,upper,13,auto,free,True,True,2.036341193743402,0.15,0.3,0.56,False,
0.150_0.300_0.560,L,upper,14,auto,free,True,True,2.1622904515143775,0.15,0.3,0.56,False,
0.150_0.300_0.560,R,upper,0,auto,free,True,True,1.8411889246968913,0.15,0.3,0.56,False,
0.150_0.300_0.560,R,upper,1,auto,free,True,True,1.5923943196115231,0.15,0.3,0.56,False,
0.150_0.300_0.560,R,upper,2,auto,free,True,True,3.6053219058475756,0.15,0.3,0.56,False,
0.150_0.300_0.560,R,upper,3,auto,free,True,True,2.445124776682175,0.15,0.3,0.56,False,
0.150_0.300_0.560,R,upper,4,auto,free,True,True,2.4989999999525025,0.15,0.3,0.56,False,
0.150_0.300_0.560,R,upper,5,auto,free,True,True,2.1321855627903963,0.15,0.3,0.56,False,
0.150_0.300_0.560,R,upper,6,auto,free,True,True,2.4822921590960414,0.15,0.3,0.56,False,
0.150_0.300_0.560,R,upper,7,auto,free,True,True,3.0819405761219745,0.15,0.3,0.56,False,
0.150_0.300_0.560,R,upper,8,auto,free,True,True,2.383558122086102,0.15,0.3,0.56,False,
0.150_0.300_0.560,R,upper,9,auto,free,True,True,2.217079457353205,0.15,0.3,0.56,False,
0.150_0.300_0.560,R,upper,10,auto,free,True,True,2.3440626106597584,0.15,0.3,0.56,False,
0.150_0.300_0.560,R,upper,11,auto,free,True,True,3.0187594586095705,0.15,0.3,0.56,False,
0.150_0.300_0.560,R,upper,12,auto,free,True,True,2.2436238224031095,0.15,0.3,0.56,False,
0.150_0.300_0.560,R,upper,13,auto,free,True,True,3.380585075753457,0.15,0.3,0.56,False,
0.150_0.300_0.560,R,upper,14,auto,free,True,True,2.183181178096662,0.15,0.3,0.56,False,
0.150_0.300_0.560,R,upper,15,auto,free,True,True,3.1069793266377883,0.15,0.3,0.56,False,
0.150_0.300_0.560,R,upper,16,auto,free,True,True,3.0602217550166397,0.15,0.3,0.56,False,
0.150_0.300_0.560,R,upper,17,auto,free,True,True,3.4256230511529386,0.15,0.3,0.56,False,
0.150_0.300_0.560,R,upper,18,auto,free,True,True,3.032587166819389,0.15,0.3,0.56,False,
0.150_0.300_0.560,R,upper,19,auto,free,True,True,3.099568673714195,0.15,0.3,0.56,False,
0.150_0.300_0.560,R,upper,20,auto,free,True,True,3.761297058076364,0.15,0.3,0.56,False,
0.150_0.300_0.560,R,upper,21,auto,free,True,True,2.9400962178857215,0.15,0.3,0.56,False,
0.150_0.300_0.560,R,upper,22,auto,free,True,True,2.9677688196371594,0.15,0.3,0.56,False,
0.150_0.300_0.560,R,upper,23,auto,free,True,True,3.09088261557243,0.15,0.3,0.56,False,
0.150_0.300_0.560,R,upper,24,auto,free,True,True,1.9698349942141067,0.15,0.3,0.56,False,
0.150_0.300_0.560,R,upper,25,auto,free,True,True,2.508575758625782,0.15,0.3,0.56,False,
0.150_0.300_0.560,R,upper,26,auto,free,True,True,2.438809788210353,0.15,0.3,0.56,False,
0.150_0.300_0.560,R,upper,27,auto,free,True,True,2.0432477742593442,0.15,0.3,0.56,False,
0.150_0.300_0.560,R,upper,28,auto,free,True,True,2.3619190042449265,0.15,0.3,0.56,False,
0.150_0.300_0.560,R,upper,29,auto,free,True,True,2.52218193219304,0.15,0.3,0.56,False,
0.150_0.300_0.560,R,upper,30,auto,free,True,True,3.1331753580236112,0.15,0.3,0.56,False,
0.150_0.300_0.560,R,upper,31,auto,free,True,True,1.7117458128865621,0.15,0.3,0.56,False,
0.150_0.300_0.560,R,upper,32,auto,free,True,True,2.3568834887692933,0.15,0.3,0.56,False,
0.150_0.300_0.560,R,upper,33,auto,free,True,True,1.038814249683159,0.15,0.3,0.56,True,figures/0p150_0p300_0p560_R_ik33_free_BEST.png
0.150_0.300_0.560,R,upper,34,auto,free,True,True,1.497716812510004,0.15,0.3,0.56,False,
0.150_0.300_0.560,R,upper,35,auto,free,True,True,3.922150050162628,0.15,0.3,0.56,False,
0.150_0.300_0.560,R,upper,36,auto,free,True,True,1.4329651063502944,0.15,0.3,0.56,False,
0.150_0.300_0.560,R,upper,37,auto,free,True,True,1.3912322548320604,0.15,0.3,0.56,False,
0.150_0.300_0.560,R,upper,38,auto,free,True,True,2.6857275835075383,0.15,0.3,0.56,False,
0.150_0.350_0.560,L,upper,0,auto,free,True,True,1.1721598426278415,0.15,0.35,0.56,False,
0.150_0.350_0.560,L,upper,1,auto,free,True,True,1.5035687071036987,0.15,0.35,0.56,False,
0.150_0.350_0.560,L,upper,2,auto,free,True,True,0.9826789292117892,0.15,0.35,0.56,True,figures/0p150_0p350_0p560_L_ik2_free_BEST.png
0.150_0.350_0.560,L,upper,3,auto,free,True,True,1.138866522937585,0.15,0.35,0.56,False,
0.150_0.350_0.560,L,upper,4,auto,free,True,True,1.3822334565349972,0.15,0.35,0.56,False,
0.150_0.350_0.560,L,upper,5,auto,free,True,True,1.8571886136142308,0.15,0.35,0.56,False,
0.150_0.350_0.560,L,upper,6,auto,free,True,True,1.55052755936919,0.15,0.35,0.56,False,
0.150_0.350_0.560,L,upper,7,auto,free,True,True,1.8546021799536596,0.15,0.35,0.56,False,
0.150_0.350_0.560,L,upper,8,auto,free,True,True,1.7234921880705483,0.15,0.35,0.56,False,
0.150_0.350_0.560,R,upper,0,auto,free,True,True,2.480942771317614,0.15,0.35,0.56,False,
0.150_0.350_0.560,R,upper,1,auto,free,True,True,2.472895323381124,0.15,0.35,0.56,False,
0.150_0.350_0.560,R,upper,2,auto,free,True,True,2.3988899404868333,0.15,0.35,0.56,False,
0.150_0.350_0.560,R,upper,3,auto,free,True,True,2.6379054821486916,0.15,0.35,0.56,False,
0.150_0.350_0.560,R,upper,4,auto,free,True,True,3.0887764636011914,0.15,0.35,0.56,False,
0.150_0.350_0.560,R,upper,5,auto,free,True,True,2.961992385280638,0.15,0.35,0.56,False,
0.150_0.350_0.560,R,upper,6,auto,free,True,True,2.3063279223764086,0.15,0.35,0.56,False,
0.150_0.350_0.560,R,upper,7,auto,free,True,True,2.5107571187517674,0.15,0.35,0.56,False,
0.150_0.350_0.560,R,upper,8,auto,free,True,True,2.4958271885206567,0.15,0.35,0.56,False,
0.150_0.350_0.560,R,upper,9,auto,free,True,True,2.849209039449355,0.15,0.35,0.56,False,
0.150_0.350_0.560,R,upper,10,auto,free,True,True,3.006914336338868,0.15,0.35,0.56,False,
0.150_0.350_0.560,R,upper,11,auto,free,True,True,2.487083930220278,0.15,0.35,0.56,False,
0.150_0.350_0.560,R,upper,12,auto,free,True,True,1.9631974459125445,0.15,0.35,0.56,False,
0.150_0.350_0.560,R,upper,13,auto,free,True,True,2.8170275983742465,0.15,0.35,0.56,False,
0.150_0.350_0.560,R,upper,14,auto,free,True,True,2.9171967691336698,0.15,0.35,0.56,False,
0.150_0.350_0.560,R,upper,15,auto,free,True,True,3.0,0.15,0.35,0.56,False,
0.150_0.350_0.560,R,upper,16,auto,free,True,True,3.4583093048028557,0.15,0.35,0.56,False,
0.150_0.350_0.560,R,upper,17,auto,free,True,True,2.287168704887098,0.15,0.35,0.56,False,
0.150_0.350_0.560,R,upper,18,auto,free,True,True,3.0130050194532867,0.15,0.35,0.56,False,
0.150_0.350_0.560,R,upper,19,auto,free,True,True,3.083212312744962,0.15,0.35,0.56,False,
0.150_0.350_0.560,R,upper,20,auto,free,True,True,3.058140955218609,0.15,0.35,0.56,False,
0.150_0.350_0.560,R,upper,21,auto,free,True,True,2.375349125919619,0.15,0.35,0.56,False,
0.150_0.350_0.560,R,upper,22,auto,free,True,True,2.512927356967357,0.15,0.35,0.56,False,
0.150_0.350_0.560,R,upper,23,auto,free,True,True,2.3024570738850336,0.15,0.35,0.56,False,
0.150_0.350_0.560,R,upper,24,auto,free,True,True,2.417907913424367,0.15,0.35,0.56,False,
0.150_0.350_0.560,R,upper,25,auto,free,True,True,2.586882049447147,0.15,0.35,0.56,False,
0.150_0.350_0.560,R,upper,26,auto,free,True,True,2.9702333567156574,0.15,0.35,0.56,False,
0.150_0.350_0.560,R,upper,27,auto,free,True,True,2.3847222458543724,0.15,0.35,0.56,False,
0.150_0.350_0.560,R,upper,28,auto,free,True,True,1.7296704275133155,0.15,0.35,0.56,False,
0.150_0.350_0.560,R,upper,29,auto,free,True,True,2.5390785765952226,0.15,0.35,0.56,False,
0.150_0.350_0.560,R,upper,30,auto,free,True,True,2.0031850973712366,0.15,0.35,0.56,False,
0.150_0.350_0.560,R,upper,31,auto,free,True,True,1.3655653942366128,0.15,0.35,0.56,True,figures/0p150_0p350_0p560_R_ik31_free_BEST.png
0.150_0.350_0.560,R,upper,32,auto,free,True,True,2.947151325125943,0.15,0.35,0.56,False,
0.150_0.350_0.560,R,upper,33,auto,free,True,True,2.1668910541153164,0.15,0.35,0.56,False,
0.150_0.350_0.560,R,upper,34,auto,free,True,True,1.7916602175427143,0.15,0.35,0.56,False,
0.150_0.350_0.560,R,upper,35,auto,free,True,True,3.235650781959447,0.15,0.35,0.56,False,
0.150_0.400_0.560,L,upper,0,auto,free,True,True,1.2707976241972636,0.15,0.4,0.56,False,
0.150_0.400_0.560,L,upper,1,auto,free,True,True,1.1876896610845475,0.15,0.4,0.56,True,figures/0p150_0p400_0p560_L_ik1_free_BEST.png
0.150_0.400_0.560,L,upper,2,auto,free,True,True,1.3572129019184545,0.15,0.4,0.56,False,
0.150_0.400_0.560,L,upper,3,auto,free,True,True,1.5506926090722026,0.15,0.4,0.56,False,
0.150_0.400_0.560,L,upper,4,auto,free,True,True,1.5593712305636314,0.15,0.4,0.56,False,
0.150_0.400_0.560,L,upper,5,auto,free,True,True,1.5292920354951252,0.15,0.4,0.56,False,
0.150_0.400_0.560,R,upper,0,auto,free,True,True,2.8160813830016442,0.15,0.4,0.56,False,
0.150_0.400_0.560,R,upper,1,auto,free,True,True,2.3511236642634166,0.15,0.4,0.56,False,
0.150_0.400_0.560,R,upper,2,auto,free,True,True,3.6692804368351273,0.15,0.4,0.56,False,
0.150_0.400_0.560,R,upper,3,auto,free,True,True,2.094783765064772,0.15,0.4,0.56,False,
0.150_0.400_0.560,R,upper,4,auto,free,True,True,2.989786945897067,0.15,0.4,0.56,False,
0.150_0.400_0.560,R,upper,5,auto,free,True,True,2.3231965917185264,0.15,0.4,0.56,False,
0.150_0.400_0.560,R,upper,6,auto,free,True,True,2.6427199893237487,0.15,0.4,0.56,False,
0.150_0.400_0.560,R,upper,7,auto,free,True,True,2.2965063017321508,0.15,0.4,0.56,False,
0.150_0.400_0.560,R,upper,8,auto,free,True,True,2.691564420002665,0.15,0.4,0.56,False,
0.150_0.400_0.560,R,upper,9,auto,free,True,True,2.890516189852503,0.15,0.4,0.56,False,
0.150_0.400_0.560,R,upper,10,auto,free,True,True,3.331794184358033,0.15,0.4,0.56,False,
0.150_0.400_0.560,R,upper,11,auto,free,True,True,1.858630279116272,0.15,0.4,0.56,False,
0.150_0.400_0.560,R,upper,12,auto,free,True,True,2.835957255331654,0.15,0.4,0.56,False,
0.150_0.400_0.560,R,upper,13,auto,free,True,True,2.999954754485596,0.15,0.4,0.56,False,
0.150_0.400_0.560,R,upper,14,auto,free,True,True,2.0438786519586163,0.15,0.4,0.56,False,
0.150_0.400_0.560,R,upper,15,auto,free,True,True,3.093207737567102,0.15,0.4,0.56,False,
0.150_0.400_0.560,R,upper,16,auto,free,True,True,3.1652954153876296,0.15,0.4,0.56,False,
0.150_0.400_0.560,R,upper,17,auto,free,True,True,3.7831798808419212,0.15,0.4,0.56,False,
0.150_0.400_0.560,R,upper,18,auto,free,True,True,2.75202738212464,0.15,0.4,0.56,False,
0.150_0.400_0.560,R,upper,19,auto,free,True,True,3.498826515352624,0.15,0.4,0.56,False,
0.150_0.400_0.560,R,upper,20,auto,free,True,True,2.443531849146538,0.15,0.4,0.56,False,
0.150_0.400_0.560,R,upper,21,auto,free,True,True,2.8821773744736996,0.15,0.4,0.56,False,
0.150_0.400_0.560,R,upper,22,auto,free,True,True,3.0181453173802177,0.15,0.4,0.56,False,
0.150_0.400_0.560,R,upper,23,auto,free,True,True,3.343592467488456,0.15,0.4,0.56,False,
0.150_0.400_0.560,R,upper,24,auto,free,True,True,2.5484981679978436,0.15,0.4,0.56,False,
0.150_0.400_0.560,R,upper,25,auto,free,True,True,3.4286238599159695,0.15,0.4,0.56,False,
0.150_0.400_0.560,R,upper,26,auto,free,True,True,1.9321565584911053,0.15,0.4,0.56,False,
0.150_0.400_0.560,R,upper,27,auto,free,True,True,1.6489491057885197,0.15,0.4,0.56,True,figures/0p150_0p400_0p560_R_ik27_free_BEST.png
0.150_0.400_0.560,R,upper,28,auto,free,True,True,2.8294696383550164,0.15,0.4,0.56,False,
0.150_0.400_0.560,R,upper,29,auto,free,True,True,3.3984044811804197,0.15,0.4,0.56,False,
0.150_0.450_0.560,R,upper,0,auto,free,True,True,2.2093484392531626,0.15,0.45,0.56,False,
0.150_0.450_0.560,R,upper,1,auto,free,True,True,2.258210224182613,0.15,0.45,0.56,False,
0.150_0.450_0.560,R,upper,2,auto,free,True,True,3.4537729525992815,0.15,0.45,0.56,False,
0.150_0.450_0.560,R,upper,3,auto,free,True,True,2.504743152358001,0.15,0.45,0.56,False,
0.150_0.450_0.560,R,upper,4,auto,free,True,True,2.7752979066175776,0.15,0.45,0.56,False,
0.150_0.450_0.560,R,upper,5,auto,free,True,True,2.1411121269623763,0.15,0.45,0.56,False,
0.150_0.450_0.560,R,upper,6,auto,free,True,True,2.9416335029958063,0.15,0.45,0.56,False,
0.150_0.450_0.560,R,upper,7,auto,free,True,True,2.3970715960361004,0.15,0.45,0.56,False,
0.150_0.450_0.560,R,upper,8,auto,free,True,True,1.9816260923425677,0.15,0.45,0.56,True,figures/0p150_0p450_0p560_R_ik8_free_BEST.png
0.150_0.450_0.560,R,upper,9,auto,free,True,True,2.666464215022977,0.15,0.45,0.56,False,
0.150_0.450_0.560,R,upper,10,auto,free,True,True,3.003957674723882,0.15,0.45,0.56,False,
0.150_0.450_0.560,R,upper,11,auto,free,True,True,2.991946956176129,0.15,0.45,0.56,False,
0.150_0.450_0.560,R,upper,12,auto,free,True,True,3.061897996103057,0.15,0.45,0.56,False,
0.150_0.450_0.560,R,upper,13,auto,free,True,True,2.539442308213025,0.15,0.45,0.56,False,
0.150_0.450_0.560,R,upper,14,auto,free,True,True,3.5757216279088686,0.15,0.45,0.56,False,
0.150_0.450_0.560,R,upper,15,auto,free,True,True,2.2304720735366668,0.15,0.45,0.56,False,
0.150_0.450_0.560,R,upper,16,auto,free,True,True,2.4043756711116844,0.15,0.45,0.56,False,
0.150_0.450_0.560,R,upper,17,auto,free,True,True,3.1269087366937782,0.15,0.45,0.56,False,
0.150_0.450_0.560,R,upper,18,auto,free,True,True,2.047290255304214,0.15,0.45,0.56,False,
0.150_0.450_0.560,R,upper,19,auto,free,True,True,2.759699883718275,0.15,0.45,0.56,False,
0.150_0.450_0.560,R,upper,20,auto,free,True,True,2.6755509404505777,0.15,0.45,0.56,False,
0.150_0.450_0.560,R,upper,21,auto,free,True,True,2.290910776099583,0.15,0.45,0.56,False,
0.150_0.450_0.560,R,upper,22,auto,free,True,True,3.478453129092247,0.15,0.45,0.56,False,
0.150_0.450_0.560,R,upper,23,auto,free,True,True,2.4989999999525025,0.15,0.45,0.56,False,
0.150_0.500_0.560,R,upper,0,auto,safe,False,True,2.922544320803577,0.15,0.5,0.56,False,
0.150_0.500_0.560,R,upper,1,auto,safe,False,True,2.441799036252296,0.15,0.5,0.56,True,figures/0p150_0p500_0p560_R_ik1_safe_BEST.png
0.150_0.550_0.560,R,upper,0,auto,safe,False,True,2.569959715973938,0.15,0.55,0.56,False,
0.150_0.550_0.560,R,upper,1,auto,safe,False,True,2.1750992699979745,0.15,0.55,0.56,True,figures/0p150_0p550_0p560_R_ik1_safe_BEST.png
0.200_-0.300_0.560,R,lower,0,auto,free,True,True,1.0,0.2,-0.3,0.56,False,
0.200_-0.300_0.560,R,lower,1,auto,free,True,True,1.0,0.2,-0.3,0.56,False,
0.200_-0.300_0.560,R,lower,2,auto,free,True,True,0.9665800732073739,0.2,-0.3,0.56,False,
0.200_-0.300_0.560,R,lower,3,auto,free,True,True,0.8378862890006236,0.2,-0.3,0.56,False,
0.200_-0.300_0.560,R,lower,4,auto,free,True,True,1.0,0.2,-0.3,0.56,False,
0.200_-0.300_0.560,R,lower,5,auto,free,True,True,1.1713399239083613,0.2,-0.3,0.56,False,
0.200_-0.300_0.560,R,lower,6,auto,free,True,True,0.45376533781188133,0.2,-0.3,0.56,False,
0.200_-0.300_0.560,R,lower,7,auto,free,True,True,1.0,0.2,-0.3,0.56,False,
0.200_-0.300_0.560,R,lower,8,auto,free,True,True,1.1849554111262184,0.2,-0.3,0.56,False,
0.200_-0.300_0.560,R,lower,9,auto,free,True,True,0.46159744712682516,0.2,-0.3,0.56,False,
0.200_-0.300_0.560,R,lower,10,auto,free,True,True,1.0885395557474924,0.2,-0.3,0.56,False,
0.200_-0.300_0.560,R,lower,11,auto,free,True,True,0.9623002686971345,0.2,-0.3,0.56,False,
0.200_-0.300_0.560,R,lower,12,auto,free,True,True,0.41608306028093267,0.2,-0.3,0.56,False,
0.200_-0.300_0.560,R,lower,13,auto,free,True,True,1.1514110658308319,0.2,-0.3,0.56,False,
0.200_-0.300_0.560,R,lower,14,auto,free,True,True,1.2391096587720545,0.2,-0.3,0.56,False,
0.200_-0.300_0.560,R,lower,15,auto,free,True,True,0.3612696659635435,0.2,-0.3,0.56,True,figures/0p200_-0p300_0p560_R_ik15_free_BEST.png
0.200_-0.300_0.560,R,lower,16,auto,free,True,True,1.3747925229100697,0.2,-0.3,0.56,False,
0.200_-0.300_0.560,R,lower,17,auto,free,True,True,0.9938931562474695,0.2,-0.3,0.56,False,
0.200_-0.300_0.560,R,lower,18,auto,free,True,True,1.798166927763122,0.2,-0.3,0.56,False,
0.200_-0.300_0.560,R,lower,19,auto,free,True,True,1.7163328794063857,0.2,-0.3,0.56,False,
0.200_-0.300_0.560,R,lower,20,auto,free,True,True,2.241297570968008,0.2,-0.3,0.56,False,
0.200_-0.300_0.560,R,lower,21,auto,free,True,True,1.7125525529894776,0.2,-0.3,0.56,False,
0.200_-0.300_0.560,R,lower,22,auto,free,True,True,2.1340085954459096,0.2,-0.3,0.56,False,
0.200_-0.300_0.560,R,lower,23,auto,free,True,True,2.445080595822359,0.2,-0.3,0.56,False,
0.200_-0.300_0.560,R,lower,24,auto,free,True,True,1.9990060340076348,0.2,-0.3,0.56,False,
0.200_-0.300_0.560,R,lower,25,auto,free,True,True,2.470329901342008,0.2,-0.3,0.56,False,
0.200_-0.300_0.560,R,lower,26,auto,free,True,True,2.180075508706442,0.2,-0.3,0.56,False,
0.200_-0.300_0.560,R,lower,27,auto,free,True,True,3.0,0.2,-0.3,0.56,False,
0.200_-0.300_0.560,R,lower,28,auto,free,True,True,2.8494452792894336,0.2,-0.3,0.56,False,
0.200_-0.300_0.560,R,lower,29,auto,free,True,True,2.229375683921883,0.2,-0.3,0.56,False,
0.200_-0.300_0.560,R,lower,30,auto,free,True,True,2.5999999046325684,0.2,-0.3,0.56,False,
0.200_-0.300_0.560,R,lower,31,auto,free,True,True,3.0,0.2,-0.3,0.56,False,
0.200_-0.300_0.560,R,lower,32,auto,free,True,True,2.522676041824318,0.2,-0.3,0.56,False,
0.200_-0.300_0.560,R,lower,33,auto,free,True,True,2.362309673747923,0.2,-0.3,0.56,False,
0.200_-0.300_0.560,R,lower,34,auto,free,True,True,3.0,0.2,-0.3,0.56,False,
0.200_-0.300_0.560,R,lower,35,auto,free,True,True,2.548093732837717,0.2,-0.3,0.56,False,
0.200_-0.300_0.560,R,lower,36,auto,free,True,True,2.6285846346513524,0.2,-0.3,0.56,False,
0.200_-0.300_0.560,R,lower,37,auto,free,True,True,2.984778397668601,0.2,-0.3,0.56,False,
0.200_-0.300_0.560,R,lower,38,auto,free,True,True,2.8472574259580523,0.2,-0.3,0.56,False,
0.200_-0.300_0.560,R,lower,39,auto,free,True,True,2.7412035644485666,0.2,-0.3,0.56,False,
0.200_-0.300_0.560,R,lower,40,auto,free,True,True,3.0,0.2,-0.3,0.56,False,
0.200_-0.300_0.560,R,lower,41,auto,free,True,True,3.0,0.2,-0.3,0.56,False,
0.200_-0.300_0.560,R,lower,42,auto,free,True,True,3.0,0.2,-0.3,0.56,False,
0.200_-0.300_0.560,R,lower,43,auto,free,True,True,3.0,0.2,-0.3,0.56,False,
0.200_-0.300_0.560,R,lower,44,auto,free,True,True,3.0,0.2,-0.3,0.56,False,
0.200_-0.300_0.560,R,lower,45,auto,free,True,True,1.0,0.2,-0.3,0.56,False,
0.200_-0.300_0.560,R,lower,46,auto,free,True,True,1.0446086703811368,0.2,-0.3,0.56,False,
0.200_-0.300_0.560,R,lower,47,auto,free,True,True,0.8941327808119399,0.2,-0.3,0.56,False,
0.200_-0.350_0.560,R,lower,0,auto,free,False,True,1.0316606045056667,0.2,-0.35,0.56,False,
0.200_-0.350_0.560,R,lower,1,auto,free,False,True,0.9647448118434023,0.2,-0.35,0.56,False,
0.200_-0.350_0.560,R,lower,2,auto,free,False,True,1.611357107852024,0.2,-0.35,0.56,False,
0.200_-0.350_0.560,R,lower,3,auto,free,False,True,0.7633655747722132,0.2,-0.35,0.56,False,
0.200_-0.350_0.560,R,lower,4,auto,free,False,True,1.000717738260637,0.2,-0.35,0.56,False,
0.200_-0.350_0.560,R,lower,5,auto,free,False,True,0.8903754980185277,0.2,-0.35,0.56,False,
0.200_-0.350_0.560,R,lower,6,auto,free,False,True,0.45913566519916316,0.2,-0.35,0.56,False,
0.200_-0.350_0.560,R,lower,7,auto,free,False,True,2.2793573312906146,0.2,-0.35,0.56,False,
0.200_-0.350_0.560,R,lower,8,auto,free,False,True,2.4989628805156396,0.2,-0.35,0.56,False,
0.200_-0.350_0.560,R,lower,9,auto,free,False,True,0.4135708410965919,0.2,-0.35,0.56,False,
0.200_-0.350_0.560,R,lower,10,auto,free,False,True,0.7739636856313692,0.2,-0.35,0.56,False,
0.200_-0.350_0.560,R,lower,11,auto,free,False,True,0.3666443612976149,0.2,-0.35,0.56,False,
0.200_-0.350_0.560,R,lower,12,auto,free,False,True,0.3394095253649496,0.2,-0.35,0.56,True,figures/0p200_-0p350_0p560_R_ik12_free_BEST.png
0.200_-0.350_0.560,R,lower,13,auto,free,False,True,1.1605340201691972,0.2,-0.35,0.56,False,
0.200_-0.350_0.560,R,lower,14,auto,free,False,True,2.4989999999525025,0.2,-0.35,0.56,False,
0.200_-0.350_0.560,R,lower,15,auto,free,False,True,0.701932627674565,0.2,-0.35,0.56,False,
0.200_-0.350_0.560,R,lower,16,auto,free,False,True,1.709892055297395,0.2,-0.35,0.56,False,
0.200_-0.350_0.560,R,lower,17,auto,free,False,True,1.67842922967254,0.2,-0.35,0.56,False,
0.200_-0.350_0.560,R,lower,18,auto,free,False,True,2.5948603968954576,0.2,-0.35,0.56,False,
0.200_-0.350_0.560,R,lower,19,auto,free,False,True,2.0820581285339745,0.2,-0.35,0.56,False,
0.200_-0.350_0.560,R,lower,20,auto,free,False,True,1.8862382851064916,0.2,-0.35,0.56,False,
0.200_-0.350_0.560,R,lower,21,auto,free,False,True,2.5999999046325684,0.2,-0.35,0.56,False,
0.200_-0.350_0.560,R,lower,22,auto,free,False,True,2.4586305850256425,0.2,-0.35,0.56,False,
0.200_-0.350_0.560,R,lower,23,auto,free,False,True,2.389984744232574,0.2,-0.35,0.56,False,
0.200_-0.350_0.560,R,lower,24,auto,free,False,True,2.2523082228512603,0.2,-0.35,0.56,False,
0.200_-0.350_0.560,R,lower,25,auto,free,False,True,2.8464070882787507,0.2,-0.35,0.56,False,
0.200_-0.350_0.560,R,lower,26,auto,free,False,True,2.4986905212902033,0.2,-0.35,0.56,False,
0.200_-0.350_0.560,R,lower,27,auto,free,False,True,2.381271771743343,0.2,-0.35,0.56,False,
0.200_-0.350_0.560,R,lower,28,auto,free,False,True,2.9605944943150138,0.2,-0.35,0.56,False,
0.200_-0.350_0.560,R,lower,29,auto,free,False,True,2.1845071649860937,0.2,-0.35,0.56,False,
0.200_-0.350_0.560,R,lower,30,auto,free,False,True,3.0,0.2,-0.35,0.56,False,
0.200_-0.350_0.560,R,lower,31,auto,free,False,True,3.0,0.2,-0.35,0.56,False,
0.200_-0.350_0.560,R,lower,32,auto,free,False,True,2.5447806220261637,0.2,-0.35,0.56,False,
0.200_-0.350_0.560,R,lower,33,auto,free,False,True,2.416078254235946,0.2,-0.35,0.56,False,
0.200_-0.350_0.560,R,lower,34,auto,free,False,True,3.0,0.2,-0.35,0.56,False,
0.200_-0.350_0.560,R,lower,35,auto,free,False,True,2.848012660196605,0.2,-0.35,0.56,False,
0.200_-0.350_0.560,R,lower,36,auto,free,False,True,3.0,0.2,-0.35,0.56,False,
0.200_-0.350_0.560,R,lower,37,auto,free,False,True,3.0,0.2,-0.35,0.56,False,
0.200_-0.350_0.560,R,lower,38,auto,free,False,True,3.0,0.2,-0.35,0.56,False,
0.200_-0.400_0.560,R,lower,0,auto,safe,False,True,2.5791814221523386,0.2,-0.4,0.56,False,
0.200_-0.400_0.560,R,lower,1,auto,safe,False,True,2.054214554488784,0.2,-0.4,0.56,False,
0.200_-0.400_0.560,R,lower,2,auto,safe,False,True,1.7074313345591028,0.2,-0.4,0.56,False,
0.200_-0.400_0.560,R,lower,3,auto,safe,False,True,0.8872154660970215,0.2,-0.4,0.56,True,figures/0p200_-0p400_0p560_R_ik3_safe_BEST.png
0.200_-0.400_0.560,R,lower,4,auto,safe,False,True,2.283678354001954,0.2,-0.4,0.56,False,
0.200_-0.400_0.560,R,lower,5,auto,safe,False,True,1.2199223277651159,0.2,-0.4,0.56,False,
0.200_-0.400_0.560,R,lower,6,auto,safe,False,True,1.0609914320439824,0.2,-0.4,0.56,False,
0.200_-0.400_0.560,R,lower,7,auto,safe,False,True,2.038922368314548,0.2,-0.4,0.56,False,
0.200_-0.450_0.560,R,lower,0,auto,safe,False,True,2.049889066038964,0.2,-0.45,0.56,False,
0.200_-0.450_0.560,R,lower,1,auto,safe,False,True,1.2586898344528432,0.2,-0.45,0.56,True,figures/0p200_-0p450_0p560_R_ik1_safe_BEST.png
0.200_-0.450_0.560,R,lower,2,auto,safe,False,True,1.7975756626099408,0.2,-0.45,0.56,False,
0.200_-0.450_0.560,R,lower,3,auto,safe,False,True,1.6235750190632028,0.2,-0.45,0.56,False,
0.200_-0.450_0.560,R,lower,4,auto,safe,False,True,1.6334993168095835,0.2,-0.45,0.56,False,
0.200_-0.450_0.560,R,lower,5,auto,safe,False,True,1.9570410214759741,0.2,-0.45,0.56,False,
0.200_-0.450_0.560,R,lower,6,auto,safe,False,True,1.456912548896705,0.2,-0.45,0.56,False,
0.200_-0.450_0.560,R,lower,7,auto,safe,False,True,2.125387776528043,0.2,-0.45,0.56,False,
0.200_-0.500_0.560,R,lower,0,auto,safe,False,True,1.8285221776089027,0.2,-0.5,0.56,False,
0.200_-0.500_0.560,R,lower,1,auto,safe,False,True,1.463596552663545,0.2,-0.5,0.56,False,
0.200_-0.500_0.560,R,lower,2,auto,safe,False,True,0.828972284991095,0.2,-0.5,0.56,True,figures/0p200_-0p500_0p560_R_ik2_safe_BEST.png
0.200_-0.500_0.560,R,lower,3,auto,safe,False,True,1.932228638406901,0.2,-0.5,0.56,False,
0.200_-0.500_0.560,R,lower,4,auto,safe,False,True,2.161878626249706,0.2,-0.5,0.56,False,
0.200_-0.500_0.560,R,lower,5,auto,safe,False,True,1.7226610023703375,0.2,-0.5,0.56,False,
0.200_-0.500_0.560,R,lower,6,auto,safe,False,True,1.648092361032473,0.2,-0.5,0.56,False,
0.200_-0.500_0.560,R,lower,7,auto,safe,False,True,2.525469100473729,0.2,-0.5,0.56,False,
0.200_-0.550_0.560,R,lower,0,auto,safe,False,True,1.777791527032349,0.2,-0.55,0.56,False,
0.200_-0.550_0.560,R,lower,1,auto,safe,False,True,1.8610692231620878,0.2,-0.55,0.56,False,
0.200_-0.550_0.560,R,lower,2,auto,safe,False,True,1.0151176981882943,0.2,-0.55,0.56,False,
0.200_-0.550_0.560,R,lower,3,auto,safe,False,True,2.1516137423817314,0.2,-0.55,0.56,False,
0.200_-0.550_0.560,R,lower,4,auto,safe,False,True,1.477889274730892,0.2,-0.55,0.56,False,
0.200_-0.550_0.560,R,lower,5,auto,safe,False,True,0.8713935129817414,0.2,-0.55,0.56,True,figures/0p200_-0p550_0p560_R_ik5_safe_BEST.png
0.200_-0.550_0.560,R,lower,6,auto,safe,False,True,1.3830466190415656,0.2,-0.55,0.56,False,
0.200_-0.600_0.560,R,lower,0,auto,safe,False,True,1.3363215336917535,0.2,-0.6,0.56,False,
0.200_-0.600_0.560,R,lower,1,auto,safe,False,True,2.1970368812465404,0.2,-0.6,0.56,False,
0.200_-0.600_0.560,R,lower,2,auto,safe,False,True,1.3284959088005754,0.2,-0.6,0.56,False,
0.200_-0.600_0.560,R,lower,3,auto,safe,False,True,2.038230661417875,0.2,-0.6,0.56,False,
0.200_-0.600_0.560,R,lower,4,auto,safe,False,True,2.5977570483033077,0.2,-0.6,0.56,False,
0.200_-0.600_0.560,R,lower,5,auto,safe,False,True,1.7943210775365095,0.2,-0.6,0.56,False,
0.200_-0.600_0.560,R,lower,6,auto,safe,False,True,1.0838756645787144,0.2,-0.6,0.56,False,
0.200_-0.600_0.560,R,lower,7,auto,safe,False,True,0.5037130226352544,0.2,-0.6,0.56,True,figures/0p200_-0p600_0p560_R_ik7_safe_BEST.png
0.200_0.300_0.560,L,upper,0,auto,free,True,True,1.5648621531434044,0.2,0.3,0.56,False,
0.200_0.300_0.560,L,upper,1,auto,free,True,True,1.4845018389833613,0.2,0.3,0.56,True,figures/0p200_0p300_0p560_L_ik1_free_BEST.png
0.200_0.300_0.560,L,upper,2,auto,free,True,True,1.6615139164780823,0.2,0.3,0.56,False,
0.200_0.300_0.560,R,upper,0,auto,free,True,True,2.521530705573231,0.2,0.3,0.56,False,
0.200_0.300_0.560,R,upper,1,auto,free,True,True,1.8396208628759794,0.2,0.3,0.56,True,figures/0p200_0p300_0p560_R_ik1_free_BEST.png
0.200_0.300_0.560,R,upper,2,auto,free,True,True,2.4271875373890435,0.2,0.3,0.56,False,
0.200_0.300_0.560,R,upper,3,auto,free,True,True,2.377208591405867,0.2,0.3,0.56,False,
0.200_0.300_0.560,R,upper,4,auto,free,True,True,2.6304905920436426,0.2,0.3,0.56,False,
0.200_0.300_0.560,R,upper,5,auto,free,True,True,2.4960865600241955,0.2,0.3,0.56,False,
0.200_0.300_0.560,R,upper,6,auto,free,True,True,2.4859555871437657,0.2,0.3,0.56,False,
0.200_0.300_0.560,R,upper,7,auto,free,True,True,3.0894607505409963,0.2,0.3,0.56,False,
0.200_0.300_0.560,R,upper,8,auto,free,True,True,2.4983702496843536,0.2,0.3,0.56,False,
0.200_0.300_0.560,R,upper,9,auto,free,True,True,1.9175191765603115,0.2,0.3,0.56,False,
0.200_0.300_0.560,R,upper,10,auto,free,True,True,2.999772176280541,0.2,0.3,0.56,False,
0.200_0.300_0.560,R,upper,11,auto,free,True,True,3.9403532489696262,0.2,0.3,0.56,False,
0.200_0.300_0.560,R,upper,12,auto,free,True,True,2.2018721668486116,0.2,0.3,0.56,False,
0.200_0.300_0.560,R,upper,13,auto,free,True,True,3.0913741993446324,0.2,0.3,0.56,False,
0.200_0.300_0.560,R,upper,14,auto,free,True,True,3.710407722914615,0.2,0.3,0.56,False,
0.200_0.300_0.560,R,upper,15,auto,free,True,True,3.134938068583657,0.2,0.3,0.56,False,
0.200_0.300_0.560,R,upper,16,auto,free,True,True,2.375258633703183,0.2,0.3,0.56,False,
0.200_0.300_0.560,R,upper,17,auto,free,True,True,3.5751995701909536,0.2,0.3,0.56,False,
0.200_0.300_0.560,R,upper,18,auto,free,True,True,2.996190144698153,0.2,0.3,0.56,False,
0.200_0.300_0.560,R,upper,19,auto,free,True,True,3.0,0.2,0.3,0.56,False,
0.200_0.300_0.560,R,upper,20,auto,free,True,True,3.0,0.2,0.3,0.56,False,
0.200_0.300_0.560,R,upper,21,auto,free,True,True,2.9827166925786646,0.2,0.3,0.56,False,
0.200_0.300_0.560,R,upper,22,auto,free,True,True,2.970732895705624,0.2,0.3,0.56,False,
0.200_0.300_0.560,R,upper,23,auto,free,True,True,3.7338465231812457,0.2,0.3,0.56,False,
0.200_0.300_0.560,R,upper,24,auto,free,True,True,2.2351885616497777,0.2,0.3,0.56,False,
0.200_0.300_0.560,R,upper,25,auto,free,True,True,2.5316150873195395,0.2,0.3,0.56,False,
0.200_0.300_0.560,R,upper,26,auto,free,True,True,2.6695048241640755,0.2,0.3,0.56,False,
0.200_0.300_0.560,R,upper,27,auto,free,True,True,2.649482106300213,0.2,0.3,0.56,False,
0.200_0.300_0.560,R,upper,28,auto,free,True,True,2.454752994340012,0.2,0.3,0.56,False,
0.200_0.300_0.560,R,upper,29,auto,free,True,True,3.223050747685785,0.2,0.3,0.56,False,
0.200_0.300_0.560,R,upper,30,auto,free,True,True,2.492376593583428,0.2,0.3,0.56,False,
0.200_0.300_0.560,R,upper,31,auto,free,True,True,3.268956427276856,0.2,0.3,0.56,False,
0.200_0.300_0.560,R,upper,32,auto,free,True,True,2.0489544713455454,0.2,0.3,0.56,False,
0.200_0.300_0.560,R,upper,33,auto,free,True,True,1.9804085131793465,0.2,0.3,0.56,False,
0.200_0.300_0.560,R,upper,34,auto,free,True,True,2.012879073121608,0.2,0.3,0.56,False,
0.200_0.300_0.560,R,upper,35,auto,free,True,True,2.9278274562857947,0.2,0.3,0.56,False,
0.200_0.300_0.560,R,upper,36,auto,free,True,True,2.8364942415110406,0.2,0.3,0.56,False,
0.200_0.300_0.560,R,upper,37,auto,free,True,True,2.4071507717083986,0.2,0.3,0.56,False,
0.200_0.300_0.560,R,upper,38,auto,free,True,True,1.9566283069020924,0.2,0.3,0.56,False,
0.200_0.300_0.560,R,upper,39,auto,free,True,True,2.6862086598986528,0.2,0.3,0.56,False,
0.200_0.300_0.560,R,upper,40,auto,free,True,True,2.482467466874316,0.2,0.3,0.56,False,
0.200_0.300_0.560,R,upper,41,auto,free,True,True,3.193651983471261,0.2,0.3,0.56,False,
0.200_0.350_0.560,R,upper,0,auto,free,True,True,2.853570651138437,0.2,0.35,0.56,False,
0.200_0.350_0.560,R,upper,1,auto,free,True,True,2.477867143816291,0.2,0.35,0.56,False,
0.200_0.350_0.560,R,upper,2,auto,free,True,True,2.4989999999525025,0.2,0.35,0.56,False,
0.200_0.350_0.560,R,upper,3,auto,free,True,True,2.9518982900150164,0.2,0.35,0.56,False,
0.200_0.350_0.560,R,upper,4,auto,free,True,True,2.601957801793695,0.2,0.35,0.56,False,
0.200_0.350_0.560,R,upper,5,auto,free,True,True,3.854349832600181,0.2,0.35,0.56,False,
0.200_0.350_0.560,R,upper,6,auto,free,True,True,1.8297387320518204,0.2,0.35,0.56,False,
0.200_0.350_0.560,R,upper,7,auto,free,True,True,3.0,0.2,0.35,0.56,False,
0.200_0.350_0.560,R,upper,8,auto,free,True,True,2.498002419969148,0.2,0.35,0.56,False,
0.200_0.350_0.560,R,upper,9,auto,free,True,True,1.8686674784285704,0.2,0.35,0.56,False,
0.200_0.350_0.560,R,upper,10,auto,free,True,True,2.7366810065364975,0.2,0.35,0.56,False,
0.200_0.350_0.560,R,upper,11,auto,free,True,True,2.008716495048266,0.2,0.35,0.56,False,
0.200_0.350_0.560,R,upper,12,auto,free,True,True,2.05351749197262,0.2,0.35,0.56,False,
0.200_0.350_0.560,R,upper,13,auto,free,True,True,2.155326830789173,0.2,0.35,0.56,False,
0.200_0.350_0.560,R,upper,14,auto,free,True,True,3.827712351985454,0.2,0.35,0.56,False,
0.200_0.350_0.560,R,upper,15,auto,free,True,True,2.857685804090615,0.2,0.35,0.56,False,
0.200_0.350_0.560,R,upper,16,auto,free,True,True,2.7605383832425705,0.2,0.35,0.56,False,
0.200_0.350_0.560,R,upper,17,auto,free,True,True,3.836614325549845,0.2,0.35,0.56,False,
0.200_0.350_0.560,R,upper,18,auto,free,True,True,2.906749702661242,0.2,0.35,0.56,False,
0.200_0.350_0.560,R,upper,19,auto,free,True,True,2.926865707542804,0.2,0.35,0.56,False,
0.200_0.350_0.560,R,upper,20,auto,free,True,True,2.9541747869988955,0.2,0.35,0.56,False,
0.200_0.350_0.560,R,upper,21,auto,free,True,True,2.9449109873747457,0.2,0.35,0.56,False,
0.200_0.350_0.560,R,upper,22,auto,free,True,True,3.1494110251969927,0.2,0.35,0.56,False,
0.200_0.350_0.560,R,upper,23,auto,free,True,True,2.3187442467063586,0.2,0.35,0.56,False,
0.200_0.350_0.560,R,upper,24,auto,free,True,True,2.4551487715833433,0.2,0.35,0.56,False,
0.200_0.350_0.560,R,upper,25,auto,free,True,True,2.7121263891074543,0.2,0.35,0.56,False,
0.200_0.350_0.560,R,upper,26,auto,free,True,True,3.5497664964093003,0.2,0.35,0.56,False,
0.200_0.350_0.560,R,upper,27,auto,free,True,True,1.6539125358586293,0.2,0.35,0.56,True,figures/0p200_0p350_0p560_R_ik27_free_BEST.png
0.200_0.350_0.560,R,upper,28,auto,free,True,True,2.144221812653207,0.2,0.35,0.56,False,
0.200_0.350_0.560,R,upper,29,auto,free,True,True,3.4916771702964127,0.2,0.35,0.56,False,
0.200_0.350_0.560,R,upper,30,auto,free,True,True,2.724066608741345,0.2,0.35,0.56,False,
0.200_0.350_0.560,R,upper,31,auto,free,True,True,2.3672534908256644,0.2,0.35,0.56,False,
0.200_0.350_0.560,R,upper,32,auto,free,True,True,3.5114826914000137,0.2,0.35,0.56,False,
0.200_0.350_0.560,R,upper,33,auto,free,True,True,2.0464867000463633,0.2,0.35,0.56,False,
0.200_0.350_0.560,R,upper,34,auto,free,True,True,2.912525169618992,0.2,0.35,0.56,False,
0.200_0.350_0.560,R,upper,35,auto,free,True,True,3.548977648668555,0.2,0.35,0.56,False,
0.200_0.400_0.560,R,upper,0,auto,free,False,True,2.087020583199569,0.2,0.4,0.56,False,
0.200_0.400_0.560,R,upper,1,auto,free,False,True,3.186060784081154,0.2,0.4,0.56,False,
0.200_0.400_0.560,R,upper,2,auto,free,False,True,2.4324257125302413,0.2,0.4,0.56,False,
0.200_0.400_0.560,R,upper,3,auto,free,False,True,2.93838970308059,0.2,0.4,0.56,False,
0.200_0.400_0.560,R,upper,4,auto,free,False,True,2.696872005297142,0.2,0.4,0.56,False,
0.200_0.400_0.560,R,upper,5,auto,free,False,True,2.6610469282040885,0.2,0.4,0.56,False,
0.200_0.400_0.560,R,upper,6,auto,free,False,True,2.6581519110767706,0.2,0.4,0.56,False,
0.200_0.400_0.560,R,upper,7,auto,free,False,True,2.4121918499570674,0.2,0.4,0.56,False,
0.200_0.400_0.560,R,upper,8,auto,free,False,True,2.5965987862351327,0.2,0.4,0.56,False,
0.200_0.400_0.560,R,upper,9,auto,free,False,True,2.8578859983938214,0.2,0.4,0.56,False,
0.200_0.400_0.560,R,upper,10,auto,free,False,True,2.36706864410049,0.2,0.4,0.56,False,
0.200_0.400_0.560,R,upper,11,auto,free,False,True,3.6568373819346274,0.2,0.4,0.56,False,
0.200_0.400_0.560,R,upper,12,auto,free,False,True,2.556117059331721,0.2,0.4,0.56,False,
0.200_0.400_0.560,R,upper,13,auto,free,False,True,3.0256117598708574,0.2,0.4,0.56,False,
0.200_0.400_0.560,R,upper,14,auto,free,False,True,2.4202091381827473,0.2,0.4,0.56,False,
0.200_0.400_0.560,R,upper,15,auto,free,False,True,2.5272291109753104,0.2,0.4,0.56,False,
0.200_0.400_0.560,R,upper,16,auto,free,False,True,2.9959497795719585,0.2,0.4,0.56,False,
0.200_0.400_0.560,R,upper,17,auto,free,False,True,3.405445733259241,0.2,0.4,0.56,False,
0.200_0.400_0.560,R,upper,18,auto,free,False,True,2.7563327366538055,0.2,0.4,0.56,False,
0.200_0.400_0.560,R,upper,19,auto,free,False,True,3.377060302322729,0.2,0.4,0.56,False,
0.200_0.400_0.560,R,upper,20,auto,free,False,True,2.6590039250801687,0.2,0.4,0.56,False,
0.200_0.400_0.560,R,upper,21,auto,free,False,True,2.3258834764728022,0.2,0.4,0.56,False,
0.200_0.400_0.560,R,upper,22,auto,free,False,True,3.0033781578968544,0.2,0.4,0.56,False,
0.200_0.400_0.560,R,upper,23,auto,free,False,True,2.210823010348837,0.2,0.4,0.56,False,
0.200_0.400_0.560,R,upper,24,auto,free,False,True,2.869729378186312,0.2,0.4,0.56,False,
0.200_0.400_0.560,R,upper,25,auto,free,False,True,3.012752738846026,0.2,0.4,0.56,False,
0.200_0.400_0.560,R,upper,26,auto,free,False,True,2.0031850973712366,0.2,0.4,0.56,False,
0.200_0.400_0.560,R,upper,27,auto,free,False,True,1.7558593498641961,0.2,0.4,0.56,True,figures/0p200_0p400_0p560_R_ik27_free_BEST.png
0.200_0.400_0.560,R,upper,28,auto,free,False,True,2.260564520457481,0.2,0.4,0.56,False,
0.200_0.400_0.560,R,upper,29,auto,free,False,True,2.3095836769040283,0.2,0.4,0.56,False,
0.200_0.400_0.560,R,upper,30,auto,free,False,True,2.4038642525056946,0.2,0.4,0.56,False,
0.200_0.400_0.560,R,upper,31,auto,free,False,True,2.3424548456990903,0.2,0.4,0.56,False,
0.200_0.400_0.560,R,upper,32,auto,free,False,True,3.5153375738294512,0.2,0.4,0.56,False,
0.200_0.450_0.560,R,upper,0,auto,safe,False,True,2.9026682224120925,0.2,0.45,0.56,False,
0.200_0.450_0.560,R,upper,1,auto,safe,False,True,1.8732861955081197,0.2,0.45,0.56,False,
0.200_0.450_0.560,R,upper,2,auto,safe,False,True,2.5962873133834545,0.2,0.45,0.56,False,
0.200_0.450_0.560,R,upper,3,auto,safe,False,True,1.6949543727723593,0.2,0.45,0.56,True,figures/0p200_0p450_0p560_R_ik3_safe_BEST.png
0.200_0.450_0.560,R,upper,4,auto,safe,False,True,1.9645101281000223,0.2,0.45,0.56,False,
0.200_0.500_0.560,R,upper,0,auto,safe,False,True,2.3003140115824117,0.2,0.5,0.56,False,
0.200_0.500_0.560,R,upper,1,auto,safe,False,True,2.4391287835800255,0.2,0.5,0.56,False,
0.200_0.500_0.560,R,upper,2,auto,safe,False,True,2.2096125757763447,0.2,0.5,0.56,True,figures/0p200_0p500_0p560_R_ik2_safe_BEST.png
0.200_0.500_0.560,R,upper,3,auto,safe,False,True,2.535846555689324,0.2,0.5,0.56,False,
0.200_0.500_0.560,R,upper,4,auto,safe,False,True,2.4896072855111857,0.2,0.5,0.56,False,
0.200_0.500_0.560,R,upper,5,auto,safe,False,True,2.26198205971622,0.2,0.5,0.56,False,
0.200_0.550_0.560,R,upper,0,auto,safe,False,True,2.4814733140909135,0.2,0.55,0.56,False,
0.200_0.550_0.560,R,upper,1,auto,safe,False,True,2.832061349730014,0.2,0.55,0.56,False,
0.200_0.550_0.560,R,upper,2,auto,safe,False,True,2.252080714409221,0.2,0.55,0.56,False,
0.200_0.550_0.560,R,upper,3,auto,safe,False,True,2.654801175300663,0.2,0.55,0.56,False,
0.200_0.550_0.560,R,upper,4,auto,safe,False,True,1.8470836501168915,0.2,0.55,0.56,True,figures/0p200_0p550_0p560_R_ik4_safe_BEST.png
0.200_0.600_0.560,R,upper,0,auto,free,False,True,3.141402946955216,0.2,0.6,0.56,True,figures/0p200_0p600_0p560_R_ik0_free_BEST.png
0.250_-0.300_0.560,R,lower,0,auto,safe,False,True,1.5145539840270716,0.25,-0.3,0.56,False,
0.250_-0.300_0.560,R,lower,1,auto,safe,False,True,1.251170878484153,0.25,-0.3,0.56,True,figures/0p250_-0p300_0p560_R_ik1_safe_BEST.png
0.250_-0.300_0.560,R,lower,2,auto,safe,False,True,1.3405875099785027,0.25,-0.3,0.56,False,
0.250_-0.300_0.560,R,lower,3,auto,safe,False,True,1.5010941293739468,0.25,-0.3,0.56,False,
0.250_-0.300_0.560,R,lower,4,auto,safe,False,True,2.202497008724486,0.25,-0.3,0.56,False,
0.250_-0.300_0.560,R,lower,5,auto,safe,False,True,1.5531600805744432,0.25,-0.3,0.56,False,
0.250_-0.300_0.560,R,lower,6,auto,safe,False,True,1.7437960495108609,0.25,-0.3,0.56,False,
0.250_-0.300_0.560,R,lower,7,auto,safe,False,True,1.6282789356354916,0.25,-0.3,0.56,False,
0.250_-0.350_0.560,R,lower,0,auto,safe,False,True,2.7179305802858256,0.25,-0.35,0.56,False,
0.250_-0.350_0.560,R,lower,1,auto,safe,False,True,2.320119850440364,0.25,-0.35,0.56,False,
0.250_-0.350_0.560,R,lower,2,auto,safe,False,True,1.735028766400855,0.25,-0.35,0.56,False,
0.250_-0.350_0.560,R,lower,3,auto,safe,False,True,2.1454199632612276,0.25,-0.35,0.56,False,
0.250_-0.350_0.560,R,lower,4,auto,safe,False,True,1.8891378778870107,0.25,-0.35,0.56,False,
0.250_-0.350_0.560,R,lower,5,auto,safe,False,True,1.1315156907715398,0.25,-0.35,0.56,True,figures/0p250_-0p350_0p560_R_ik5_safe_BEST.png
0.250_-0.350_0.560,R,lower,6,auto,safe,False,True,1.1761220205993967,0.25,-0.35,0.56,False,
0.250_-0.350_0.560,R,lower,7,auto,safe,False,True,2.1681959301718674,0.25,-0.35,0.56,False,
0.250_-0.400_0.560,R,lower,0,auto,safe,False,True,1.050295010041412,0.25,-0.4,0.56,False,
0.250_-0.400_0.560,R,lower,1,auto,safe,False,True,2.2151591946474207,0.25,-0.4,0.56,False,
0.250_-0.400_0.560,R,lower,2,auto,safe,False,True,0.5933108543991139,0.25,-0.4,0.56,True,figures/0p250_-0p400_0p560_R_ik2_safe_BEST.png
0.250_-0.400_0.560,R,lower,3,auto,safe,False,True,1.4728337194300387,0.25,-0.4,0.56,False,
0.250_-0.400_0.560,R,lower,4,auto,safe,False,True,1.9620584904417404,0.25,-0.4,0.56,False,
0.250_-0.400_0.560,R,lower,5,auto,safe,False,True,2.305047638175022,0.25,-0.4,0.56,False,
0.250_-0.400_0.560,R,lower,6,auto,safe,False,True,1.6459335473241694,0.25,-0.4,0.56,False,
0.250_-0.400_0.560,R,lower,7,auto,safe,False,True,1.8734338828265327,0.25,-0.4,0.56,False,
0.250_-0.450_0.560,R,lower,0,auto,safe,False,True,1.4910473593705578,0.25,-0.45,0.56,False,
0.250_-0.450_0.560,R,lower,1,auto,safe,False,True,1.789733989592336,0.25,-0.45,0.56,False,
0.250_-0.450_0.560,R,lower,2,auto,safe,False,True,2.269790542755234,0.25,-0.45,0.56,False,
0.250_-0.450_0.560,R,lower,3,auto,safe,False,True,1.7374694932292325,0.25,-0.45,0.56,False,
0.250_-0.450_0.560,R,lower,4,auto,safe,False,True,2.0169578328551374,0.25,-0.45,0.56,False,
0.250_-0.450_0.560,R,lower,5,auto,safe,False,True,2.176726506331131,0.25,-0.45,0.56,False,
0.250_-0.450_0.560,R,lower,6,auto,safe,False,True,0.8983649427631102,0.25,-0.45,0.56,True,figures/0p250_-0p450_0p560_R_ik6_safe_BEST.png
0.250_-0.450_0.560,R,lower,7,auto,safe,False,True,1.4215451692056456,0.25,-0.45,0.56,False,
0.250_-0.500_0.560,R,lower,0,auto,safe,False,True,1.4880161056583119,0.25,-0.5,0.56,False,
0.250_-0.500_0.560,R,lower,1,auto,safe,False,True,2.025504536337377,0.25,-0.5,0.56,False,
0.250_-0.500_0.560,R,lower,2,auto,safe,False,True,1.6885758452490132,0.25,-0.5,0.56,False,
0.250_-0.500_0.560,R,lower,3,auto,safe,False,True,1.6667861052151907,0.25,-0.5,0.56,False,
0.250_-0.500_0.560,R,lower,4,auto,safe,False,True,2.237978511119791,0.25,-0.5,0.56,False,
0.250_-0.500_0.560,R,lower,5,auto,safe,False,True,1.5116168338746339,0.25,-0.5,0.56,False,
0.250_-0.500_0.560,R,lower,6,auto,safe,False,True,1.3353774934756792,0.25,-0.5,0.56,True,figures/0p250_-0p500_0p560_R_ik6_safe_BEST.png
0.250_-0.500_0.560,R,lower,7,auto,safe,False,True,1.5028852484576785,0.25,-0.5,0.56,False,
0.250_-0.550_0.560,R,lower,0,auto,safe,False,True,2.144137940782913,0.25,-0.55,0.56,False,
0.250_-0.550_0.560,R,lower,1,auto,safe,False,True,2.1778682110984446,0.25,-0.55,0.56,False,
0.250_-0.550_0.560,R,lower,2,auto,safe,False,True,1.9620695242722668,0.25,-0.55,0.56,False,
0.250_-0.550_0.560,R,lower,3,auto,safe,False,True,2.1493609282622663,0.25,-0.55,0.56,False,
0.250_-0.550_0.560,R,lower,4,auto,safe,False,True,1.9803720753621654,0.25,-0.55,0.56,False,
0.250_-0.550_0.560,R,lower,5,auto,safe,False,True,1.3693816390913813,0.25,-0.55,0.56,True,figures/0p250_-0p550_0p560_R_ik5_safe_BEST.png
0.250_-0.550_0.560,R,lower,6,auto,safe,False,True,2.1642896712470945,0.25,-0.55,0.56,False,
0.250_-0.550_0.560,R,lower,7,auto,safe,False,True,1.643957891105552,0.25,-0.55,0.56,False,
0.250_-0.600_0.560,R,lower,0,auto,safe,False,True,2.303385528208493,0.25,-0.6,0.56,False,
0.250_-0.600_0.560,R,lower,1,auto,safe,False,True,1.6525950068900446,0.25,-0.6,0.56,False,
0.250_-0.600_0.560,R,lower,2,auto,safe,False,True,1.967427822966271,0.25,-0.6,0.56,False,
0.250_-0.600_0.560,R,lower,3,auto,safe,False,True,2.3996157940614475,0.25,-0.6,0.56,False,
0.250_-0.600_0.560,R,lower,4,auto,safe,False,True,1.1956634813347535,0.25,-0.6,0.56,True,figures/0p250_-0p600_0p560_R_ik4_safe_BEST.png
0.250_-0.600_0.560,R,lower,5,auto,safe,False,True,2.3492710033037394,0.25,-0.6,0.56,False,
0.250_-0.600_0.560,R,lower,6,auto,safe,False,True,2.009520119947394,0.25,-0.6,0.56,False,
0.250_-0.600_0.560,R,lower,7,auto,safe,False,True,2.4980070737883855,0.25,-0.6,0.56,False,
0.250_0.300_0.560,R,upper,0,auto,free,False,True,2.9954495394927427,0.25,0.3,0.56,False,
0.250_0.300_0.560,R,upper,1,auto,free,False,True,2.7205770983201205,0.25,0.3,0.56,False,
0.250_0.300_0.560,R,upper,2,auto,free,False,True,2.9074591944224215,0.25,0.3,0.56,False,
0.250_0.300_0.560,R,upper,3,auto,free,False,True,2.576885374162928,0.25,0.3,0.56,False,
0.250_0.300_0.560,R,upper,4,auto,free,False,True,2.4299487532236586,0.25,0.3,0.56,False,
0.250_0.300_0.560,R,upper,5,auto,free,False,True,2.4914651002877486,0.25,0.3,0.56,False,
0.250_0.300_0.560,R,upper,6,auto,free,False,True,2.3202865915228656,0.25,0.3,0.56,False,
0.250_0.300_0.560,R,upper,7,auto,free,False,True,2.159350842884168,0.25,0.3,0.56,False,
0.250_0.300_0.560,R,upper,8,auto,free,False,True,2.4989999999525025,0.25,0.3,0.56,False,
0.250_0.300_0.560,R,upper,9,auto,free,False,True,2.8708017526286302,0.25,0.3,0.56,False,
0.250_0.300_0.560,R,upper,10,auto,free,False,True,2.288177494137753,0.25,0.3,0.56,False,
0.250_0.300_0.560,R,upper,11,auto,free,False,True,1.9904005196937529,0.25,0.3,0.56,False,
0.250_0.300_0.560,R,upper,12,auto,free,False,True,3.068393799911573,0.25,0.3,0.56,False,
0.250_0.300_0.560,R,upper,13,auto,free,False,True,2.4025428869799947,0.25,0.3,0.56,False,
0.250_0.300_0.560,R,upper,14,auto,free,False,True,2.4989999999525025,0.25,0.3,0.56,False,
0.250_0.300_0.560,R,upper,15,auto,free,False,True,2.5145254335669325,0.25,0.3,0.56,False,
0.250_0.300_0.560,R,upper,16,auto,free,False,True,2.8128071910267334,0.25,0.3,0.56,False,
0.250_0.300_0.560,R,upper,17,auto,free,False,True,3.7463143891444632,0.25,0.3,0.56,False,
0.250_0.300_0.560,R,upper,18,auto,free,False,True,2.9727641950310906,0.25,0.3,0.56,False,
0.250_0.300_0.560,R,upper,19,auto,free,False,True,2.772502449805302,0.25,0.3,0.56,False,
0.250_0.300_0.560,R,upper,20,auto,free,False,True,3.5188617250621084,0.25,0.3,0.56,False,
0.250_0.300_0.560,R,upper,21,auto,free,False,True,3.0,0.25,0.3,0.56,False,
0.250_0.300_0.560,R,upper,22,auto,free,False,True,3.0,0.25,0.3,0.56,False,
0.250_0.300_0.560,R,upper,23,auto,free,False,True,3.853515034460468,0.25,0.3,0.56,False,
0.250_0.300_0.560,R,upper,24,auto,free,False,True,2.7041400490967273,0.25,0.3,0.56,False,
0.250_0.300_0.560,R,upper,25,auto,free,False,True,3.503070892229733,0.25,0.3,0.56,False,
0.250_0.300_0.560,R,upper,26,auto,free,False,True,2.525607216782098,0.25,0.3,0.56,False,
0.250_0.300_0.560,R,upper,27,auto,free,False,True,2.45072455126229,0.25,0.3,0.56,False,
0.250_0.300_0.560,R,upper,28,auto,free,False,True,2.649069743071915,0.25,0.3,0.56,False,
0.250_0.300_0.560,R,upper,29,auto,free,False,True,2.523051551668673,0.25,0.3,0.56,False,
0.250_0.300_0.560,R,upper,30,auto,free,False,True,2.614800242272697,0.25,0.3,0.56,False,
0.250_0.300_0.560,R,upper,31,auto,free,False,True,3.348769230204228,0.25,0.3,0.56,False,
0.250_0.300_0.560,R,upper,32,auto,free,False,True,2.7197735071188607,0.25,0.3,0.56,False,
0.250_0.300_0.560,R,upper,33,auto,free,False,True,2.2170383510149243,0.25,0.3,0.56,False,
0.250_0.300_0.560,R,upper,34,auto,free,False,True,3.1612168447218245,0.25,0.3,0.56,False,
0.250_0.300_0.560,R,upper,35,auto,free,False,True,3.2264804881274145,0.25,0.3,0.56,False,
0.250_0.300_0.560,R,upper,36,auto,free,False,True,1.3213909716540804,0.25,0.3,0.56,True,figures/0p250_0p300_0p560_R_ik36_free_BEST.png
0.250_0.300_0.560,R,upper,37,auto,free,False,True,2.6297791159505017,0.25,0.3,0.56,False,
0.250_0.300_0.560,R,upper,38,auto,free,False,True,2.288374400873333,0.25,0.3,0.56,False,
0.250_0.300_0.560,R,upper,39,auto,free,False,True,2.4030404460938497,0.25,0.3,0.56,False,
0.250_0.300_0.560,R,upper,40,auto,free,False,True,2.8306566257490733,0.25,0.3,0.56,False,
0.250_0.300_0.560,R,upper,41,auto,free,False,True,3.6407729211339506,0.25,0.3,0.56,False,
0.250_0.300_0.560,R,upper,42,auto,free,False,True,2.9562925500436243,0.25,0.3,0.56,False,
0.250_0.300_0.560,R,upper,43,auto,free,False,True,2.6765068713002256,0.25,0.3,0.56,False,
0.250_0.300_0.560,R,upper,44,auto,free,False,True,2.4989999999525025,0.25,0.3,0.56,False,
0.250_0.350_0.560,R,upper,0,auto,safe,False,True,2.4044351706331177,0.25,0.35,0.56,False,
0.250_0.350_0.560,R,upper,1,auto,safe,False,True,2.440454515340923,0.25,0.35,0.56,False,
0.250_0.350_0.560,R,upper,2,auto,safe,False,True,2.2095963180686278,0.25,0.35,0.56,False,
0.250_0.350_0.560,R,upper,3,auto,safe,False,True,1.4257756992086614,0.25,0.35,0.56,True,figures/0p250_0p350_0p560_R_ik3_safe_BEST.png
0.250_0.350_0.560,R,upper,4,auto,safe,False,True,1.9039703889048827,0.25,0.35,0.56,False,
0.250_0.350_0.560,R,upper,5,auto,safe,False,True,2.9019211879280005,0.25,0.35,0.56,False,
0.250_0.350_0.560,R,upper,6,auto,safe,False,True,2.5071230691707136,0.25,0.35,0.56,False,
0.250_0.350_0.560,R,upper,7,auto,safe,False,True,2.308129235011309,0.25,0.35,0.56,False,
0.250_0.400_0.560,R,upper,0,auto,safe,False,True,1.6193950027049726,0.25,0.4,0.56,False,
0.250_0.400_0.560,R,upper,1,auto,safe,False,True,2.4973945230889805,0.25,0.4,0.56,False,
0.250_0.400_0.560,R,upper,2,auto,safe,False,True,1.4920117864367715,0.25,0.4,0.56,True,figures/0p250_0p400_0p560_R_ik2_safe_BEST.png
0.250_0.400_0.560,R,upper,3,auto,safe,False,True,2.209319414336939,0.25,0.4,0.56,False,
0.250_0.400_0.560,R,upper,4,auto,safe,False,True,2.5999999046325684,0.25,0.4,0.56,False,
0.250_0.400_0.560,R,upper,5,auto,safe,False,True,3.0648268951522555,0.25,0.4,0.56,False,
0.250_0.400_0.560,R,upper,6,auto,safe,False,True,2.809319810899432,0.25,0.4,0.56,False,
0.250_0.400_0.560,R,upper,7,auto,safe,False,True,2.4114165062695996,0.25,0.4,0.56,False,
0.250_0.450_0.560,R,upper,0,auto,safe,False,True,1.9563412180642221,0.25,0.45,0.56,True,figures/0p250_0p450_0p560_R_ik0_safe_BEST.png
0.250_0.450_0.560,R,upper,1,auto,safe,False,True,2.3100403561916245,0.25,0.45,0.56,False,
0.250_0.450_0.560,R,upper,2,auto,safe,False,True,2.746072275348231,0.25,0.45,0.56,False,
0.250_0.450_0.560,R,upper,3,auto,safe,False,True,2.7283254962012524,0.25,0.45,0.56,False,
0.250_0.450_0.560,R,upper,4,auto,safe,False,True,2.39067787539097,0.25,0.45,0.56,False,
0.250_0.450_0.560,R,upper,5,auto,safe,False,True,2.794797856446582,0.25,0.45,0.56,False,
0.250_0.450_0.560,R,upper,6,auto,safe,False,True,2.3133433217853634,0.25,0.45,0.56,False,
0.250_0.450_0.560,R,upper,7,auto,safe,False,True,2.5440204770313697,0.25,0.45,0.56,False,
0.250_0.500_0.560,R,upper,0,auto,safe,False,True,2.4965946691453444,0.25,0.5,0.56,False,
0.250_0.500_0.560,R,upper,1,auto,safe,False,True,2.533973257007788,0.25,0.5,0.56,False,
0.250_0.500_0.560,R,upper,2,auto,safe,False,True,2.1722340039516066,0.25,0.5,0.56,False,
0.250_0.500_0.560,R,upper,3,auto,safe,False,True,2.0877475395886176,0.25,0.5,0.56,False,
0.250_0.500_0.560,R,upper,4,auto,safe,False,True,2.0194307059583894,0.25,0.5,0.56,True,figures/0p250_0p500_0p560_R_ik4_safe_BEST.png
0.250_0.500_0.560,R,upper,5,auto,safe,False,True,2.1714117215818,0.25,0.5,0.56,False,
0.250_0.500_0.560,R,upper,6,auto,safe,False,True,2.333388380509665,0.25,0.5,0.56,False,
0.250_0.500_0.560,R,upper,7,auto,safe,False,True,2.3486647272161494,0.25,0.5,0.56,False,
0.250_0.550_0.560,R,upper,0,auto,safe,False,True,1.772954287748667,0.25,0.55,0.56,False,
0.250_0.550_0.560,R,upper,1,auto,safe,False,True,2.565557104320362,0.25,0.55,0.56,False,
0.250_0.550_0.560,R,upper,2,auto,safe,False,True,2.3549140958614014,0.25,0.55,0.56,False,
0.250_0.550_0.560,R,upper,3,auto,safe,False,True,2.817426781586171,0.25,0.55,0.56,False,
0.250_0.550_0.560,R,upper,4,auto,safe,False,True,1.054980994156936,0.25,0.55,0.56,True,figures/0p250_0p550_0p560_R_ik4_safe_BEST.png
0.250_0.550_0.560,R,upper,5,auto,safe,False,True,2.4412634943880596,0.25,0.55,0.56,False,
0.250_0.550_0.560,R,upper,6,auto,safe,False,True,2.171690668966461,0.25,0.55,0.56,False,
0.250_0.600_0.560,R,upper,0,auto,safe,False,True,2.782567088504738,0.25,0.6,0.56,False,
0.250_0.600_0.560,R,upper,1,auto,safe,False,True,2.805260640155283,0.25,0.6,0.56,False,
0.250_0.600_0.560,R,upper,2,auto,safe,False,True,1.324858269456774,0.25,0.6,0.56,True,figures/0p250_0p600_0p560_R_ik2_safe_BEST.png
0.300_-0.300_0.560,R,lower,0,auto,safe,False,True,2.1704439434870975,0.3,-0.3,0.56,False,
0.300_-0.300_0.560,R,lower,1,auto,safe,False,True,1.8411651494178773,0.3,-0.3,0.56,False,
0.300_-0.300_0.560,R,lower,2,auto,safe,False,True,1.9938815636311578,0.3,-0.3,0.56,False,
0.300_-0.300_0.560,R,lower,3,auto,safe,False,True,1.4678407741610981,0.3,-0.3,0.56,False,
0.300_-0.300_0.560,R,lower,4,auto,safe,False,True,1.6836524435630866,0.3,-0.3,0.56,False,
0.300_-0.300_0.560,R,lower,5,auto,safe,False,True,1.568317446940286,0.3,-0.3,0.56,False,
0.300_-0.300_0.560,R,lower,6,auto,safe,False,True,1.151331737286239,0.3,-0.3,0.56,True,figures/0p300_-0p300_0p560_R_ik6_safe_BEST.png
0.300_-0.300_0.560,R,lower,7,auto,safe,False,True,1.1872043000570383,0.3,-0.3,0.56,False,
0.300_-0.350_0.560,R,lower,0,auto,safe,False,True,2.207541297348228,0.3,-0.35,0.56,False,
0.300_-0.350_0.560,R,lower,1,auto,safe,False,True,2.6057442076449244,0.3,-0.35,0.56,False,
0.300_-0.350_0.560,R,lower,2,auto,safe,False,True,2.176204296650684,0.3,-0.35,0.56,False,
0.300_-0.350_0.560,R,lower,3,auto,safe,False,True,2.0249697042477086,0.3,-0.35,0.56,False,
0.300_-0.350_0.560,R,lower,4,auto,safe,False,True,1.3661859204560152,0.3,-0.35,0.56,False,
0.300_-0.350_0.560,R,lower,5,auto,safe,False,True,1.5394705930825516,0.3,-0.35,0.56,False,
0.300_-0.350_0.560,R,lower,6,auto,safe,False,True,0.8400140322365335,0.3,-0.35,0.56,True,figures/0p300_-0p350_0p560_R_ik6_safe_BEST.png
0.300_-0.350_0.560,R,lower,7,auto,safe,False,True,2.293747144510695,0.3,-0.35,0.56,False,
0.300_-0.400_0.560,R,lower,0,auto,safe,False,True,1.8471005221970629,0.3,-0.4,0.56,False,
0.300_-0.400_0.560,R,lower,1,auto,safe,False,True,1.6660180000717846,0.3,-0.4,0.56,False,
0.300_-0.400_0.560,R,lower,2,auto,safe,False,True,1.8979315266098473,0.3,-0.4,0.56,False,
0.300_-0.400_0.560,R,lower,3,auto,safe,False,True,0.8536876029849538,0.3,-0.4,0.56,True,figures/0p300_-0p400_0p560_R_ik3_safe_BEST.png
0.300_-0.400_0.560,R,lower,4,auto,safe,False,True,1.99274092208359,0.3,-0.4,0.56,False,
0.300_-0.400_0.560,R,lower,5,auto,safe,False,True,1.4161912014061442,0.3,-0.4,0.56,False,
0.300_-0.400_0.560,R,lower,6,auto,safe,False,True,2.0783964687544665,0.3,-0.4,0.56,False,
0.300_-0.400_0.560,R,lower,7,auto,safe,False,True,1.3866406114334653,0.3,-0.4,0.56,False,
0.300_-0.450_0.560,R,lower,0,auto,safe,False,True,1.3871315097602723,0.3,-0.45,0.56,False,
0.300_-0.450_0.560,R,lower,1,auto,safe,False,True,1.7566803185974011,0.3,-0.45,0.56,False,
0.300_-0.450_0.560,R,lower,2,auto,safe,False,True,2.5121414151143324,0.3,-0.45,0.56,False,
0.300_-0.450_0.560,R,lower,3,auto,safe,False,True,0.789799421895387,0.3,-0.45,0.56,True,figures/0p300_-0p450_0p560_R_ik3_safe_BEST.png
0.300_-0.450_0.560,R,lower,4,auto,safe,False,True,1.9330396245733892,0.3,-0.45,0.56,False,
0.300_-0.450_0.560,R,lower,5,auto,safe,False,True,1.3436497320895135,0.3,-0.45,0.56,False,
0.300_-0.450_0.560,R,lower,6,auto,safe,False,True,2.2534072811632786,0.3,-0.45,0.56,False,
0.300_-0.450_0.560,R,lower,7,auto,safe,False,True,1.9366034653153212,0.3,-0.45,0.56,False,
0.300_-0.500_0.560,R,lower,0,auto,safe,False,True,0.8609151917792568,0.3,-0.5,0.56,True,figures/0p300_-0p500_0p560_R_ik0_safe_BEST.png
0.300_-0.500_0.560,R,lower,1,auto,safe,False,True,1.8899859577771034,0.3,-0.5,0.56,False,
0.300_-0.500_0.560,R,lower,2,auto,safe,False,True,1.5478922449202779,0.3,-0.5,0.56,False,
0.300_-0.500_0.560,R,lower,3,auto,safe,False,True,2.136790950338918,0.3,-0.5,0.56,False,
0.300_-0.500_0.560,R,lower,4,auto,safe,False,True,1.8513447071218312,0.3,-0.5,0.56,False,
0.300_-0.500_0.560,R,lower,5,auto,safe,False,True,1.5823672271268074,0.3,-0.5,0.56,False,
0.300_-0.500_0.560,R,lower,6,auto,safe,False,True,1.1416986827495001,0.3,-0.5,0.56,False,
0.300_-0.500_0.560,R,lower,7,auto,safe,False,True,2.226453798113914,0.3,-0.5,0.56,False,
0.300_-0.550_0.560,R,lower,0,auto,safe,False,True,1.3790629765361997,0.3,-0.55,0.56,False,
0.300_-0.550_0.560,R,lower,1,auto,safe,False,True,0.6134500216845873,0.3,-0.55,0.56,True,figures/0p300_-0p550_0p560_R_ik1_safe_BEST.png
0.300_-0.550_0.560,R,lower,2,auto,safe,False,True,2.0774863248151516,0.3,-0.55,0.56,False,
0.300_-0.550_0.560,R,lower,3,auto,safe,False,True,1.3497376519645763,0.3,-0.55,0.56,False,
0.300_-0.550_0.560,R,lower,4,auto,safe,False,True,2.2426292915598824,0.3,-0.55,0.56,False,
0.300_-0.550_0.560,R,lower,5,auto,safe,False,True,1.9572608742084154,0.3,-0.55,0.56,False,
0.300_-0.550_0.560,R,lower,6,auto,safe,False,True,1.2590129990325754,0.3,-0.55,0.56,False,
0.300_-0.550_0.560,R,lower,7,auto,safe,False,True,1.7823569956490237,0.3,-0.55,0.56,False,
0.300_-0.600_0.560,R,lower,0,auto,safe,False,True,1.384950904336923,0.3,-0.6,0.56,False,
0.300_-0.600_0.560,R,lower,1,auto,safe,False,True,1.523432920956516,0.3,-0.6,0.56,False,
0.300_-0.600_0.560,R,lower,2,auto,safe,False,True,1.7447509971291446,0.3,-0.6,0.56,False,
0.300_-0.600_0.560,R,lower,3,auto,safe,False,True,2.565448887079998,0.3,-0.6,0.56,False,
0.300_-0.600_0.560,R,lower,4,auto,safe,False,True,1.4023748812322872,0.3,-0.6,0.56,False,
0.300_-0.600_0.560,R,lower,5,auto,safe,False,True,1.9479821734232474,0.3,-0.6,0.56,False,
0.300_-0.600_0.560,R,lower,6,auto,safe,False,True,2.231551306086545,0.3,-0.6,0.56,False,
0.300_-0.600_0.560,R,lower,7,auto,safe,False,True,1.1027876347373249,0.3,-0.6,0.56,True,figures/0p300_-0p600_0p560_R_ik7_safe_BEST.png
0.300_0.300_0.560,R,upper,0,auto,safe,False,True,1.3449047277815254,0.3,0.3,0.56,True,figures/0p300_0p300_0p560_R_ik0_safe_BEST.png
0.300_0.300_0.560,R,upper,1,auto,safe,False,True,2.7576945495147784,0.3,0.3,0.56,False,
0.300_0.300_0.560,R,upper,2,auto,safe,False,True,2.4270928118913626,0.3,0.3,0.56,False,
0.300_0.300_0.560,R,upper,3,auto,safe,False,True,1.8167238649577713,0.3,0.3,0.56,False,
0.300_0.300_0.560,R,upper,4,auto,safe,False,True,3.337344741258118,0.3,0.3,0.56,False,
0.300_0.300_0.560,R,upper,5,auto,safe,False,True,2.186408904692361,0.3,0.3,0.56,False,
0.300_0.300_0.560,R,upper,6,auto,safe,False,True,2.8888581999778182,0.3,0.3,0.56,False,
0.300_0.300_0.560,R,upper,7,auto,safe,False,True,2.8944206499571323,0.3,0.3,0.56,False,
0.300_0.350_0.560,R,upper,0,auto,safe,False,True,2.453630536601747,0.3,0.35,0.56,False,
0.300_0.350_0.560,R,upper,1,auto,safe,False,True,1.9186599781673275,0.3,0.35,0.56,True,figures/0p300_0p350_0p560_R_ik1_safe_BEST.png
0.300_0.350_0.560,R,upper,2,auto,safe,False,True,2.3852559084043294,0.3,0.35,0.56,False,
0.300_0.350_0.560,R,upper,3,auto,safe,False,True,2.9320426980400667,0.3,0.35,0.56,False,
0.300_0.350_0.560,R,upper,4,auto,safe,False,True,2.382839677725059,0.3,0.35,0.56,False,
0.300_0.350_0.560,R,upper,5,auto,safe,False,True,2.4989999999525025,0.3,0.35,0.56,False,
0.300_0.350_0.560,R,upper,6,auto,safe,False,True,2.4761676324378064,0.3,0.35,0.56,False,
0.300_0.350_0.560,R,upper,7,auto,safe,False,True,2.265996165688846,0.3,0.35,0.56,False,
0.300_0.400_0.560,R,upper,0,auto,safe,False,True,3.1594516230092404,0.3,0.4,0.56,False,
0.300_0.400_0.560,R,upper,1,auto,safe,False,True,3.042157741863095,0.3,0.4,0.56,False,
0.300_0.400_0.560,R,upper,2,auto,safe,False,True,1.870174961825335,0.3,0.4,0.56,False,
0.300_0.400_0.560,R,upper,3,auto,safe,False,True,2.285649481560086,0.3,0.4,0.56,False,
0.300_0.400_0.560,R,upper,4,auto,safe,False,True,1.9175479072572004,0.3,0.4,0.56,False,
0.300_0.400_0.560,R,upper,5,auto,safe,False,True,2.0856901475449083,0.3,0.4,0.56,False,
0.300_0.400_0.560,R,upper,6,auto,safe,False,True,1.766123542009542,0.3,0.4,0.56,True,figures/0p300_0p400_0p560_R_ik6_safe_BEST.png
0.300_0.400_0.560,R,upper,7,auto,safe,False,True,2.8786401375327815,0.3,0.4,0.56,False,
0.300_0.450_0.560,R,upper,0,auto,safe,False,True,1.9679090902179541,0.3,0.45,0.56,False,
0.300_0.450_0.560,R,upper,1,auto,safe,False,True,2.008441217818489,0.3,0.45,0.56,False,
0.300_0.450_0.560,R,upper,2,auto,safe,False,True,2.30489526930205,0.3,0.45,0.56,False,
0.300_0.450_0.560,R,upper,3,auto,safe,False,True,2.3279167193837393,0.3,0.45,0.56,False,
0.300_0.450_0.560,R,upper,4,auto,safe,False,True,1.6383276164373375,0.3,0.45,0.56,True,figures/0p300_0p450_0p560_R_ik4_safe_BEST.png
0.300_0.450_0.560,R,upper,5,auto,safe,False,True,2.9944661286162244,0.3,0.45,0.56,False,
0.300_0.450_0.560,R,upper,6,auto,safe,False,True,2.1198866962621423,0.3,0.45,0.56,False,
0.300_0.450_0.560,R,upper,7,auto,safe,False,True,2.4522415240723765,0.3,0.45,0.56,False,
0.300_0.500_0.560,R,upper,0,auto,safe,False,True,2.0404946515557514,0.3,0.5,0.56,False,
0.300_0.500_0.560,R,upper,1,auto,safe,False,True,2.058536528388504,0.3,0.5,0.56,False,
0.300_0.500_0.560,R,upper,2,auto,safe,False,True,3.1042621332754585,0.3,0.5,0.56,False,
0.300_0.500_0.560,R,upper,3,auto,safe,False,True,1.957435538306663,0.3,0.5,0.56,False,
0.300_0.500_0.560,R,upper,4,auto,safe,False,True,2.426732597717895,0.3,0.5,0.56,False,
0.300_0.500_0.560,R,upper,5,auto,safe,False,True,1.9240638848753697,0.3,0.5,0.56,True,figures/0p300_0p500_0p560_R_ik5_safe_BEST.png
0.300_0.500_0.560,R,upper,6,auto,safe,False,True,2.64369516402901,0.3,0.5,0.56,False,
0.300_0.500_0.560,R,upper,7,auto,safe,False,True,2.6183377100447576,0.3,0.5,0.56,False,
0.300_0.550_0.560,R,upper,0,auto,safe,False,True,2.4821565380362784,0.3,0.55,0.56,False,
0.300_0.550_0.560,R,upper,1,auto,safe,False,True,1.9765496838280505,0.3,0.55,0.56,True,figures/0p300_0p550_0p560_R_ik1_safe_BEST.png
0.300_0.550_0.560,R,upper,2,auto,safe,False,True,2.1641404876745396,0.3,0.55,0.56,False,
0.300_0.550_0.560,R,upper,3,auto,safe,False,True,2.2336013413867857,0.3,0.55,0.56,False,
0.300_0.550_0.560,R,upper,4,auto,safe,False,True,2.5435035929261556,0.3,0.55,0.56,False,
0.300_0.550_0.560,R,upper,5,auto,safe,False,True,2.351940848308935,0.3,0.55,0.56,False,
0.300_0.550_0.560,R,upper,6,auto,safe,False,True,2.1167830414011153,0.3,0.55,0.56,False,
0.300_0.550_0.560,R,upper,7,auto,safe,False,True,2.2225353937951855,0.3,0.55,0.56,False,
0.300_0.600_0.560,R,upper,0,auto,safe,False,True,2.6976198270913967,0.3,0.6,0.56,False,
0.300_0.600_0.560,R,upper,1,auto,safe,False,True,2.8020921495741815,0.3,0.6,0.56,False,
0.300_0.600_0.560,R,upper,2,auto,safe,False,True,1.9185216179475353,0.3,0.6,0.56,False,
0.300_0.600_0.560,R,upper,3,auto,safe,False,True,2.661985985290526,0.3,0.6,0.56,False,
0.300_0.600_0.560,R,upper,4,auto,safe,False,True,2.7146632700468105,0.3,0.6,0.56,False,
0.300_0.600_0.560,R,upper,5,auto,safe,False,True,1.908370721398036,0.3,0.6,0.56,True,figures/0p300_0p600_0p560_R_ik5_safe_BEST.png
0.350_-0.300_0.560,R,lower,0,auto,safe,False,True,1.4189247711326334,0.35,-0.3,0.56,False,
0.350_-0.300_0.560,R,lower,1,auto,safe,False,True,1.895784539280284,0.35,-0.3,0.56,False,
0.350_-0.300_0.560,R,lower,2,auto,safe,False,True,1.4946745572867304,0.35,-0.3,0.56,False,
0.350_-0.300_0.560,R,lower,3,auto,safe,False,True,1.6067859316401707,0.35,-0.3,0.56,False,
0.350_-0.300_0.560,R,lower,4,auto,safe,False,True,1.8890500744283028,0.35,-0.3,0.56,False,
0.350_-0.300_0.560,R,lower,5,auto,safe,False,True,1.011756862450886,0.35,-0.3,0.56,False,
0.350_-0.300_0.560,R,lower,6,auto,safe,False,True,0.910092211144918,0.35,-0.3,0.56,True,figures/0p350_-0p300_0p560_R_ik6_safe_BEST.png
0.350_-0.300_0.560,R,lower,7,auto,safe,False,True,1.8621230686172328,0.35,-0.3,0.56,False,
0.350_-0.350_0.560,R,lower,0,auto,safe,False,True,1.5874492992454012,0.35,-0.35,0.56,False,
0.350_-0.350_0.560,R,lower,1,auto,safe,False,True,2.3806585097547743,0.35,-0.35,0.56,False,
0.350_-0.350_0.560,R,lower,2,auto,safe,False,True,1.8556714552921325,0.35,-0.35,0.56,False,
0.350_-0.350_0.560,R,lower,3,auto,safe,False,True,1.0094720128932884,0.35,-0.35,0.56,True,figures/0p350_-0p350_0p560_R_ik3_safe_BEST.png
0.350_-0.350_0.560,R,lower,4,auto,safe,False,True,1.0734676266814331,0.35,-0.35,0.56,False,
0.350_-0.350_0.560,R,lower,5,auto,safe,False,True,1.1667803958052012,0.35,-0.35,0.56,False,
0.350_-0.350_0.560,R,lower,6,auto,safe,False,True,2.4518456531299186,0.35,-0.35,0.56,False,
0.350_-0.350_0.560,R,lower,7,auto,safe,False,True,1.9276409154040774,0.35,-0.35,0.56,False,
0.350_-0.400_0.560,R,lower,0,auto,safe,False,True,1.2451603102086746,0.35,-0.4,0.56,False,
0.350_-0.400_0.560,R,lower,1,auto,safe,False,True,1.7299924488962382,0.35,-0.4,0.56,False,
0.350_-0.400_0.560,R,lower,2,auto,safe,False,True,1.7568928933931067,0.35,-0.4,0.56,False,
0.350_-0.400_0.560,R,lower,3,auto,safe,False,True,2.20352373144396,0.35,-0.4,0.56,False,
0.350_-0.400_0.560,R,lower,4,auto,safe,False,True,0.7116598955234306,0.35,-0.4,0.56,True,figures/0p350_-0p400_0p560_R_ik4_safe_BEST.png
0.350_-0.400_0.560,R,lower,5,auto,safe,False,True,2.3247606133256555,0.35,-0.4,0.56,False,
0.350_-0.400_0.560,R,lower,6,auto,safe,False,True,1.144050409651102,0.35,-0.4,0.56,False,
0.350_-0.400_0.560,R,lower,7,auto,safe,False,True,1.2214503808889638,0.35,-0.4,0.56,False,
0.350_-0.450_0.560,R,lower,0,auto,safe,False,True,1.1873537121578193,0.35,-0.45,0.56,False,
0.350_-0.450_0.560,R,lower,1,auto,safe,False,True,2.09266215114696,0.35,-0.45,0.56,False,
0.350_-0.450_0.560,R,lower,2,auto,safe,False,True,1.9690623942623493,0.35,-0.45,0.56,False,
0.350_-0.450_0.560,R,lower,3,auto,safe,False,True,1.6689936458525017,0.35,-0.45,0.56,False,
0.350_-0.450_0.560,R,lower,4,auto,safe,False,True,1.3640025862090717,0.35,-0.45,0.56,False,
0.350_-0.450_0.560,R,lower,5,auto,safe,False,True,0.7167427423546031,0.35,-0.45,0.56,True,figures/0p350_-0p450_0p560_R_ik5_safe_BEST.png
0.350_-0.450_0.560,R,lower,6,auto,safe,False,True,1.4174217140970553,0.35,-0.45,0.56,False,
0.350_-0.450_0.560,R,lower,7,auto,safe,False,True,2.042011692035615,0.35,-0.45,0.56,False,
0.350_-0.500_0.560,R,lower,0,auto,safe,False,True,1.4344376998757935,0.35,-0.5,0.56,False,
0.350_-0.500_0.560,R,lower,1,auto,safe,False,True,1.859168474148733,0.35,-0.5,0.56,False,
0.350_-0.500_0.560,R,lower,2,auto,safe,False,True,1.2500516085481124,0.35,-0.5,0.56,True,figures/0p350_-0p500_0p560_R_ik2_safe_BEST.png
0.350_-0.500_0.560,R,lower,3,auto,safe,False,True,2.198623783323486,0.35,-0.5,0.56,False,
0.350_-0.500_0.560,R,lower,4,auto,safe,False,True,1.9608188674222848,0.35,-0.5,0.56,False,
0.350_-0.500_0.560,R,lower,5,auto,safe,False,True,2.112392755890055,0.35,-0.5,0.56,False,
0.350_-0.500_0.560,R,lower,6,auto,safe,False,True,1.576398725230149,0.35,-0.5,0.56,False,
0.350_-0.500_0.560,R,lower,7,auto,safe,False,True,2.6981423290629647,0.35,-0.5,0.56,False,
0.350_-0.550_0.560,R,lower,0,auto,safe,False,True,1.8595836014414118,0.35,-0.55,0.56,False,
0.350_-0.550_0.560,R,lower,1,auto,safe,False,True,1.5475765386440987,0.35,-0.55,0.56,False,
0.350_-0.550_0.560,R,lower,2,auto,safe,False,True,1.4056217470515953,0.35,-0.55,0.56,True,figures/0p350_-0p550_0p560_R_ik2_safe_BEST.png
0.350_-0.550_0.560,R,lower,3,auto,safe,False,True,1.5710604648791184,0.35,-0.55,0.56,False,
0.350_-0.550_0.560,R,lower,4,auto,safe,False,True,2.0770187666973037,0.35,-0.55,0.56,False,
0.350_-0.550_0.560,R,lower,5,auto,safe,False,True,1.853047502404505,0.35,-0.55,0.56,False,
0.350_-0.550_0.560,R,lower,6,auto,safe,False,True,2.538667440867079,0.35,-0.55,0.56,False,
0.350_-0.550_0.560,R,lower,7,auto,safe,False,True,1.6317508900720918,0.35,-0.55,0.56,False,
0.350_-0.600_0.560,R,lower,0,auto,safe,False,True,0.8827364564661808,0.35,-0.6,0.56,True,figures/0p350_-0p600_0p560_R_ik0_safe_BEST.png
0.350_-0.600_0.560,R,lower,1,auto,safe,False,True,2.02864960414062,0.35,-0.6,0.56,False,
0.350_-0.600_0.560,R,lower,2,auto,safe,False,True,1.7486494167118605,0.35,-0.6,0.56,False,
0.350_-0.600_0.560,R,lower,3,auto,safe,False,True,1.2931229755434552,0.35,-0.6,0.56,False,
0.350_-0.600_0.560,R,lower,4,auto,safe,False,True,2.0910270942063622,0.35,-0.6,0.56,False,
0.350_-0.600_0.560,R,lower,5,auto,safe,False,True,1.8144132966821498,0.35,-0.6,0.56,False,
0.350_-0.600_0.560,R,lower,6,auto,safe,False,True,1.9510502092646362,0.35,-0.6,0.56,False,
0.350_-0.600_0.560,R,lower,7,auto,safe,False,True,2.2257573698533477,0.35,-0.6,0.56,False,
0.350_0.300_0.560,R,upper,0,auto,safe,False,True,2.3750823100811713,0.35,0.3,0.56,False,
0.350_0.300_0.560,R,upper,1,auto,safe,False,True,2.4354850129679293,0.35,0.3,0.56,False,
0.350_0.300_0.560,R,upper,2,auto,safe,False,True,2.259448398156338,0.35,0.3,0.56,False,
0.350_0.300_0.560,R,upper,3,auto,safe,False,True,1.8265485396606258,0.35,0.3,0.56,False,
0.350_0.300_0.560,R,upper,4,auto,safe,False,True,1.9389665226634283,0.35,0.3,0.56,False,
0.350_0.300_0.560,R,upper,5,auto,safe,False,True,1.7568803497018366,0.35,0.3,0.56,True,figures/0p350_0p300_0p560_R_ik5_safe_BEST.png
0.350_0.300_0.560,R,upper,6,auto,safe,False,True,2.421921489918894,0.35,0.3,0.56,False,
0.350_0.300_0.560,R,upper,7,auto,safe,False,True,2.8269304720253947,0.35,0.3,0.56,False,
0.350_0.350_0.560,R,upper,0,auto,safe,False,True,2.8128868394633715,0.35,0.35,0.56,False,
0.350_0.350_0.560,R,upper,1,auto,safe,False,True,2.4989999999525025,0.35,0.35,0.56,False,
0.350_0.350_0.560,R,upper,2,auto,safe,False,True,2.4844500594527013,0.35,0.35,0.56,False,
0.350_0.350_0.560,R,upper,3,auto,safe,False,True,3.059088219543214,0.35,0.35,0.56,False,
0.350_0.350_0.560,R,upper,4,auto,safe,False,True,3.2784645426132535,0.35,0.35,0.56,False,
0.350_0.350_0.560,R,upper,5,auto,safe,False,True,1.9858045416346273,0.35,0.35,0.56,True,figures/0p350_0p350_0p560_R_ik5_safe_BEST.png
0.350_0.350_0.560,R,upper,6,auto,safe,False,True,2.4868073954889938,0.35,0.35,0.56,False,
0.350_0.350_0.560,R,upper,7,auto,safe,False,True,2.164911110714524,0.35,0.35,0.56,False,
0.350_0.400_0.560,R,upper,0,auto,safe,False,True,2.4817044234165397,0.35,0.4,0.56,False,
0.350_0.400_0.560,R,upper,1,auto,safe,False,True,1.8147497166889632,0.35,0.4,0.56,False,
0.350_0.400_0.560,R,upper,2,auto,safe,False,True,2.30663461246798,0.35,0.4,0.56,False,
0.350_0.400_0.560,R,upper,3,auto,safe,False,True,2.5798026216526253,0.35,0.4,0.56,False,
0.350_0.400_0.560,R,upper,4,auto,safe,False,True,1.8500896859243259,0.35,0.4,0.56,False,
0.350_0.400_0.560,R,upper,5,auto,safe,False,True,1.517843035109187,0.35,0.4,0.56,False,
0.350_0.400_0.560,R,upper,6,auto,safe,False,True,2.7525797750770407,0.35,0.4,0.56,False,
0.350_0.400_0.560,R,upper,7,auto,safe,False,True,1.2126604230711502,0.35,0.4,0.56,True,figures/0p350_0p400_0p560_R_ik7_safe_BEST.png
0.350_0.450_0.560,R,upper,0,auto,safe,False,True,2.680497228695536,0.35,0.45,0.56,False,
0.350_0.450_0.560,R,upper,1,auto,safe,False,True,2.2905744772495695,0.35,0.45,0.56,False,
0.350_0.450_0.560,R,upper,2,auto,safe,False,True,1.7980941565010675,0.35,0.45,0.56,True,figures/0p350_0p450_0p560_R_ik2_safe_BEST.png
0.350_0.450_0.560,R,upper,3,auto,safe,False,True,2.264486497930472,0.35,0.45,0.56,False,
0.350_0.450_0.560,R,upper,4,auto,safe,False,True,2.0553887146744048,0.35,0.45,0.56,False,
0.350_0.450_0.560,R,upper,5,auto,safe,False,True,2.0777228445630262,0.35,0.45,0.56,False,
0.350_0.450_0.560,R,upper,6,auto,safe,False,True,2.4627509150271707,0.35,0.45,0.56,False,
0.350_0.450_0.560,R,upper,7,auto,safe,False,True,2.35690871077605,0.35,0.45,0.56,False,
0.350_0.500_0.560,R,upper,0,auto,safe,False,True,1.8894444739709702,0.35,0.5,0.56,True,figures/0p350_0p500_0p560_R_ik0_safe_BEST.png
0.350_0.500_0.560,R,upper,1,auto,safe,False,True,2.084036178388497,0.35,0.5,0.56,False,
0.350_0.500_0.560,R,upper,2,auto,safe,False,True,2.0420311805866582,0.35,0.5,0.56,False,
0.350_0.500_0.560,R,upper,3,auto,safe,False,True,2.380978219108499,0.35,0.5,0.56,False,
0.350_0.500_0.560,R,upper,4,auto,safe,False,True,2.3284036456101918,0.35,0.5,0.56,False,
0.350_0.500_0.560,R,upper,5,auto,safe,False,True,1.8903755952281345,0.35,0.5,0.56,False,
0.350_0.500_0.560,R,upper,6,auto,safe,False,True,2.560274604112558,0.35,0.5,0.56,False,
0.350_0.500_0.560,R,upper,7,auto,safe,False,True,2.2348894990973363,0.35,0.5,0.56,False,
0.350_0.550_0.560,R,upper,0,auto,safe,False,True,2.6328482149368,0.35,0.55,0.56,False,
0.350_0.550_0.560,R,upper,1,auto,safe,False,True,2.4027022441027395,0.35,0.55,0.56,False,
0.350_0.550_0.560,R,upper,2,auto,safe,False,True,2.3687419084026384,0.35,0.55,0.56,False,
0.350_0.550_0.560,R,upper,3,auto,safe,False,True,1.9971950401963765,0.35,0.55,0.56,False,
0.350_0.550_0.560,R,upper,4,auto,safe,False,True,2.486042345613937,0.35,0.55,0.56,False,
0.350_0.550_0.560,R,upper,5,auto,safe,False,True,2.7349032337879216,0.35,0.55,0.56,False,
0.350_0.550_0.560,R,upper,6,auto,safe,False,True,1.9485581827247176,0.35,0.55,0.56,True,figures/0p350_0p550_0p560_R_ik6_safe_BEST.png
0.350_0.550_0.560,R,upper,7,auto,safe,False,True,2.637127513761371,0.35,0.55,0.56,False,
0.400_-0.300_0.560,R,lower,0,auto,safe,False,True,1.9911584873211896,0.4,-0.3,0.56,False,
0.400_-0.300_0.560,R,lower,1,auto,safe,False,True,2.8544992977864907,0.4,-0.3,0.56,False,
0.400_-0.300_0.560,R,lower,2,auto,safe,False,True,2.0367798205781207,0.4,-0.3,0.56,False,
0.400_-0.300_0.560,R,lower,3,auto,safe,False,True,1.171874799676399,0.4,-0.3,0.56,True,figures/0p400_-0p300_0p560_R_ik3_safe_BEST.png
0.400_-0.300_0.560,R,lower,4,auto,safe,False,True,1.2215045161440274,0.4,-0.3,0.56,False,
0.400_-0.300_0.560,R,lower,5,auto,safe,False,True,1.3828497855668522,0.4,-0.3,0.56,False,
0.400_-0.300_0.560,R,lower,6,auto,safe,False,True,2.022750894374367,0.4,-0.3,0.56,False,
0.400_-0.300_0.560,R,lower,7,auto,safe,False,True,1.8501885167382026,0.4,-0.3,0.56,False,
0.400_-0.350_0.560,R,lower,0,auto,safe,False,True,1.1264158470565717,0.4,-0.35,0.56,False,
0.400_-0.350_0.560,R,lower,1,auto,safe,False,True,2.5630452777212294,0.4,-0.35,0.56,False,
0.400_-0.350_0.560,R,lower,2,auto,safe,False,True,1.1217265913040249,0.4,-0.35,0.56,True,figures/0p400_-0p350_0p560_R_ik2_safe_BEST.png
0.400_-0.350_0.560,R,lower,3,auto,safe,False,True,2.0079310111388993,0.4,-0.35,0.56,False,
0.400_-0.350_0.560,R,lower,4,auto,safe,False,True,2.031639483135468,0.4,-0.35,0.56,False,
0.400_-0.350_0.560,R,lower,5,auto,safe,False,True,1.7877932840009088,0.4,-0.35,0.56,False,
0.400_-0.350_0.560,R,lower,6,auto,safe,False,True,1.8215815575494947,0.4,-0.35,0.56,False,
0.400_-0.350_0.560,R,lower,7,auto,safe,False,True,2.062166733530006,0.4,-0.35,0.56,False,
0.400_-0.400_0.560,R,lower,0,auto,safe,False,True,2.328109575773022,0.4,-0.4,0.56,False,
0.400_-0.400_0.560,R,lower,1,auto,safe,False,True,2.195322991518905,0.4,-0.4,0.56,False,
0.400_-0.400_0.560,R,lower,2,auto,safe,False,True,2.0640279402606563,0.4,-0.4,0.56,False,
0.400_-0.400_0.560,R,lower,3,auto,safe,False,True,1.806429912854228,0.4,-0.4,0.56,False,
0.400_-0.400_0.560,R,lower,4,auto,safe,False,True,1.828234916220407,0.4,-0.4,0.56,False,
0.400_-0.400_0.560,R,lower,5,auto,safe,False,True,1.0661888787303795,0.4,-0.4,0.56,True,figures/0p400_-0p400_0p560_R_ik5_safe_BEST.png
0.400_-0.400_0.560,R,lower,6,auto,safe,False,True,2.0046619945004,0.4,-0.4,0.56,False,
0.400_-0.400_0.560,R,lower,7,auto,safe,False,True,1.638489715913793,0.4,-0.4,0.56,False,
0.400_-0.450_0.560,R,lower,0,auto,safe,False,True,1.6979180037552226,0.4,-0.45,0.56,False,
0.400_-0.450_0.560,R,lower,1,auto,safe,False,True,1.8604860653399236,0.4,-0.45,0.56,False,
0.400_-0.450_0.560,R,lower,2,auto,safe,False,True,1.6105797696110162,0.4,-0.45,0.56,False,
0.400_-0.450_0.560,R,lower,3,auto,safe,False,True,2.07350286463764,0.4,-0.45,0.56,False,
0.400_-0.450_0.560,R,lower,4,auto,safe,False,True,1.5501946610176631,0.4,-0.45,0.56,False,
0.400_-0.450_0.560,R,lower,5,auto,safe,False,True,1.2779152634333502,0.4,-0.45,0.56,True,figures/0p400_-0p450_0p560_R_ik5_safe_BEST.png
0.400_-0.450_0.560,R,lower,6,auto,safe,False,True,2.593839454585755,0.4,-0.45,0.56,False,
0.400_-0.450_0.560,R,lower,7,auto,safe,False,True,2.1411555763739614,0.4,-0.45,0.56,False,
0.400_-0.500_0.560,R,lower,0,auto,safe,False,True,1.6013301584493993,0.4,-0.5,0.56,False,
0.400_-0.500_0.560,R,lower,1,auto,safe,False,True,1.2431845224734293,0.4,-0.5,0.56,True,figures/0p400_-0p500_0p560_R_ik1_safe_BEST.png
0.400_-0.500_0.560,R,lower,2,auto,safe,False,True,1.9000020252754015,0.4,-0.5,0.56,False,
0.400_-0.500_0.560,R,lower,3,auto,safe,False,True,1.8551831495482822,0.4,-0.5,0.56,False,
0.400_-0.500_0.560,R,lower,4,auto,safe,False,True,2.00736820672729,0.4,-0.5,0.56,False,
0.400_-0.500_0.560,R,lower,5,auto,safe,False,True,2.3784281410451618,0.4,-0.5,0.56,False,
0.400_-0.500_0.560,R,lower,6,auto,safe,False,True,2.3377096415994165,0.4,-0.5,0.56,False,
0.400_-0.500_0.560,R,lower,7,auto,safe,False,True,2.2955701060790594,0.4,-0.5,0.56,False,
0.400_-0.550_0.560,R,lower,0,auto,safe,False,True,1.29476090034359,0.4,-0.55,0.56,False,
0.400_-0.550_0.560,R,lower,1,auto,safe,False,True,2.028171733158561,0.4,-0.55,0.56,False,
0.400_-0.550_0.560,R,lower,2,auto,safe,False,True,0.7731492577264065,0.4,-0.55,0.56,True,figures/0p400_-0p550_0p560_R_ik2_safe_BEST.png
0.400_-0.550_0.560,R,lower,3,auto,safe,False,True,1.346919913275384,0.4,-0.55,0.56,False,
0.400_-0.550_0.560,R,lower,4,auto,safe,False,True,0.8573097396674796,0.4,-0.55,0.56,False,
0.400_-0.550_0.560,R,lower,5,auto,safe,False,True,1.8884955875025016,0.4,-0.55,0.56,False,
0.400_-0.550_0.560,R,lower,6,auto,safe,False,True,2.2683883848734,0.4,-0.55,0.56,False,
0.400_-0.550_0.560,R,lower,7,auto,safe,False,True,1.9770554398109121,0.4,-0.55,0.56,False,
0.400_-0.600_0.560,R,lower,0,auto,safe,False,True,1.5300915931570458,0.4,-0.6,0.56,False,
0.400_-0.600_0.560,R,lower,1,auto,safe,False,True,2.014967035544115,0.4,-0.6,0.56,False,
0.400_-0.600_0.560,R,lower,2,auto,safe,False,True,1.1165223174666101,0.4,-0.6,0.56,False,
0.400_-0.600_0.560,R,lower,3,auto,safe,False,True,1.8357607663558069,0.4,-0.6,0.56,False,
0.400_-0.600_0.560,R,lower,4,auto,safe,False,True,1.943912371415191,0.4,-0.6,0.56,False,
0.400_-0.600_0.560,R,lower,5,auto,safe,False,True,0.7906525932985673,0.4,-0.6,0.56,True,figures/0p400_-0p600_0p560_R_ik5_safe_BEST.png
0.400_-0.600_0.560,R,lower,6,auto,safe,False,True,1.097031230040045,0.4,-0.6,0.56,False,
0.400_-0.600_0.560,R,lower,7,auto,safe,False,True,2.0474432307293524,0.4,-0.6,0.56,False,
0.400_0.300_0.560,R,upper,0,auto,safe,False,True,2.6668163403492313,0.4,0.3,0.56,False,
0.400_0.300_0.560,R,upper,1,auto,safe,False,True,2.146988895453187,0.4,0.3,0.56,False,
0.400_0.300_0.560,R,upper,2,auto,safe,False,True,1.899798939350905,0.4,0.3,0.56,True,figures/0p400_0p300_0p560_R_ik2_safe_BEST.png
0.400_0.300_0.560,R,upper,3,auto,safe,False,True,2.5070993284853573,0.4,0.3,0.56,False,
0.400_0.300_0.560,R,upper,4,auto,safe,False,True,2.416819853559578,0.4,0.3,0.56,False,
0.400_0.300_0.560,R,upper,5,auto,safe,False,True,2.052290347860135,0.4,0.3,0.56,False,
0.400_0.300_0.560,R,upper,6,auto,safe,False,True,2.4081969200832964,0.4,0.3,0.56,False,
0.400_0.300_0.560,R,upper,7,auto,safe,False,True,2.050326046004325,0.4,0.3,0.56,False,
0.400_0.350_0.560,R,upper,0,auto,safe,False,True,2.2627610578421473,0.4,0.35,0.56,False,
0.400_0.350_0.560,R,upper,1,auto,safe,False,True,2.9395754460322605,0.4,0.35,0.56,False,
0.400_0.350_0.560,R,upper,2,auto,safe,False,True,2.152440210071259,0.4,0.35,0.56,True,figures/0p400_0p350_0p560_R_ik2_safe_BEST.png
0.400_0.350_0.560,R,upper,3,auto,safe,False,True,2.5262723661136097,0.4,0.35,0.56,False,
0.400_0.350_0.560,R,upper,4,auto,safe,False,True,2.7387061446227507,0.4,0.35,0.56,False,
0.400_0.350_0.560,R,upper,5,auto,safe,False,True,2.166598518253274,0.4,0.35,0.56,False,
0.400_0.350_0.560,R,upper,6,auto,safe,False,True,2.5999999046325684,0.4,0.35,0.56,False,
0.400_0.350_0.560,R,upper,7,auto,safe,False,True,2.488989788511401,0.4,0.35,0.56,False,
0.400_0.400_0.560,R,upper,0,auto,safe,False,True,2.4989999999525025,0.4,0.4,0.56,False,
0.400_0.400_0.560,R,upper,1,auto,safe,False,True,2.4854999054640103,0.4,0.4,0.56,False,
0.400_0.400_0.560,R,upper,2,auto,safe,False,True,1.2469806547196884,0.4,0.4,0.56,True,figures/0p400_0p400_0p560_R_ik2_safe_BEST.png
0.400_0.400_0.560,R,upper,3,auto,safe,False,True,1.9096616788874476,0.4,0.4,0.56,False,
0.400_0.400_0.560,R,upper,4,auto,safe,False,True,2.549631502338605,0.4,0.4,0.56,False,
0.400_0.400_0.560,R,upper,5,auto,safe,False,True,1.648847564512149,0.4,0.4,0.56,False,
0.400_0.400_0.560,R,upper,6,auto,safe,False,True,2.129055396339539,0.4,0.4,0.56,False,
0.400_0.400_0.560,R,upper,7,auto,safe,False,True,2.5726804855252077,0.4,0.4,0.56,False,
0.400_0.450_0.560,R,upper,0,auto,safe,False,True,1.4496685192615697,0.4,0.45,0.56,True,figures/0p400_0p450_0p560_R_ik0_safe_BEST.png
0.400_0.450_0.560,R,upper,1,auto,safe,False,True,3.0403035217265266,0.4,0.45,0.56,False,
0.400_0.450_0.560,R,upper,2,auto,safe,False,True,2.689391768714035,0.4,0.45,0.56,False,
0.400_0.450_0.560,R,upper,3,auto,safe,False,True,2.5999264270491587,0.4,0.45,0.56,False,
0.400_0.450_0.560,R,upper,4,auto,safe,False,True,2.402128735642198,0.4,0.45,0.56,False,
0.400_0.450_0.560,R,upper,5,auto,safe,False,True,2.035574211177144,0.4,0.45,0.56,False,
0.400_0.450_0.560,R,upper,6,auto,safe,False,True,1.8742014887487914,0.4,0.45,0.56,False,
0.400_0.450_0.560,R,upper,7,auto,safe,False,True,1.7803779515725986,0.4,0.45,0.56,False,
0.400_0.500_0.560,R,upper,0,auto,safe,False,True,1.9624381044091312,0.4,0.5,0.56,False,
0.400_0.500_0.560,R,upper,1,auto,safe,False,True,2.4005221757121644,0.4,0.5,0.56,False,
0.400_0.500_0.560,R,upper,2,auto,safe,False,True,2.187415306065059,0.4,0.5,0.56,False,
0.400_0.500_0.560,R,upper,3,auto,safe,False,True,1.786563980960342,0.4,0.5,0.56,True,figures/0p400_0p500_0p560_R_ik3_safe_BEST.png
0.400_0.500_0.560,R,upper,4,auto,safe,False,True,2.628675685173951,0.4,0.5,0.56,False,
0.400_0.500_0.560,R,upper,5,auto,safe,False,True,2.167298474005941,0.4,0.5,0.56,False,
0.400_0.500_0.560,R,upper,6,auto,safe,False,True,2.135996038823601,0.4,0.5,0.56,False,
0.400_0.500_0.560,R,upper,7,auto,safe,False,True,2.1465885297109892,0.4,0.5,0.56,False,
0.400_0.550_0.560,R,upper,0,auto,safe,False,True,2.879594149477742,0.4,0.55,0.56,False,
0.400_0.550_0.560,R,upper,1,auto,safe,False,True,2.7094030612433864,0.4,0.55,0.56,False,
0.400_0.550_0.560,R,upper,2,auto,safe,False,True,2.108205896125938,0.4,0.55,0.56,True,figures/0p400_0p550_0p560_R_ik2_safe_BEST.png
0.400_0.550_0.560,R,upper,3,auto,safe,False,True,2.198200455827621,0.4,0.55,0.56,False,
0.400_0.550_0.560,R,upper,4,auto,safe,False,True,2.3100987909890076,0.4,0.55,0.56,False,
0.400_0.550_0.560,R,upper,5,auto,safe,False,True,2.8947964773817887,0.4,0.55,0.56,False,
0.400_0.550_0.560,R,upper,6,auto,safe,False,True,2.1148831708948674,0.4,0.55,0.56,False,
0.400_0.550_0.560,R,upper,7,auto,safe,False,True,2.883949072229167,0.4,0.55,0.56,False,
0.450_-0.300_0.560,R,lower,0,auto,safe,False,True,1.547833990460145,0.45,-0.3,0.56,False,
0.450_-0.300_0.560,R,lower,1,auto,safe,False,True,1.8577565008948502,0.45,-0.3,0.56,False,
0.450_-0.300_0.560,R,lower,2,auto,safe,False,True,1.8513043943032246,0.45,-0.3,0.56,False,
0.450_-0.300_0.560,R,lower,3,auto,safe,False,True,1.4503346766972798,0.45,-0.3,0.56,False,
0.450_-0.300_0.560,R,lower,4,auto,safe,False,True,1.656737726100011,0.45,-0.3,0.56,False,
0.450_-0.300_0.560,R,lower,5,auto,safe,False,True,1.2029737610227391,0.45,-0.3,0.56,True,figures/0p450_-0p300_0p560_R_ik5_safe_BEST.png
0.450_-0.300_0.560,R,lower,6,auto,safe,False,True,1.9640033550050116,0.45,-0.3,0.56,False,
0.450_-0.300_0.560,R,lower,7,auto,safe,False,True,1.651144170144197,0.45,-0.3,0.56,False,
0.450_-0.350_0.560,R,lower,0,auto,safe,False,True,1.5103694901048779,0.45,-0.35,0.56,True,figures/0p450_-0p350_0p560_R_ik0_safe_BEST.png
0.450_-0.350_0.560,R,lower,1,auto,safe,False,True,1.733783770052467,0.45,-0.35,0.56,False,
0.450_-0.350_0.560,R,lower,2,auto,safe,False,True,1.703218649195243,0.45,-0.35,0.56,False,
0.450_-0.350_0.560,R,lower,3,auto,safe,False,True,1.7123469810758114,0.45,-0.35,0.56,False,
0.450_-0.350_0.560,R,lower,4,auto,safe,False,True,1.8973823589813983,0.45,-0.35,0.56,False,
0.450_-0.350_0.560,R,lower,5,auto,safe,False,True,2.7421256031536236,0.45,-0.35,0.56,False,
0.450_-0.350_0.560,R,lower,6,auto,safe,False,True,1.9698654633871113,0.45,-0.35,0.56,False,
0.450_-0.350_0.560,R,lower,7,auto,safe,False,True,1.7293921834093346,0.45,-0.35,0.56,False,
0.450_-0.400_0.560,R,lower,0,auto,safe,False,True,1.4133716394557314,0.45,-0.4,0.56,False,
0.450_-0.400_0.560,R,lower,1,auto,safe,False,True,0.990008784850172,0.45,-0.4,0.56,False,
0.450_-0.400_0.560,R,lower,2,auto,safe,False,True,1.1505370416776604,0.45,-0.4,0.56,False,
0.450_-0.400_0.560,R,lower,3,auto,safe,False,True,1.483069972430215,0.45,-0.4,0.56,False,
0.450_-0.400_0.560,R,lower,4,auto,safe,False,True,0.6751152156753135,0.45,-0.4,0.56,True,figures/0p450_-0p400_0p560_R_ik4_safe_BEST.png
0.450_-0.400_0.560,R,lower,5,auto,safe,False,True,1.4953765076662688,0.45,-0.4,0.56,False,
0.450_-0.400_0.560,R,lower,6,auto,safe,False,True,2.0538963948450046,0.45,-0.4,0.56,False,
0.450_-0.400_0.560,R,lower,7,auto,safe,False,True,1.9398955936044038,0.45,-0.4,0.56,False,
0.450_-0.450_0.560,R,lower,0,auto,safe,False,True,1.5285204245430055,0.45,-0.45,0.56,False,
0.450_-0.450_0.560,R,lower,1,auto,safe,False,True,2.070532815657682,0.45,-0.45,0.56,False,
0.450_-0.450_0.560,R,lower,2,auto,safe,False,True,1.1533647291760465,0.45,-0.45,0.56,True,figures/0p450_-0p450_0p560_R_ik2_safe_BEST.png
0.450_-0.450_0.560,R,lower,3,auto,safe,False,True,2.6180407777285875,0.45,-0.45,0.56,False,
0.450_-0.450_0.560,R,lower,4,auto,safe,False,True,1.8616712507232815,0.45,-0.45,0.56,False,
0.450_-0.450_0.560,R,lower,5,auto,safe,False,True,1.2256007268049955,0.45,-0.45,0.56,False,
0.450_-0.450_0.560,R,lower,6,auto,safe,False,True,2.633042937824366,0.45,-0.45,0.56,False,
0.450_-0.450_0.560,R,lower,7,auto,safe,False,True,1.268260750417343,0.45,-0.45,0.56,False,
0.450_-0.500_0.560,R,lower,0,auto,safe,False,True,1.823641158082063,0.45,-0.5,0.56,False,
0.450_-0.500_0.560,R,lower,1,auto,safe,False,True,2.2463749922899177,0.45,-0.5,0.56,False,
0.450_-0.500_0.560,R,lower,2,auto,safe,False,True,1.2245301910957762,0.45,-0.5,0.56,False,
0.450_-0.500_0.560,R,lower,3,auto,safe,False,True,1.1004021071823793,0.45,-0.5,0.56,False,
0.450_-0.500_0.560,R,lower,4,auto,safe,False,True,1.3886268276215727,0.45,-0.5,0.56,False,
0.450_-0.500_0.560,R,lower,5,auto,safe,False,True,1.0555770998404073,0.45,-0.5,0.56,True,figures/0p450_-0p500_0p560_R_ik5_safe_BEST.png
0.450_-0.500_0.560,R,lower,6,auto,safe,False,True,2.2327830954024717,0.45,-0.5,0.56,False,
0.450_-0.500_0.560,R,lower,7,auto,safe,False,True,1.442634923244722,0.45,-0.5,0.56,False,
0.450_-0.550_0.560,R,lower,0,auto,safe,False,True,1.4887333641761002,0.45,-0.55,0.56,False,
0.450_-0.550_0.560,R,lower,1,auto,safe,False,True,1.3844888884858861,0.45,-0.55,0.56,False,
0.450_-0.550_0.560,R,lower,2,auto,safe,False,True,1.7791735114921403,0.45,-0.55,0.56,False,
0.450_-0.550_0.560,R,lower,3,auto,safe,False,True,1.8548116391850766,0.45,-0.55,0.56,False,
0.450_-0.550_0.560,R,lower,4,auto,safe,False,True,2.17972292596185,0.45,-0.55,0.56,False,
0.450_-0.550_0.560,R,lower,5,auto,safe,False,True,1.7133345986525157,0.45,-0.55,0.56,False,
0.450_-0.550_0.560,R,lower,6,auto,safe,False,True,0.7283429395148011,0.45,-0.55,0.56,True,figures/0p450_-0p550_0p560_R_ik6_safe_BEST.png
0.450_-0.550_0.560,R,lower,7,auto,safe,False,True,1.5834351434028555,0.45,-0.55,0.56,False,
0.450_-0.600_0.560,R,lower,0,auto,safe,False,True,1.4521686815168289,0.45,-0.6,0.56,False,
0.450_-0.600_0.560,R,lower,1,auto,safe,False,True,0.5282807022615872,0.45,-0.6,0.56,True,figures/0p450_-0p600_0p560_R_ik1_safe_BEST.png
0.450_-0.600_0.560,R,lower,2,auto,safe,False,True,1.7039525901432844,0.45,-0.6,0.56,False,
0.450_-0.600_0.560,R,lower,3,auto,safe,False,True,2.235121926990054,0.45,-0.6,0.56,False,
0.450_-0.600_0.560,R,lower,4,auto,safe,False,True,1.9442848439420746,0.45,-0.6,0.56,False,
0.450_-0.600_0.560,R,lower,5,auto,safe,False,True,1.7863288256673018,0.45,-0.6,0.56,False,
0.450_-0.600_0.560,R,lower,6,auto,safe,False,True,1.64189866610127,0.45,-0.6,0.56,False,
0.450_-0.600_0.560,R,lower,7,auto,safe,False,True,1.753505561640191,0.45,-0.6,0.56,False,
0.450_0.300_0.560,R,upper,0,auto,safe,False,True,1.8803982163565296,0.45,0.3,0.56,True,figures/0p450_0p300_0p560_R_ik0_safe_BEST.png
0.450_0.300_0.560,R,upper,1,auto,safe,False,True,2.3539820495821373,0.45,0.3,0.56,False,
0.450_0.300_0.560,R,upper,2,auto,safe,False,True,2.4337514659499395,0.45,0.3,0.56,False,
0.450_0.300_0.560,R,upper,3,auto,safe,False,True,2.3885219527534827,0.45,0.3,0.56,False,
0.450_0.300_0.560,R,upper,4,auto,safe,False,True,2.3608448029002815,0.45,0.3,0.56,False,
0.450_0.300_0.560,R,upper,5,auto,safe,False,True,2.852425130213633,0.45,0.3,0.56,False,
0.450_0.300_0.560,R,upper,6,auto,safe,False,True,2.123795634665738,0.45,0.3,0.56,False,
0.450_0.300_0.560,R,upper,7,auto,safe,False,True,2.2139921393505038,0.45,0.3,0.56,False,
0.450_0.350_0.560,R,upper,0,auto,safe,False,True,2.9811914489142346,0.45,0.35,0.56,False,
0.450_0.350_0.560,R,upper,1,auto,safe,False,True,2.4778953884377195,0.45,0.35,0.56,False,
0.450_0.350_0.560,R,upper,2,auto,safe,False,True,2.381631132656729,0.45,0.35,0.56,False,
0.450_0.350_0.560,R,upper,3,auto,safe,False,True,2.679406450137988,0.45,0.35,0.56,False,
0.450_0.350_0.560,R,upper,4,auto,safe,False,True,2.6934218885548793,0.45,0.35,0.56,False,
0.450_0.350_0.560,R,upper,5,auto,safe,False,True,1.7248928102798642,0.45,0.35,0.56,True,figures/0p450_0p350_0p560_R_ik5_safe_BEST.png
0.450_0.350_0.560,R,upper,6,auto,safe,False,True,2.258298318676782,0.45,0.35,0.56,False,
0.450_0.350_0.560,R,upper,7,auto,safe,False,True,2.989593544206207,0.45,0.35,0.56,False,
0.450_0.400_0.560,R,upper,0,auto,safe,False,True,1.9356300316706796,0.45,0.4,0.56,False,
0.450_0.400_0.560,R,upper,1,auto,safe,False,True,2.4652475659434856,0.45,0.4,0.56,False,
0.450_0.400_0.560,R,upper,2,auto,safe,False,True,1.7161329853791991,0.45,0.4,0.56,True,figures/0p450_0p400_0p560_R_ik2_safe_BEST.png
0.450_0.400_0.560,R,upper,3,auto,safe,False,True,1.8627552002307648,0.45,0.4,0.56,False,
0.450_0.400_0.560,R,upper,4,auto,safe,False,True,2.6504346652862245,0.45,0.4,0.56,False,
0.450_0.400_0.560,R,upper,5,auto,safe,False,True,1.9734825752970904,0.45,0.4,0.56,False,
0.450_0.400_0.560,R,upper,6,auto,safe,False,True,1.9858517079826206,0.45,0.4,0.56,False,
0.450_0.400_0.560,R,upper,7,auto,safe,False,True,2.999999935197,0.45,0.4,0.56,False,
0.450_0.450_0.560,R,upper,0,auto,safe,False,True,2.6003675049045745,0.45,0.45,0.56,False,
0.450_0.450_0.560,R,upper,1,auto,safe,False,True,2.6579968105057157,0.45,0.45,0.56,False,
0.450_0.450_0.560,R,upper,2,auto,safe,False,True,1.532884249172971,0.45,0.45,0.56,True,figures/0p450_0p450_0p560_R_ik2_safe_BEST.png
0.450_0.450_0.560,R,upper,3,auto,safe,False,True,1.8928245432881523,0.45,0.45,0.56,False,
0.450_0.450_0.560,R,upper,4,auto,safe,False,True,2.2436637303241636,0.45,0.45,0.56,False,
0.450_0.450_0.560,R,upper,5,auto,safe,False,True,2.107607969507058,0.45,0.45,0.56,False,
0.450_0.450_0.560,R,upper,6,auto,safe,False,True,2.7242436440682916,0.45,0.45,0.56,False,
0.450_0.450_0.560,R,upper,7,auto,safe,False,True,2.187705972909658,0.45,0.45,0.56,False,
0.450_0.500_0.560,R,upper,0,auto,safe,False,True,2.0007572907587,0.45,0.5,0.56,False,
0.450_0.500_0.560,R,upper,1,auto,safe,False,True,2.650478417775733,0.45,0.5,0.56,False,
0.450_0.500_0.560,R,upper,2,auto,safe,False,True,1.5708481932745046,0.45,0.5,0.56,True,figures/0p450_0p500_0p560_R_ik2_safe_BEST.png
0.450_0.500_0.560,R,upper,3,auto,safe,False,True,2.5112237787627665,0.45,0.5,0.56,False,
0.450_0.500_0.560,R,upper,4,auto,safe,False,True,2.5494157452274617,0.45,0.5,0.56,False,
0.450_0.500_0.560,R,upper,5,auto,safe,False,True,1.7776011269159735,0.45,0.5,0.56,False,
0.450_0.500_0.560,R,upper,6,auto,safe,False,True,2.863108462768068,0.45,0.5,0.56,False,
0.450_0.500_0.560,R,upper,7,auto,safe,False,True,1.9760850310291025,0.45,0.5,0.56,False,
0.450_0.550_0.560,R,upper,0,auto,safe,False,True,2.64291766540767,0.45,0.55,0.56,False,
0.450_0.550_0.560,R,upper,1,auto,safe,False,True,2.508882112262948,0.45,0.55,0.56,False,
0.450_0.550_0.560,R,upper,2,auto,safe,False,True,1.742886754970645,0.45,0.55,0.56,True,figures/0p450_0p550_0p560_R_ik2_safe_BEST.png
0.450_0.550_0.560,R,upper,3,auto,safe,False,True,2.607697547728045,0.45,0.55,0.56,False,
0.450_0.550_0.560,R,upper,4,auto,safe,False,True,2.496637987562302,0.45,0.55,0.56,False,
0.450_0.550_0.560,R,upper,5,auto,safe,False,True,1.8075856121718745,0.45,0.55,0.56,False,
0.450_0.550_0.560,R,upper,6,auto,safe,False,True,2.6017109503851037,0.45,0.55,0.56,False,
0.450_0.550_0.560,R,upper,7,auto,safe,False,True,2.7179997399875404,0.45,0.55,0.56,False,
0.500_-0.300_0.560,R,lower,0,auto,safe,False,True,1.49016218537454,0.5,-0.3,0.56,True,figures/0p500_-0p300_0p560_R_ik0_safe_BEST.png
0.500_-0.300_0.560,R,lower,1,auto,safe,False,True,2.120468708066862,0.5,-0.3,0.56,False,
0.500_-0.300_0.560,R,lower,2,auto,safe,False,True,2.141139990294276,0.5,-0.3,0.56,False,
0.500_-0.300_0.560,R,lower,3,auto,safe,False,True,1.8562349283262973,0.5,-0.3,0.56,False,
0.500_-0.300_0.560,R,lower,4,auto,safe,False,True,1.593349612314344,0.5,-0.3,0.56,False,
0.500_-0.300_0.560,R,lower,5,auto,safe,False,True,2.1329475720148423,0.5,-0.3,0.56,False,
0.500_-0.300_0.560,R,lower,6,auto,safe,False,True,1.711578438110981,0.5,-0.3,0.56,False,
0.500_-0.300_0.560,R,lower,7,auto,safe,False,True,1.5726286544949368,0.5,-0.3,0.56,False,
0.500_-0.350_0.560,R,lower,0,auto,safe,False,True,1.977170743880952,0.5,-0.35,0.56,False,
0.500_-0.350_0.560,R,lower,1,auto,safe,False,True,1.8973129739958399,0.5,-0.35,0.56,False,
0.500_-0.350_0.560,R,lower,2,auto,safe,False,True,1.5344386346228234,0.5,-0.35,0.56,False,
0.500_-0.350_0.560,R,lower,3,auto,safe,False,True,1.3429076714900252,0.5,-0.35,0.56,False,
0.500_-0.350_0.560,R,lower,4,auto,safe,False,True,2.4856847484958786,0.5,-0.35,0.56,False,
0.500_-0.350_0.560,R,lower,5,auto,safe,False,True,1.4792118436639834,0.5,-0.35,0.56,False,
0.500_-0.350_0.560,R,lower,6,auto,safe,False,True,1.658210242935728,0.5,-0.35,0.56,False,
0.500_-0.350_0.560,R,lower,7,auto,safe,False,True,1.3335796015302792,0.5,-0.35,0.56,True,figures/0p500_-0p350_0p560_R_ik7_safe_BEST.png
0.500_-0.400_0.560,R,lower,0,auto,safe,False,True,1.4804111209634736,0.5,-0.4,0.56,False,
0.500_-0.400_0.560,R,lower,1,auto,safe,False,True,2.0739035217314754,0.5,-0.4,0.56,False,
0.500_-0.400_0.560,R,lower,2,auto,safe,False,True,2.2425630300059405,0.5,-0.4,0.56,False,
0.500_-0.400_0.560,R,lower,3,auto,safe,False,True,0.31723932635260255,0.5,-0.4,0.56,True,figures/0p500_-0p400_0p560_R_ik3_safe_BEST.png
0.500_-0.400_0.560,R,lower,4,auto,safe,False,True,1.6314431511491123,0.5,-0.4,0.56,False,
0.500_-0.400_0.560,R,lower,5,auto,safe,False,True,2.14431131167693,0.5,-0.4,0.56,False,
0.500_-0.400_0.560,R,lower,6,auto,safe,False,True,2.0445881108015107,0.5,-0.4,0.56,False,
0.500_-0.400_0.560,R,lower,7,auto,safe,False,True,1.055018204969758,0.5,-0.4,0.56,False,
0.500_-0.450_0.560,R,lower,0,auto,safe,False,True,1.7821695989230526,0.5,-0.45,0.56,False,
0.500_-0.450_0.560,R,lower,1,auto,safe,False,True,1.4051177450200112,0.5,-0.45,0.56,True,figures/0p500_-0p450_0p560_R_ik1_safe_BEST.png
0.500_-0.450_0.560,R,lower,2,auto,safe,False,True,1.6151964668879604,0.5,-0.45,0.56,False,
0.500_-0.450_0.560,R,lower,3,auto,safe,False,True,1.5226737899134966,0.5,-0.45,0.56,False,
0.500_-0.450_0.560,R,lower,4,auto,safe,False,True,2.238494349730515,0.5,-0.45,0.56,False,
0.500_-0.450_0.560,R,lower,5,auto,safe,False,True,1.9652792936206183,0.5,-0.45,0.56,False,
0.500_-0.450_0.560,R,lower,6,auto,safe,False,True,1.9778400210171172,0.5,-0.45,0.56,False,
0.500_-0.450_0.560,R,lower,7,auto,safe,False,True,1.5619151791354282,0.5,-0.45,0.56,False,
0.500_-0.500_0.560,R,lower,0,auto,safe,False,True,1.641664524189986,0.5,-0.5,0.56,False,
0.500_-0.500_0.560,R,lower,1,auto,safe,False,True,1.7646165795337914,0.5,-0.5,0.56,False,
0.500_-0.500_0.560,R,lower,2,auto,safe,False,True,1.466378076204081,0.5,-0.5,0.56,True,figures/0p500_-0p500_0p560_R_ik2_safe_BEST.png
0.500_-0.500_0.560,R,lower,3,auto,safe,False,True,1.50472300125227,0.5,-0.5,0.56,False,
0.500_-0.500_0.560,R,lower,4,auto,safe,False,True,2.217762600788662,0.5,-0.5,0.56,False,
0.500_-0.500_0.560,R,lower,5,auto,safe,False,True,1.82267503981449,0.5,-0.5,0.56,False,
0.500_-0.500_0.560,R,lower,6,auto,safe,False,True,1.496714342172929,0.5,-0.5,0.56,False,
0.500_-0.500_0.560,R,lower,7,auto,safe,False,True,1.9254213138134721,0.5,-0.5,0.56,False,
0.500_-0.550_0.560,R,lower,0,auto,safe,False,True,1.1441470897299792,0.5,-0.55,0.56,False,
0.500_-0.550_0.560,R,lower,1,auto,safe,False,True,0.71826324726065,0.5,-0.55,0.56,True,figures/0p500_-0p550_0p560_R_ik1_safe_BEST.png
0.500_-0.550_0.560,R,lower,2,auto,safe,False,True,2.0127703666983825,0.5,-0.55,0.56,False,
0.500_-0.550_0.560,R,lower,3,auto,safe,False,True,1.5949775975030673,0.5,-0.55,0.56,False,
0.500_-0.550_0.560,R,lower,4,auto,safe,False,True,1.780945220166645,0.5,-0.55,0.56,False,
0.500_-0.550_0.560,R,lower,5,auto,safe,False,True,2.1011163219811113,0.5,-0.55,0.56,False,
0.500_-0.550_0.560,R,lower,6,auto,safe,False,True,1.7289878088078052,0.5,-0.55,0.56,False,
0.500_-0.550_0.560,R,lower,7,auto,safe,False,True,2.109839271136402,0.5,-0.55,0.56,False,
0.500_-0.600_0.560,R,lower,0,auto,safe,False,True,1.8981163838107225,0.5,-0.6,0.56,False,
0.500_-0.600_0.560,R,lower,1,auto,safe,False,True,1.5288507833823815,0.5,-0.6,0.56,True,figures/0p500_-0p600_0p560_R_ik1_safe_BEST.png
0.500_-0.600_0.560,R,lower,2,auto,safe,False,True,2.120578243372532,0.5,-0.6,0.56,False,
0.500_-0.600_0.560,R,lower,3,auto,safe,False,True,6.266418245168171,0.5,-0.6,0.56,False,
0.500_0.300_0.560,R,upper,0,auto,safe,False,True,1.9763365768897097,0.5,0.3,0.56,False,
0.500_0.300_0.560,R,upper,1,auto,safe,False,True,2.519025143534298,0.5,0.3,0.56,False,
0.500_0.300_0.560,R,upper,2,auto,safe,False,True,1.9999767308949927,0.5,0.3,0.56,False,
0.500_0.300_0.560,R,upper,3,auto,safe,False,True,3.0,0.5,0.3,0.56,False,
0.500_0.300_0.560,R,upper,4,auto,safe,False,True,1.6344842553749321,0.5,0.3,0.56,True,figures/0p500_0p300_0p560_R_ik4_safe_BEST.png
0.500_0.300_0.560,R,upper,5,auto,safe,False,True,2.213982627462293,0.5,0.3,0.56,False,
0.500_0.300_0.560,R,upper,6,auto,safe,False,True,2.7376050847873037,0.5,0.3,0.56,False,
0.500_0.300_0.560,R,upper,7,auto,safe,False,True,2.9435991180620036,0.5,0.3,0.56,False,
0.500_0.350_0.560,R,upper,0,auto,safe,False,True,2.4919783401714124,0.5,0.35,0.56,False,
0.500_0.350_0.560,R,upper,1,auto,safe,False,True,2.311072000842435,0.5,0.35,0.56,False,
0.500_0.350_0.560,R,upper,2,auto,safe,False,True,2.5999999046325684,0.5,0.35,0.56,False,
0.500_0.350_0.560,R,upper,3,auto,safe,False,True,2.786723555858844,0.5,0.35,0.56,False,
0.500_0.350_0.560,R,upper,4,auto,safe,False,True,2.0960247520485598,0.5,0.35,0.56,True,figures/0p500_0p350_0p560_R_ik4_safe_BEST.png
0.500_0.350_0.560,R,upper,5,auto,safe,False,True,2.287684290361872,0.5,0.35,0.56,False,
0.500_0.350_0.560,R,upper,6,auto,safe,False,True,2.902145817615129,0.5,0.35,0.56,False,
0.500_0.350_0.560,R,upper,7,auto,safe,False,True,2.9933777166559583,0.5,0.35,0.56,False,
0.500_0.400_0.560,R,upper,0,auto,safe,False,True,2.9199142260463358,0.5,0.4,0.56,False,
0.500_0.400_0.560,R,upper,1,auto,safe,False,True,2.4277406613442247,0.5,0.4,0.56,False,
0.500_0.400_0.560,R,upper,2,auto,safe,False,True,2.2792450619240583,0.5,0.4,0.56,False,
0.500_0.400_0.560,R,upper,3,auto,safe,False,True,2.621931758135429,0.5,0.4,0.56,False,
0.500_0.400_0.560,R,upper,4,auto,safe,False,True,2.9040024729285436,0.5,0.4,0.56,False,
0.500_0.400_0.560,R,upper,5,auto,safe,False,True,2.0792534579875452,0.5,0.4,0.56,True,figures/0p500_0p400_0p560_R_ik5_safe_BEST.png
0.500_0.400_0.560,R,upper,6,auto,safe,False,True,2.925712968553235,0.5,0.4,0.56,False,
0.500_0.400_0.560,R,upper,7,auto,safe,False,True,2.368757526618618,0.5,0.4,0.56,False,
0.500_0.450_0.560,R,upper,0,auto,safe,False,True,2.4983777913027767,0.5,0.45,0.56,False,
0.500_0.450_0.560,R,upper,1,auto,safe,False,True,2.300192412785859,0.5,0.45,0.56,False,
0.500_0.450_0.560,R,upper,2,auto,safe,False,True,1.910493296420932,0.5,0.45,0.56,False,
0.500_0.450_0.560,R,upper,3,auto,safe,False,True,2.656112298333562,0.5,0.45,0.56,False,
0.500_0.450_0.560,R,upper,4,auto,safe,False,True,1.8496097615220863,0.5,0.45,0.56,True,figures/0p500_0p450_0p560_R_ik4_safe_BEST.png
0.500_0.450_0.560,R,upper,5,auto,safe,False,True,1.8531093830988148,0.5,0.45,0.56,False,
0.500_0.450_0.560,R,upper,6,auto,safe,False,True,2.6629793352238984,0.5,0.45,0.56,False,
0.500_0.450_0.560,R,upper,7,auto,safe,False,True,2.389238917716007,0.5,0.45,0.56,False,
0.500_0.500_0.560,R,upper,0,auto,safe,False,True,1.7245960075180924,0.5,0.5,0.56,False,
0.500_0.500_0.560,R,upper,1,auto,safe,False,True,2.2284169072237674,0.5,0.5,0.56,False,
0.500_0.500_0.560,R,upper,2,auto,safe,False,True,1.8973288471450522,0.5,0.5,0.56,False,
0.500_0.500_0.560,R,upper,3,auto,safe,False,True,2.359773794827885,0.5,0.5,0.56,False,
0.500_0.500_0.560,R,upper,4,auto,safe,False,True,2.2908094261825225,0.5,0.5,0.56,False,
0.500_0.500_0.560,R,upper,5,auto,safe,False,True,1.7074056632814774,0.5,0.5,0.56,True,figures/0p500_0p500_0p560_R_ik5_safe_BEST.png
0.500_0.500_0.560,R,upper,6,auto,safe,False,True,1.7999760787230734,0.5,0.5,0.56,False,
0.500_0.500_0.560,R,upper,7,auto,safe,False,True,1.8932290704722972,0.5,0.5,0.56,False,
0.500_0.550_0.560,R,upper,0,auto,safe,False,True,2.4981030388447962,0.5,0.55,0.56,False,
0.500_0.550_0.560,R,upper,1,auto,safe,False,True,2.516324864274945,0.5,0.55,0.56,False,
0.500_0.550_0.560,R,upper,2,auto,safe,False,True,2.340683842634398,0.5,0.55,0.56,True,figures/0p500_0p550_0p560_R_ik2_safe_BEST.png
0.500_0.550_0.560,R,upper,3,auto,safe,False,True,2.4036287651545996,0.5,0.55,0.56,False,
